Date,Train_ID,Kilometers_Run,Issues_Reported
2026-05-06,HMRL-50,687,0
2026-05-06,HMRL-53,666,0
2026-05-06,HMRL-11,637,0
2026-05-06,HMRL-20,619,0
2026-05-06,HMRL-07,687,0
2026-05-06,HMRL-38,582,0
2026-05-06,HMRL-02,522,0
2026-05-06,HMRL-57,615,0
2026-05-06,HMRL-37,618,0
2026-05-06,HMRL-44,671,0
2026-05-06,HMRL-25,507,0
2026-05-06,HMRL-26,583,0
2026-05-06,HMRL-46,554,0
2026-05-06,HMRL-13,566,0
2026-05-06,HMRL-05,652,0
2026-05-06,HMRL-55,570,0
2026-05-06,HMRL-41,632,0
2026-05-06,HMRL-16,521,0
2026-05-06,HMRL-56,604,0
2026-05-06,HMRL-59,694,0
2026-05-06,HMRL-39,621,0
2026-05-06,HMRL-08,625,0
2026-05-06,HMRL-52,504,0
2026-05-06,HMRL-03,677,0
2026-05-06,HMRL-23,669,0
2026-05-06,HMRL-35,621,0
2026-05-06,HMRL-28,588,0
2026-05-06,HMRL-24,690,0
2026-05-06,HMRL-48,590,0
2026-05-06,HMRL-17,569,0
2026-05-06,HMRL-21,559,0
2026-05-06,HMRL-58,549,0
2026-05-06,HMRL-01,690,0
2026-05-06,HMRL-14,695,0
2026-05-06,HMRL-43,549,0
2026-05-06,HMRL-04,623,0
2026-05-06,HMRL-27,650,0
2026-05-06,HMRL-12,634,0
2026-05-06,HMRL-30,525,0
2026-05-06,HMRL-15,575,0
2026-05-06,HMRL-32,545,0
2026-05-06,HMRL-33,681,0
2026-05-06,HMRL-06,570,0
2026-05-05,HMRL-45,658,3
2026-05-05,HMRL-09,525,0
2026-05-05,HMRL-41,553,0
2026-05-05,HMRL-56,567,0
2026-05-05,HMRL-49,540,0
2026-05-05,HMRL-32,641,0
2026-05-05,HMRL-07,615,0
2026-05-05,HMRL-01,620,0
2026-05-05,HMRL-37,559,0
2026-05-05,HMRL-19,572,0
2026-05-05,HMRL-31,616,0
2026-05-05,HMRL-50,567,0
2026-05-05,HMRL-29,660,0
2026-05-05,HMRL-22,550,0
2026-05-05,HMRL-12,639,0
2026-05-05,HMRL-04,538,0
2026-05-05,HMRL-17,536,0
2026-05-05,HMRL-57,578,0
2026-05-05,HMRL-08,645,0
2026-05-05,HMRL-05,612,0
2026-05-05,HMRL-26,676,0
2026-05-05,HMRL-55,603,0
2026-05-05,HMRL-58,628,0
2026-05-05,HMRL-52,612,0
2026-05-05,HMRL-60,610,0
2026-05-05,HMRL-10,654,0
2026-05-05,HMRL-35,523,0
2026-05-05,HMRL-20,672,0
2026-05-05,HMRL-06,647,0
2026-05-05,HMRL-42,505,0
2026-05-05,HMRL-36,672,0
2026-05-05,HMRL-18,647,1
2026-05-05,HMRL-25,620,0
2026-05-05,HMRL-14,613,0
2026-05-05,HMRL-33,546,0
2026-05-05,HMRL-40,611,0
2026-05-05,HMRL-28,625,0
2026-05-05,HMRL-43,620,0
2026-05-05,HMRL-44,585,0
2026-05-05,HMRL-13,526,0
2026-05-05,HMRL-15,584,0
2026-05-05,HMRL-24,626,0
2026-05-05,HMRL-34,602,0
2026-05-05,HMRL-27,640,0
2026-05-05,HMRL-48,564,0
2026-05-05,HMRL-16,697,0
2026-05-04,HMRL-53,598,0
2026-05-04,HMRL-01,653,0
2026-05-04,HMRL-43,534,0
2026-05-04,HMRL-56,570,0
2026-05-04,HMRL-35,606,0
2026-05-04,HMRL-30,629,0
2026-05-04,HMRL-27,500,0
2026-05-04,HMRL-04,576,0
2026-05-04,HMRL-13,648,0
2026-05-04,HMRL-34,625,0
2026-05-04,HMRL-24,614,0
2026-05-04,HMRL-40,588,0
2026-05-04,HMRL-32,695,0
2026-05-04,HMRL-41,616,0
2026-05-04,HMRL-29,548,0
2026-05-04,HMRL-60,561,0
2026-05-04,HMRL-14,559,0
2026-05-04,HMRL-18,605,1
2026-05-04,HMRL-36,680,0
2026-05-04,HMRL-09,597,0
2026-05-04,HMRL-19,669,0
2026-05-04,HMRL-46,666,0
2026-05-04,HMRL-48,626,0
2026-05-04,HMRL-08,532,0
2026-05-04,HMRL-02,651,0
2026-05-04,HMRL-16,525,0
2026-05-04,HMRL-11,612,2
2026-05-04,HMRL-20,503,0
2026-05-04,HMRL-59,604,0
2026-05-04,HMRL-58,539,1
2026-05-04,HMRL-44,567,0
2026-05-04,HMRL-03,677,0
2026-05-04,HMRL-37,520,0
2026-05-04,HMRL-54,672,0
2026-05-04,HMRL-45,597,0
2026-05-04,HMRL-15,660,0
2026-05-04,HMRL-26,694,0
2026-05-04,HMRL-21,638,0
2026-05-04,HMRL-05,661,0
2026-05-04,HMRL-57,573,0
2026-05-04,HMRL-10,691,3
2026-05-04,HMRL-17,694,0
2026-05-04,HMRL-47,525,0
2026-05-04,HMRL-55,677,0
2026-05-04,HMRL-23,507,1
2026-05-04,HMRL-28,575,0
2026-05-04,HMRL-50,610,0
2026-05-04,HMRL-25,635,0
2026-05-04,HMRL-31,674,0
2026-05-04,HMRL-39,543,0
2026-05-03,HMRL-40,427,0
2026-05-03,HMRL-44,373,0
2026-05-03,HMRL-16,358,0
2026-05-03,HMRL-32,390,0
2026-05-03,HMRL-38,348,0
2026-05-03,HMRL-10,473,0
2026-05-03,HMRL-15,496,0
2026-05-03,HMRL-30,335,0
2026-05-03,HMRL-41,460,0
2026-05-03,HMRL-17,379,0
2026-05-03,HMRL-53,308,0
2026-05-03,HMRL-51,487,0
2026-05-03,HMRL-43,375,0
2026-05-03,HMRL-01,406,0
2026-05-03,HMRL-50,333,0
2026-05-03,HMRL-19,393,0
2026-05-03,HMRL-59,369,0
2026-05-03,HMRL-35,365,0
2026-05-03,HMRL-11,423,0
2026-05-03,HMRL-05,375,0
2026-05-03,HMRL-29,386,0
2026-05-03,HMRL-23,419,0
2026-05-03,HMRL-56,336,0
2026-05-03,HMRL-20,357,0
2026-05-03,HMRL-28,485,0
2026-05-03,HMRL-49,401,0
2026-05-03,HMRL-46,442,0
2026-05-03,HMRL-37,401,0
2026-05-03,HMRL-13,416,0
2026-05-03,HMRL-57,491,0
2026-05-03,HMRL-36,449,0
2026-05-03,HMRL-58,463,0
2026-05-03,HMRL-04,327,0
2026-05-03,HMRL-08,420,2
2026-05-03,HMRL-31,443,0
2026-05-03,HMRL-45,456,0
2026-05-03,HMRL-12,316,0
2026-05-03,HMRL-25,418,0
2026-05-03,HMRL-55,377,0
2026-05-03,HMRL-22,329,0
2026-05-03,HMRL-47,309,0
2026-05-03,HMRL-26,426,0
2026-05-03,HMRL-09,360,0
2026-05-03,HMRL-33,334,0
2026-05-03,HMRL-02,394,0
2026-05-03,HMRL-54,490,0
2026-05-03,HMRL-21,438,0
2026-05-03,HMRL-24,490,0
2026-05-02,HMRL-42,370,0
2026-05-02,HMRL-07,337,0
2026-05-02,HMRL-54,438,0
2026-05-02,HMRL-32,344,1
2026-05-02,HMRL-40,333,1
2026-05-02,HMRL-27,360,0
2026-05-02,HMRL-18,304,0
2026-05-02,HMRL-03,313,0
2026-05-02,HMRL-45,407,0
2026-05-02,HMRL-24,490,0
2026-05-02,HMRL-14,392,0
2026-05-02,HMRL-29,327,0
2026-05-02,HMRL-49,356,0
2026-05-02,HMRL-16,311,0
2026-05-02,HMRL-51,468,0
2026-05-02,HMRL-59,417,0
2026-05-02,HMRL-44,307,0
2026-05-02,HMRL-46,402,0
2026-05-02,HMRL-35,327,0
2026-05-02,HMRL-23,413,0
2026-05-02,HMRL-04,455,0
2026-05-02,HMRL-26,332,0
2026-05-02,HMRL-58,462,0
2026-05-02,HMRL-13,482,0
2026-05-02,HMRL-08,452,0
2026-05-02,HMRL-30,416,0
2026-05-02,HMRL-06,410,1
2026-05-02,HMRL-50,467,0
2026-05-02,HMRL-02,496,0
2026-05-02,HMRL-57,355,0
2026-05-02,HMRL-39,358,0
2026-05-02,HMRL-11,416,0
2026-05-02,HMRL-36,486,0
2026-05-02,HMRL-05,470,0
2026-05-02,HMRL-60,339,0
2026-05-02,HMRL-19,421,1
2026-05-02,HMRL-52,323,0
2026-05-02,HMRL-53,490,0
2026-05-02,HMRL-38,333,0
2026-05-02,HMRL-43,450,0
2026-05-02,HMRL-25,443,0
2026-05-02,HMRL-21,331,0
2026-05-02,HMRL-28,470,0
2026-05-02,HMRL-48,408,0
2026-05-02,HMRL-55,484,0
2026-05-02,HMRL-37,379,0
2026-05-02,HMRL-10,447,0
2026-05-02,HMRL-01,339,0
2026-05-01,HMRL-55,587,0
2026-05-01,HMRL-07,579,0
2026-05-01,HMRL-23,698,0
2026-05-01,HMRL-60,652,0
2026-05-01,HMRL-36,540,0
2026-05-01,HMRL-24,512,0
2026-05-01,HMRL-08,569,0
2026-05-01,HMRL-49,608,0
2026-05-01,HMRL-18,613,0
2026-05-01,HMRL-37,555,0
2026-05-01,HMRL-15,529,0
2026-05-01,HMRL-28,528,0
2026-05-01,HMRL-56,673,0
2026-05-01,HMRL-40,634,0
2026-05-01,HMRL-47,511,0
2026-05-01,HMRL-44,653,0
2026-05-01,HMRL-42,554,0
2026-05-01,HMRL-48,695,0
2026-05-01,HMRL-02,583,0
2026-05-01,HMRL-39,627,0
2026-05-01,HMRL-52,544,0
2026-05-01,HMRL-45,636,0
2026-05-01,HMRL-12,628,0
2026-05-01,HMRL-46,671,0
2026-05-01,HMRL-20,518,0
2026-05-01,HMRL-22,689,0
2026-05-01,HMRL-58,519,0
2026-05-01,HMRL-01,647,0
2026-05-01,HMRL-38,603,0
2026-05-01,HMRL-53,606,0
2026-05-01,HMRL-05,603,0
2026-05-01,HMRL-19,658,0
2026-05-01,HMRL-35,676,0
2026-05-01,HMRL-13,522,0
2026-05-01,HMRL-03,527,0
2026-05-01,HMRL-30,650,0
2026-05-01,HMRL-57,520,0
2026-05-01,HMRL-21,579,0
2026-05-01,HMRL-33,556,0
2026-05-01,HMRL-26,543,0
2026-05-01,HMRL-17,635,0
2026-05-01,HMRL-59,698,0
2026-05-01,HMRL-27,686,0
2026-05-01,HMRL-14,665,0
2026-05-01,HMRL-50,560,0
2026-04-30,HMRL-39,598,0
2026-04-30,HMRL-10,641,0
2026-04-30,HMRL-49,689,0
2026-04-30,HMRL-58,615,0
2026-04-30,HMRL-42,646,0
2026-04-30,HMRL-05,582,0
2026-04-30,HMRL-12,628,0
2026-04-30,HMRL-50,515,0
2026-04-30,HMRL-41,587,0
2026-04-30,HMRL-32,521,0
2026-04-30,HMRL-30,544,1
2026-04-30,HMRL-57,612,0
2026-04-30,HMRL-37,656,0
2026-04-30,HMRL-38,595,0
2026-04-30,HMRL-29,599,0
2026-04-30,HMRL-44,586,0
2026-04-30,HMRL-48,513,0
2026-04-30,HMRL-56,665,0
2026-04-30,HMRL-52,584,0
2026-04-30,HMRL-40,572,0
2026-04-30,HMRL-21,668,0
2026-04-30,HMRL-43,654,0
2026-04-30,HMRL-59,585,0
2026-04-30,HMRL-46,589,0
2026-04-30,HMRL-55,667,0
2026-04-30,HMRL-31,600,0
2026-04-30,HMRL-45,681,0
2026-04-30,HMRL-20,579,0
2026-04-30,HMRL-18,664,0
2026-04-30,HMRL-19,532,0
2026-04-30,HMRL-02,689,0
2026-04-30,HMRL-54,634,0
2026-04-30,HMRL-17,630,0
2026-04-30,HMRL-03,592,0
2026-04-30,HMRL-47,554,0
2026-04-30,HMRL-15,696,0
2026-04-30,HMRL-25,557,0
2026-04-30,HMRL-53,539,1
2026-04-30,HMRL-23,525,0
2026-04-30,HMRL-34,638,0
2026-04-30,HMRL-26,634,0
2026-04-30,HMRL-27,696,0
2026-04-30,HMRL-35,652,0
2026-04-30,HMRL-28,541,0
2026-04-29,HMRL-47,521,0
2026-04-29,HMRL-29,569,0
2026-04-29,HMRL-03,631,0
2026-04-29,HMRL-27,611,2
2026-04-29,HMRL-24,615,0
2026-04-29,HMRL-44,506,0
2026-04-29,HMRL-60,601,0
2026-04-29,HMRL-16,560,0
2026-04-29,HMRL-59,520,0
2026-04-29,HMRL-40,507,0
2026-04-29,HMRL-19,525,0
2026-04-29,HMRL-49,666,0
2026-04-29,HMRL-48,537,0
2026-04-29,HMRL-52,573,0
2026-04-29,HMRL-15,620,0
2026-04-29,HMRL-35,535,0
2026-04-29,HMRL-53,620,0
2026-04-29,HMRL-20,501,0
2026-04-29,HMRL-31,504,0
2026-04-29,HMRL-13,538,0
2026-04-29,HMRL-56,686,0
2026-04-29,HMRL-37,608,0
2026-04-29,HMRL-54,577,0
2026-04-29,HMRL-30,561,0
2026-04-29,HMRL-50,659,0
2026-04-29,HMRL-25,528,0
2026-04-29,HMRL-33,627,0
2026-04-29,HMRL-57,504,0
2026-04-29,HMRL-11,647,0
2026-04-29,HMRL-34,536,0
2026-04-29,HMRL-07,500,0
2026-04-29,HMRL-26,561,0
2026-04-29,HMRL-43,547,0
2026-04-29,HMRL-05,521,0
2026-04-29,HMRL-09,592,0
2026-04-29,HMRL-02,629,0
2026-04-29,HMRL-21,629,0
2026-04-29,HMRL-55,599,0
2026-04-29,HMRL-12,511,0
2026-04-29,HMRL-18,595,0
2026-04-29,HMRL-04,504,0
2026-04-29,HMRL-17,517,0
2026-04-29,HMRL-28,687,0
2026-04-29,HMRL-10,526,0
2026-04-28,HMRL-09,586,0
2026-04-28,HMRL-03,627,0
2026-04-28,HMRL-23,594,0
2026-04-28,HMRL-35,632,0
2026-04-28,HMRL-22,521,0
2026-04-28,HMRL-53,520,0
2026-04-28,HMRL-42,546,0
2026-04-28,HMRL-12,582,0
2026-04-28,HMRL-50,575,0
2026-04-28,HMRL-44,654,0
2026-04-28,HMRL-30,542,0
2026-04-28,HMRL-45,589,0
2026-04-28,HMRL-31,686,0
2026-04-28,HMRL-41,590,0
2026-04-28,HMRL-55,611,0
2026-04-28,HMRL-60,514,0
2026-04-28,HMRL-05,593,0
2026-04-28,HMRL-52,691,0
2026-04-28,HMRL-59,507,0
2026-04-28,HMRL-19,655,0
2026-04-28,HMRL-13,612,0
2026-04-28,HMRL-54,699,0
2026-04-28,HMRL-40,592,0
2026-04-28,HMRL-39,645,0
2026-04-28,HMRL-21,615,0
2026-04-28,HMRL-20,595,0
2026-04-28,HMRL-33,519,0
2026-04-28,HMRL-26,635,0
2026-04-28,HMRL-48,580,0
2026-04-28,HMRL-49,563,0
2026-04-28,HMRL-02,506,0
2026-04-28,HMRL-25,627,0
2026-04-28,HMRL-36,643,0
2026-04-28,HMRL-07,698,0
2026-04-28,HMRL-10,614,0
2026-04-28,HMRL-46,656,0
2026-04-28,HMRL-43,625,0
2026-04-28,HMRL-28,534,0
2026-04-28,HMRL-11,615,0
2026-04-28,HMRL-32,682,0
2026-04-28,HMRL-04,522,0
2026-04-28,HMRL-29,581,0
2026-04-28,HMRL-14,681,0
2026-04-28,HMRL-38,576,0
2026-04-28,HMRL-15,682,0
2026-04-28,HMRL-16,679,0
2026-04-28,HMRL-27,592,0
2026-04-27,HMRL-13,531,0
2026-04-27,HMRL-51,577,0
2026-04-27,HMRL-09,582,0
2026-04-27,HMRL-16,557,0
2026-04-27,HMRL-59,632,0
2026-04-27,HMRL-32,520,0
2026-04-27,HMRL-02,662,0
2026-04-27,HMRL-24,570,0
2026-04-27,HMRL-36,577,0
2026-04-27,HMRL-37,523,0
2026-04-27,HMRL-53,543,0
2026-04-27,HMRL-30,648,0
2026-04-27,HMRL-52,668,0
2026-04-27,HMRL-58,654,0
2026-04-27,HMRL-40,644,1
2026-04-27,HMRL-06,520,0
2026-04-27,HMRL-05,647,0
2026-04-27,HMRL-20,553,0
2026-04-27,HMRL-26,606,0
2026-04-27,HMRL-31,507,0
2026-04-27,HMRL-34,660,0
2026-04-27,HMRL-27,664,0
2026-04-27,HMRL-39,623,0
2026-04-27,HMRL-56,675,0
2026-04-27,HMRL-44,616,0
2026-04-27,HMRL-47,612,0
2026-04-27,HMRL-21,618,0
2026-04-27,HMRL-48,655,0
2026-04-27,HMRL-29,683,0
2026-04-27,HMRL-15,588,0
2026-04-27,HMRL-22,533,0
2026-04-27,HMRL-17,631,0
2026-04-27,HMRL-12,581,0
2026-04-27,HMRL-33,531,0
2026-04-27,HMRL-25,563,0
2026-04-27,HMRL-18,512,0
2026-04-27,HMRL-46,598,0
2026-04-27,HMRL-19,607,0
2026-04-27,HMRL-45,540,0
2026-04-27,HMRL-38,647,0
2026-04-27,HMRL-14,548,0
2026-04-27,HMRL-55,627,0
2026-04-27,HMRL-54,619,0
2026-04-26,HMRL-32,400,0
2026-04-26,HMRL-02,386,0
2026-04-26,HMRL-06,393,0
2026-04-26,HMRL-26,350,0
2026-04-26,HMRL-33,402,0
2026-04-26,HMRL-30,311,1
2026-04-26,HMRL-16,421,0
2026-04-26,HMRL-14,338,0
2026-04-26,HMRL-38,431,0
2026-04-26,HMRL-23,456,0
2026-04-26,HMRL-04,400,0
2026-04-26,HMRL-50,489,0
2026-04-26,HMRL-19,451,0
2026-04-26,HMRL-60,430,0
2026-04-26,HMRL-39,481,0
2026-04-26,HMRL-42,421,0
2026-04-26,HMRL-44,394,0
2026-04-26,HMRL-31,328,0
2026-04-26,HMRL-48,449,0
2026-04-26,HMRL-35,485,0
2026-04-26,HMRL-01,461,0
2026-04-26,HMRL-07,467,0
2026-04-26,HMRL-28,498,0
2026-04-26,HMRL-09,358,0
2026-04-26,HMRL-17,449,0
2026-04-26,HMRL-24,434,0
2026-04-26,HMRL-57,458,0
2026-04-26,HMRL-41,397,0
2026-04-26,HMRL-03,474,0
2026-04-26,HMRL-13,446,0
2026-04-26,HMRL-59,328,0
2026-04-26,HMRL-45,412,0
2026-04-26,HMRL-18,338,0
2026-04-26,HMRL-46,352,0
2026-04-26,HMRL-12,498,0
2026-04-26,HMRL-52,420,0
2026-04-26,HMRL-10,488,0
2026-04-26,HMRL-47,480,0
2026-04-26,HMRL-43,353,0
2026-04-26,HMRL-36,469,0
2026-04-26,HMRL-15,396,0
2026-04-26,HMRL-25,344,0
2026-04-26,HMRL-37,436,0
2026-04-26,HMRL-49,390,0
2026-04-26,HMRL-05,484,0
2026-04-26,HMRL-55,477,0
2026-04-25,HMRL-13,361,0
2026-04-25,HMRL-16,471,0
2026-04-25,HMRL-18,357,0
2026-04-25,HMRL-36,313,0
2026-04-25,HMRL-20,420,1
2026-04-25,HMRL-15,301,0
2026-04-25,HMRL-56,340,0
2026-04-25,HMRL-50,421,0
2026-04-25,HMRL-19,351,0
2026-04-25,HMRL-46,373,0
2026-04-25,HMRL-14,465,1
2026-04-25,HMRL-45,466,0
2026-04-25,HMRL-51,436,0
2026-04-25,HMRL-32,309,0
2026-04-25,HMRL-21,344,0
2026-04-25,HMRL-31,345,0
2026-04-25,HMRL-23,309,0
2026-04-25,HMRL-57,401,0
2026-04-25,HMRL-58,347,0
2026-04-25,HMRL-52,374,0
2026-04-25,HMRL-08,302,0
2026-04-25,HMRL-37,454,3
2026-04-25,HMRL-35,372,0
2026-04-25,HMRL-25,464,0
2026-04-25,HMRL-26,426,0
2026-04-25,HMRL-44,334,0
2026-04-25,HMRL-10,419,0
2026-04-25,HMRL-41,328,0
2026-04-25,HMRL-03,487,0
2026-04-25,HMRL-34,365,0
2026-04-25,HMRL-38,303,0
2026-04-25,HMRL-47,375,0
2026-04-25,HMRL-12,493,0
2026-04-25,HMRL-55,456,0
2026-04-25,HMRL-48,403,0
2026-04-25,HMRL-09,431,0
2026-04-25,HMRL-24,402,0
2026-04-25,HMRL-59,347,0
2026-04-25,HMRL-07,422,0
2026-04-25,HMRL-22,363,0
2026-04-25,HMRL-42,414,0
2026-04-25,HMRL-39,384,0
2026-04-25,HMRL-54,485,0
2026-04-25,HMRL-33,366,0
2026-04-25,HMRL-05,477,0
2026-04-25,HMRL-02,470,0
2026-04-25,HMRL-49,378,0
2026-04-25,HMRL-28,475,0
2026-04-25,HMRL-53,480,0
2026-04-24,HMRL-41,683,0
2026-04-24,HMRL-59,523,0
2026-04-24,HMRL-19,614,0
2026-04-24,HMRL-24,616,0
2026-04-24,HMRL-40,606,0
2026-04-24,HMRL-15,514,0
2026-04-24,HMRL-55,672,0
2026-04-24,HMRL-09,685,0
2026-04-24,HMRL-31,500,0
2026-04-24,HMRL-10,648,0
2026-04-24,HMRL-30,679,3
2026-04-24,HMRL-48,517,0
2026-04-24,HMRL-39,620,0
2026-04-24,HMRL-57,696,0
2026-04-24,HMRL-27,664,0
2026-04-24,HMRL-45,665,0
2026-04-24,HMRL-36,595,0
2026-04-24,HMRL-52,597,0
2026-04-24,HMRL-35,596,0
2026-04-24,HMRL-14,674,0
2026-04-24,HMRL-16,638,0
2026-04-24,HMRL-49,589,0
2026-04-24,HMRL-06,637,0
2026-04-24,HMRL-34,532,0
2026-04-24,HMRL-29,557,0
2026-04-24,HMRL-37,693,0
2026-04-24,HMRL-47,672,0
2026-04-24,HMRL-05,608,0
2026-04-24,HMRL-08,558,0
2026-04-24,HMRL-02,588,0
2026-04-24,HMRL-46,548,0
2026-04-24,HMRL-18,685,0
2026-04-24,HMRL-17,508,0
2026-04-24,HMRL-07,607,0
2026-04-24,HMRL-58,504,0
2026-04-24,HMRL-44,517,0
2026-04-24,HMRL-33,653,0
2026-04-24,HMRL-38,512,0
2026-04-24,HMRL-11,511,0
2026-04-24,HMRL-28,559,0
2026-04-24,HMRL-54,693,0
2026-04-24,HMRL-04,514,0
2026-04-24,HMRL-50,574,0
2026-04-23,HMRL-37,534,0
2026-04-23,HMRL-39,565,0
2026-04-23,HMRL-50,665,0
2026-04-23,HMRL-44,594,1
2026-04-23,HMRL-53,548,0
2026-04-23,HMRL-21,654,0
2026-04-23,HMRL-16,518,0
2026-04-23,HMRL-20,694,0
2026-04-23,HMRL-10,671,0
2026-04-23,HMRL-43,622,0
2026-04-23,HMRL-34,585,0
2026-04-23,HMRL-15,503,0
2026-04-23,HMRL-27,548,0
2026-04-23,HMRL-56,530,0
2026-04-23,HMRL-18,693,0
2026-04-23,HMRL-04,562,0
2026-04-23,HMRL-36,680,0
2026-04-23,HMRL-38,561,0
2026-04-23,HMRL-12,698,0
2026-04-23,HMRL-41,619,0
2026-04-23,HMRL-28,591,0
2026-04-23,HMRL-57,592,0
2026-04-23,HMRL-32,627,0
2026-04-23,HMRL-45,684,0
2026-04-23,HMRL-23,581,0
2026-04-23,HMRL-25,594,0
2026-04-23,HMRL-58,511,0
2026-04-23,HMRL-55,556,0
2026-04-23,HMRL-48,504,0
2026-04-23,HMRL-14,649,0
2026-04-23,HMRL-05,606,0
2026-04-23,HMRL-52,550,0
2026-04-23,HMRL-13,597,0
2026-04-23,HMRL-06,562,0
2026-04-23,HMRL-35,667,0
2026-04-23,HMRL-46,586,0
2026-04-23,HMRL-54,625,0
2026-04-23,HMRL-08,664,0
2026-04-23,HMRL-59,617,0
2026-04-23,HMRL-29,590,0
2026-04-23,HMRL-30,684,0
2026-04-23,HMRL-49,547,0
2026-04-23,HMRL-02,638,0
2026-04-23,HMRL-31,515,0
2026-04-23,HMRL-17,519,0
2026-04-23,HMRL-09,671,0
2026-04-23,HMRL-19,535,0
2026-04-22,HMRL-05,595,0
2026-04-22,HMRL-46,617,0
2026-04-22,HMRL-10,678,0
2026-04-22,HMRL-01,675,0
2026-04-22,HMRL-14,520,0
2026-04-22,HMRL-33,666,0
2026-04-22,HMRL-30,523,0
2026-04-22,HMRL-24,596,0
2026-04-22,HMRL-04,514,0
2026-04-22,HMRL-40,679,0
2026-04-22,HMRL-41,627,0
2026-04-22,HMRL-43,665,0
2026-04-22,HMRL-51,644,0
2026-04-22,HMRL-31,524,0
2026-04-22,HMRL-49,510,0
2026-04-22,HMRL-32,677,0
2026-04-22,HMRL-02,621,0
2026-04-22,HMRL-57,519,0
2026-04-22,HMRL-35,571,0
2026-04-22,HMRL-36,644,0
2026-04-22,HMRL-27,545,0
2026-04-22,HMRL-59,580,0
2026-04-22,HMRL-44,536,0
2026-04-22,HMRL-34,682,0
2026-04-22,HMRL-18,519,0
2026-04-22,HMRL-42,644,0
2026-04-22,HMRL-19,599,0
2026-04-22,HMRL-38,638,0
2026-04-22,HMRL-28,693,0
2026-04-22,HMRL-26,676,0
2026-04-22,HMRL-54,628,0
2026-04-22,HMRL-06,588,0
2026-04-22,HMRL-52,519,0
2026-04-22,HMRL-45,696,0
2026-04-22,HMRL-17,652,0
2026-04-22,HMRL-60,698,0
2026-04-22,HMRL-08,662,0
2026-04-22,HMRL-07,615,0
2026-04-22,HMRL-20,591,0
2026-04-22,HMRL-47,596,0
2026-04-22,HMRL-09,674,0
2026-04-22,HMRL-12,597,0
2026-04-22,HMRL-22,563,0
2026-04-22,HMRL-13,521,0
2026-04-22,HMRL-03,597,0
2026-04-21,HMRL-48,568,0
2026-04-21,HMRL-25,626,0
2026-04-21,HMRL-21,542,0
2026-04-21,HMRL-24,607,0
2026-04-21,HMRL-07,700,0
2026-04-21,HMRL-06,563,0
2026-04-21,HMRL-01,626,0
2026-04-21,HMRL-20,550,0
2026-04-21,HMRL-29,534,0
2026-04-21,HMRL-57,601,0
2026-04-21,HMRL-49,658,0
2026-04-21,HMRL-18,584,0
2026-04-21,HMRL-56,610,0
2026-04-21,HMRL-09,666,0
2026-04-21,HMRL-55,534,0
2026-04-21,HMRL-12,654,0
2026-04-21,HMRL-28,551,0
2026-04-21,HMRL-52,545,0
2026-04-21,HMRL-36,581,0
2026-04-21,HMRL-42,677,0
2026-04-21,HMRL-33,647,0
2026-04-21,HMRL-27,583,0
2026-04-21,HMRL-60,600,0
2026-04-21,HMRL-02,644,0
2026-04-21,HMRL-46,639,0
2026-04-21,HMRL-23,696,0
2026-04-21,HMRL-41,686,0
2026-04-21,HMRL-58,681,0
2026-04-21,HMRL-59,574,0
2026-04-21,HMRL-54,517,0
2026-04-21,HMRL-10,604,0
2026-04-21,HMRL-14,535,0
2026-04-21,HMRL-13,561,0
2026-04-21,HMRL-32,539,0
2026-04-21,HMRL-03,596,3
2026-04-21,HMRL-51,622,0
2026-04-21,HMRL-50,636,0
2026-04-21,HMRL-08,677,0
2026-04-21,HMRL-19,509,0
2026-04-21,HMRL-17,592,0
2026-04-21,HMRL-34,637,0
2026-04-21,HMRL-44,521,0
2026-04-21,HMRL-53,670,0
2026-04-21,HMRL-05,665,0
2026-04-20,HMRL-49,678,0
2026-04-20,HMRL-22,517,0
2026-04-20,HMRL-51,681,0
2026-04-20,HMRL-28,587,0
2026-04-20,HMRL-07,673,0
2026-04-20,HMRL-01,689,0
2026-04-20,HMRL-56,544,0
2026-04-20,HMRL-17,584,0
2026-04-20,HMRL-15,618,0
2026-04-20,HMRL-33,603,0
2026-04-20,HMRL-48,547,0
2026-04-20,HMRL-34,610,0
2026-04-20,HMRL-36,688,0
2026-04-20,HMRL-38,550,0
2026-04-20,HMRL-45,609,0
2026-04-20,HMRL-37,680,0
2026-04-20,HMRL-52,571,0
2026-04-20,HMRL-29,516,0
2026-04-20,HMRL-24,637,0
2026-04-20,HMRL-26,583,0
2026-04-20,HMRL-30,529,0
2026-04-20,HMRL-47,625,0
2026-04-20,HMRL-58,663,0
2026-04-20,HMRL-10,599,0
2026-04-20,HMRL-23,650,0
2026-04-20,HMRL-02,590,0
2026-04-20,HMRL-31,658,0
2026-04-20,HMRL-54,672,0
2026-04-20,HMRL-19,576,0
2026-04-20,HMRL-14,651,0
2026-04-20,HMRL-40,530,0
2026-04-20,HMRL-03,529,0
2026-04-20,HMRL-04,677,0
2026-04-20,HMRL-27,599,0
2026-04-20,HMRL-42,535,0
2026-04-20,HMRL-05,608,0
2026-04-20,HMRL-12,662,0
2026-04-20,HMRL-46,665,0
2026-04-20,HMRL-11,544,0
2026-04-20,HMRL-44,625,0
2026-04-20,HMRL-39,547,0
2026-04-20,HMRL-53,615,0
2026-04-20,HMRL-16,591,0
2026-04-20,HMRL-41,624,0
2026-04-20,HMRL-18,598,0
2026-04-20,HMRL-35,629,0
2026-04-20,HMRL-08,604,0
2026-04-20,HMRL-32,606,0
2026-04-19,HMRL-32,476,0
2026-04-19,HMRL-11,481,0
2026-04-19,HMRL-06,409,0
2026-04-19,HMRL-37,335,0
2026-04-19,HMRL-02,352,0
2026-04-19,HMRL-51,445,0
2026-04-19,HMRL-49,371,0
2026-04-19,HMRL-15,343,0
2026-04-19,HMRL-19,480,0
2026-04-19,HMRL-03,446,0
2026-04-19,HMRL-18,431,0
2026-04-19,HMRL-53,473,0
2026-04-19,HMRL-35,334,0
2026-04-19,HMRL-52,405,0
2026-04-19,HMRL-59,370,0
2026-04-19,HMRL-30,332,0
2026-04-19,HMRL-57,333,0
2026-04-19,HMRL-60,482,0
2026-04-19,HMRL-36,363,0
2026-04-19,HMRL-33,473,0
2026-04-19,HMRL-08,336,0
2026-04-19,HMRL-44,368,0
2026-04-19,HMRL-40,396,0
2026-04-19,HMRL-50,462,0
2026-04-19,HMRL-48,496,0
2026-04-19,HMRL-24,371,0
2026-04-19,HMRL-55,394,0
2026-04-19,HMRL-29,424,0
2026-04-19,HMRL-14,300,0
2026-04-19,HMRL-43,487,3
2026-04-19,HMRL-04,462,0
2026-04-19,HMRL-42,391,0
2026-04-19,HMRL-27,436,0
2026-04-19,HMRL-21,409,0
2026-04-19,HMRL-25,426,0
2026-04-19,HMRL-38,372,0
2026-04-19,HMRL-10,447,0
2026-04-19,HMRL-56,424,0
2026-04-19,HMRL-54,474,0
2026-04-19,HMRL-09,311,1
2026-04-19,HMRL-12,417,2
2026-04-19,HMRL-34,340,0
2026-04-19,HMRL-22,300,0
2026-04-19,HMRL-45,409,0
2026-04-19,HMRL-26,476,0
2026-04-19,HMRL-17,466,0
2026-04-19,HMRL-13,370,0
2026-04-19,HMRL-20,321,0
2026-04-19,HMRL-41,466,0
2026-04-18,HMRL-41,412,0
2026-04-18,HMRL-20,354,0
2026-04-18,HMRL-47,338,0
2026-04-18,HMRL-45,457,0
2026-04-18,HMRL-49,355,0
2026-04-18,HMRL-15,492,0
2026-04-18,HMRL-28,486,0
2026-04-18,HMRL-42,409,0
2026-04-18,HMRL-06,335,0
2026-04-18,HMRL-46,465,0
2026-04-18,HMRL-07,453,0
2026-04-18,HMRL-01,372,0
2026-04-18,HMRL-14,476,1
2026-04-18,HMRL-31,377,0
2026-04-18,HMRL-05,455,0
2026-04-18,HMRL-09,491,0
2026-04-18,HMRL-38,465,2
2026-04-18,HMRL-55,361,0
2026-04-18,HMRL-34,328,0
2026-04-18,HMRL-29,463,0
2026-04-18,HMRL-56,435,0
2026-04-18,HMRL-40,303,0
2026-04-18,HMRL-22,381,0
2026-04-18,HMRL-08,445,0
2026-04-18,HMRL-54,439,0
2026-04-18,HMRL-57,495,0
2026-04-18,HMRL-58,497,0
2026-04-18,HMRL-51,303,0
2026-04-18,HMRL-43,310,0
2026-04-18,HMRL-13,401,0
2026-04-18,HMRL-03,460,0
2026-04-18,HMRL-24,496,0
2026-04-18,HMRL-26,479,0
2026-04-18,HMRL-04,463,0
2026-04-18,HMRL-27,457,0
2026-04-18,HMRL-11,321,0
2026-04-18,HMRL-12,430,0
2026-04-18,HMRL-10,339,0
2026-04-18,HMRL-33,400,0
2026-04-18,HMRL-53,495,0
2026-04-18,HMRL-44,474,0
2026-04-18,HMRL-59,379,0
2026-04-18,HMRL-30,486,0
2026-04-18,HMRL-17,361,0
2026-04-18,HMRL-39,411,0
2026-04-18,HMRL-23,456,0
2026-04-18,HMRL-25,379,0
2026-04-18,HMRL-18,468,0
2026-04-17,HMRL-01,511,0
2026-04-17,HMRL-46,503,0
2026-04-17,HMRL-09,620,0
2026-04-17,HMRL-45,538,0
2026-04-17,HMRL-60,509,0
2026-04-17,HMRL-11,682,0
2026-04-17,HMRL-32,607,0
2026-04-17,HMRL-23,563,0
2026-04-17,HMRL-34,684,0
2026-04-17,HMRL-52,519,0
2026-04-17,HMRL-47,530,0
2026-04-17,HMRL-17,513,0
2026-04-17,HMRL-55,632,0
2026-04-17,HMRL-24,602,0
2026-04-17,HMRL-58,572,0
2026-04-17,HMRL-18,579,0
2026-04-17,HMRL-08,641,0
2026-04-17,HMRL-02,594,0
2026-04-17,HMRL-22,644,0
2026-04-17,HMRL-28,689,0
2026-04-17,HMRL-57,618,0
2026-04-17,HMRL-51,626,0
2026-04-17,HMRL-05,698,0
2026-04-17,HMRL-49,639,0
2026-04-17,HMRL-38,562,0
2026-04-17,HMRL-54,604,0
2026-04-17,HMRL-30,662,0
2026-04-17,HMRL-33,502,0
2026-04-17,HMRL-50,500,0
2026-04-17,HMRL-43,596,0
2026-04-17,HMRL-16,686,0
2026-04-17,HMRL-41,552,0
2026-04-17,HMRL-19,560,0
2026-04-17,HMRL-06,515,0
2026-04-17,HMRL-12,536,0
2026-04-17,HMRL-27,523,0
2026-04-17,HMRL-59,633,0
2026-04-17,HMRL-04,595,0
2026-04-17,HMRL-29,691,0
2026-04-17,HMRL-53,534,0
2026-04-17,HMRL-44,600,0
2026-04-17,HMRL-37,611,0
2026-04-17,HMRL-56,533,0
2026-04-16,HMRL-55,601,0
2026-04-16,HMRL-21,673,0
2026-04-16,HMRL-52,544,0
2026-04-16,HMRL-26,615,0
2026-04-16,HMRL-45,640,0
2026-04-16,HMRL-54,618,1
2026-04-16,HMRL-48,531,1
2026-04-16,HMRL-59,556,0
2026-04-16,HMRL-53,602,0
2026-04-16,HMRL-29,661,0
2026-04-16,HMRL-18,521,0
2026-04-16,HMRL-15,566,0
2026-04-16,HMRL-05,519,0
2026-04-16,HMRL-13,665,0
2026-04-16,HMRL-09,532,1
2026-04-16,HMRL-38,584,0
2026-04-16,HMRL-07,618,2
2026-04-16,HMRL-10,610,0
2026-04-16,HMRL-44,601,0
2026-04-16,HMRL-11,597,0
2026-04-16,HMRL-51,544,0
2026-04-16,HMRL-30,547,0
2026-04-16,HMRL-58,614,0
2026-04-16,HMRL-27,508,0
2026-04-16,HMRL-08,657,0
2026-04-16,HMRL-35,575,0
2026-04-16,HMRL-23,640,0
2026-04-16,HMRL-14,522,0
2026-04-16,HMRL-40,535,0
2026-04-16,HMRL-43,664,0
2026-04-16,HMRL-49,634,0
2026-04-16,HMRL-46,639,0
2026-04-16,HMRL-28,597,0
2026-04-16,HMRL-04,591,0
2026-04-16,HMRL-03,700,0
2026-04-16,HMRL-06,644,0
2026-04-16,HMRL-22,599,0
2026-04-16,HMRL-31,506,0
2026-04-16,HMRL-20,556,1
2026-04-16,HMRL-02,571,3
2026-04-16,HMRL-42,635,0
2026-04-16,HMRL-41,649,0
2026-04-16,HMRL-60,540,0
2026-04-16,HMRL-57,568,0
2026-04-16,HMRL-36,688,3
2026-04-16,HMRL-25,556,0
2026-04-15,HMRL-23,680,0
2026-04-15,HMRL-54,698,0
2026-04-15,HMRL-55,593,0
2026-04-15,HMRL-12,595,0
2026-04-15,HMRL-57,669,0
2026-04-15,HMRL-16,525,0
2026-04-15,HMRL-38,582,0
2026-04-15,HMRL-21,540,0
2026-04-15,HMRL-52,611,0
2026-04-15,HMRL-48,624,0
2026-04-15,HMRL-45,544,0
2026-04-15,HMRL-60,643,0
2026-04-15,HMRL-59,657,0
2026-04-15,HMRL-02,557,0
2026-04-15,HMRL-46,544,0
2026-04-15,HMRL-50,687,0
2026-04-15,HMRL-49,532,0
2026-04-15,HMRL-37,500,0
2026-04-15,HMRL-43,646,0
2026-04-15,HMRL-10,697,0
2026-04-15,HMRL-42,508,0
2026-04-15,HMRL-13,581,0
2026-04-15,HMRL-32,656,0
2026-04-15,HMRL-35,644,0
2026-04-15,HMRL-20,584,0
2026-04-15,HMRL-56,560,0
2026-04-15,HMRL-51,581,0
2026-04-15,HMRL-03,522,0
2026-04-15,HMRL-06,671,0
2026-04-15,HMRL-47,585,0
2026-04-15,HMRL-08,567,0
2026-04-15,HMRL-36,677,0
2026-04-15,HMRL-30,527,0
2026-04-15,HMRL-01,512,0
2026-04-15,HMRL-17,687,0
2026-04-15,HMRL-58,542,0
2026-04-15,HMRL-27,626,0
2026-04-15,HMRL-11,589,0
2026-04-15,HMRL-29,525,0
2026-04-15,HMRL-07,647,0
2026-04-15,HMRL-05,675,0
2026-04-15,HMRL-44,615,1
2026-04-15,HMRL-34,575,0
2026-04-15,HMRL-19,526,0
2026-04-15,HMRL-31,596,0
2026-04-15,HMRL-24,519,0
2026-04-15,HMRL-33,523,0
2026-04-15,HMRL-41,657,0
2026-04-14,HMRL-28,543,0
2026-04-14,HMRL-42,520,0
2026-04-14,HMRL-11,529,0
2026-04-14,HMRL-39,601,0
2026-04-14,HMRL-60,669,0
2026-04-14,HMRL-58,664,0
2026-04-14,HMRL-04,547,0
2026-04-14,HMRL-07,597,0
2026-04-14,HMRL-22,614,0
2026-04-14,HMRL-14,567,0
2026-04-14,HMRL-13,568,0
2026-04-14,HMRL-27,538,0
2026-04-14,HMRL-45,670,0
2026-04-14,HMRL-36,638,0
2026-04-14,HMRL-35,693,0
2026-04-14,HMRL-17,641,0
2026-04-14,HMRL-43,633,0
2026-04-14,HMRL-19,637,0
2026-04-14,HMRL-20,621,0
2026-04-14,HMRL-16,560,0
2026-04-14,HMRL-53,520,0
2026-04-14,HMRL-54,682,0
2026-04-14,HMRL-26,632,0
2026-04-14,HMRL-37,673,0
2026-04-14,HMRL-47,537,0
2026-04-14,HMRL-32,693,0
2026-04-14,HMRL-10,542,0
2026-04-14,HMRL-57,549,0
2026-04-14,HMRL-24,608,0
2026-04-14,HMRL-01,551,0
2026-04-14,HMRL-51,660,0
2026-04-14,HMRL-03,652,0
2026-04-14,HMRL-34,686,0
2026-04-14,HMRL-49,517,0
2026-04-14,HMRL-52,641,0
2026-04-14,HMRL-21,570,0
2026-04-14,HMRL-59,503,0
2026-04-14,HMRL-41,659,0
2026-04-14,HMRL-40,700,0
2026-04-14,HMRL-33,606,0
2026-04-14,HMRL-31,645,0
2026-04-14,HMRL-38,694,0
2026-04-13,HMRL-60,690,0
2026-04-13,HMRL-07,582,0
2026-04-13,HMRL-37,606,0
2026-04-13,HMRL-50,522,0
2026-04-13,HMRL-59,554,0
2026-04-13,HMRL-51,604,0
2026-04-13,HMRL-19,694,0
2026-04-13,HMRL-35,595,0
2026-04-13,HMRL-23,631,0
2026-04-13,HMRL-27,516,0
2026-04-13,HMRL-17,629,0
2026-04-13,HMRL-25,699,0
2026-04-13,HMRL-42,645,0
2026-04-13,HMRL-32,551,0
2026-04-13,HMRL-58,563,0
2026-04-13,HMRL-39,592,0
2026-04-13,HMRL-31,570,0
2026-04-13,HMRL-03,618,0
2026-04-13,HMRL-12,662,0
2026-04-13,HMRL-18,674,0
2026-04-13,HMRL-26,652,0
2026-04-13,HMRL-10,621,0
2026-04-13,HMRL-40,589,0
2026-04-13,HMRL-43,566,0
2026-04-13,HMRL-38,676,0
2026-04-13,HMRL-22,512,0
2026-04-13,HMRL-16,646,0
2026-04-13,HMRL-04,554,0
2026-04-13,HMRL-44,665,0
2026-04-13,HMRL-30,552,0
2026-04-13,HMRL-09,604,0
2026-04-13,HMRL-29,699,0
2026-04-13,HMRL-48,674,2
2026-04-13,HMRL-01,665,0
2026-04-13,HMRL-11,502,0
2026-04-13,HMRL-45,655,0
2026-04-13,HMRL-49,578,0
2026-04-13,HMRL-47,681,0
2026-04-13,HMRL-34,608,0
2026-04-13,HMRL-33,589,0
2026-04-13,HMRL-08,555,0
2026-04-13,HMRL-05,673,0
2026-04-13,HMRL-24,659,0
2026-04-12,HMRL-01,449,0
2026-04-12,HMRL-33,446,0
2026-04-12,HMRL-43,387,0
2026-04-12,HMRL-54,356,0
2026-04-12,HMRL-57,463,0
2026-04-12,HMRL-24,471,0
2026-04-12,HMRL-36,376,0
2026-04-12,HMRL-42,468,0
2026-04-12,HMRL-39,346,0
2026-04-12,HMRL-52,420,0
2026-04-12,HMRL-19,366,0
2026-04-12,HMRL-20,443,0
2026-04-12,HMRL-44,346,0
2026-04-12,HMRL-07,385,0
2026-04-12,HMRL-31,356,0
2026-04-12,HMRL-05,490,0
2026-04-12,HMRL-22,407,0
2026-04-12,HMRL-18,384,0
2026-04-12,HMRL-41,449,0
2026-04-12,HMRL-21,330,0
2026-04-12,HMRL-58,462,0
2026-04-12,HMRL-17,458,2
2026-04-12,HMRL-49,428,0
2026-04-12,HMRL-13,474,0
2026-04-12,HMRL-10,376,0
2026-04-12,HMRL-34,338,0
2026-04-12,HMRL-16,351,0
2026-04-12,HMRL-04,445,0
2026-04-12,HMRL-26,417,0
2026-04-12,HMRL-48,483,0
2026-04-12,HMRL-11,320,0
2026-04-12,HMRL-46,461,0
2026-04-12,HMRL-45,380,0
2026-04-12,HMRL-55,301,0
2026-04-12,HMRL-60,353,0
2026-04-12,HMRL-53,343,0
2026-04-12,HMRL-35,340,0
2026-04-12,HMRL-56,495,0
2026-04-12,HMRL-09,333,0
2026-04-12,HMRL-14,462,0
2026-04-12,HMRL-37,409,0
2026-04-12,HMRL-38,398,0
2026-04-12,HMRL-02,487,0
2026-04-11,HMRL-58,486,0
2026-04-11,HMRL-21,354,0
2026-04-11,HMRL-49,450,0
2026-04-11,HMRL-54,331,0
2026-04-11,HMRL-34,466,0
2026-04-11,HMRL-13,396,0
2026-04-11,HMRL-02,365,0
2026-04-11,HMRL-44,459,3
2026-04-11,HMRL-01,469,1
2026-04-11,HMRL-41,312,0
2026-04-11,HMRL-47,406,0
2026-04-11,HMRL-16,331,0
2026-04-11,HMRL-15,421,0
2026-04-11,HMRL-45,352,0
2026-04-11,HMRL-23,461,0
2026-04-11,HMRL-20,325,0
2026-04-11,HMRL-09,369,0
2026-04-11,HMRL-07,479,0
2026-04-11,HMRL-25,326,0
2026-04-11,HMRL-33,458,0
2026-04-11,HMRL-38,329,0
2026-04-11,HMRL-50,427,0
2026-04-11,HMRL-11,351,0
2026-04-11,HMRL-05,433,0
2026-04-11,HMRL-03,391,0
2026-04-11,HMRL-39,375,0
2026-04-11,HMRL-19,440,0
2026-04-11,HMRL-30,353,0
2026-04-11,HMRL-22,423,0
2026-04-11,HMRL-14,300,0
2026-04-11,HMRL-29,328,0
2026-04-11,HMRL-32,471,0
2026-04-11,HMRL-37,323,0
2026-04-11,HMRL-40,319,0
2026-04-11,HMRL-60,325,0
2026-04-11,HMRL-12,464,0
2026-04-11,HMRL-43,375,0
2026-04-11,HMRL-06,312,0
2026-04-11,HMRL-55,310,0
2026-04-11,HMRL-52,392,0
2026-04-11,HMRL-08,380,0
2026-04-11,HMRL-35,329,1
2026-04-10,HMRL-01,675,0
2026-04-10,HMRL-55,686,0
2026-04-10,HMRL-09,533,0
2026-04-10,HMRL-43,624,0
2026-04-10,HMRL-42,605,0
2026-04-10,HMRL-11,516,0
2026-04-10,HMRL-22,580,1
2026-04-10,HMRL-23,634,0
2026-04-10,HMRL-29,647,0
2026-04-10,HMRL-40,557,0
2026-04-10,HMRL-18,671,0
2026-04-10,HMRL-47,632,0
2026-04-10,HMRL-06,679,0
2026-04-10,HMRL-24,610,0
2026-04-10,HMRL-54,563,0
2026-04-10,HMRL-12,669,0
2026-04-10,HMRL-08,598,0
2026-04-10,HMRL-26,642,0
2026-04-10,HMRL-57,656,0
2026-04-10,HMRL-30,540,0
2026-04-10,HMRL-50,620,0
2026-04-10,HMRL-25,542,0
2026-04-10,HMRL-31,561,0
2026-04-10,HMRL-27,571,0
2026-04-10,HMRL-59,664,0
2026-04-10,HMRL-44,560,0
2026-04-10,HMRL-58,646,0
2026-04-10,HMRL-04,627,0
2026-04-10,HMRL-36,530,0
2026-04-10,HMRL-33,690,0
2026-04-10,HMRL-14,526,0
2026-04-10,HMRL-19,509,0
2026-04-10,HMRL-16,500,0
2026-04-10,HMRL-56,654,0
2026-04-10,HMRL-52,663,0
2026-04-10,HMRL-46,630,0
2026-04-10,HMRL-15,667,0
2026-04-10,HMRL-48,587,0
2026-04-10,HMRL-20,513,0
2026-04-10,HMRL-13,616,0
2026-04-10,HMRL-45,696,0
2026-04-10,HMRL-60,621,0
2026-04-09,HMRL-46,635,0
2026-04-09,HMRL-29,641,0
2026-04-09,HMRL-08,649,0
2026-04-09,HMRL-07,630,0
2026-04-09,HMRL-49,545,0
2026-04-09,HMRL-43,544,0
2026-04-09,HMRL-15,532,0
2026-04-09,HMRL-01,655,0
2026-04-09,HMRL-22,629,0
2026-04-09,HMRL-23,607,0
2026-04-09,HMRL-41,677,0
2026-04-09,HMRL-19,570,0
2026-04-09,HMRL-36,587,0
2026-04-09,HMRL-34,615,0
2026-04-09,HMRL-24,535,0
2026-04-09,HMRL-45,679,0
2026-04-09,HMRL-57,631,0
2026-04-09,HMRL-03,679,0
2026-04-09,HMRL-11,580,0
2026-04-09,HMRL-32,641,0
2026-04-09,HMRL-09,551,0
2026-04-09,HMRL-27,682,0
2026-04-09,HMRL-44,588,0
2026-04-09,HMRL-17,533,0
2026-04-09,HMRL-13,666,0
2026-04-09,HMRL-48,545,0
2026-04-09,HMRL-58,677,0
2026-04-09,HMRL-26,681,0
2026-04-09,HMRL-14,590,0
2026-04-09,HMRL-54,649,0
2026-04-09,HMRL-39,670,0
2026-04-09,HMRL-33,672,0
2026-04-09,HMRL-38,636,0
2026-04-09,HMRL-51,608,0
2026-04-09,HMRL-42,633,0
2026-04-09,HMRL-04,513,0
2026-04-09,HMRL-50,551,0
2026-04-09,HMRL-02,541,0
2026-04-09,HMRL-21,674,0
2026-04-09,HMRL-56,515,0
2026-04-09,HMRL-25,575,0
2026-04-09,HMRL-31,638,1
2026-04-09,HMRL-52,526,0
2026-04-09,HMRL-37,672,0
2026-04-09,HMRL-05,557,0
2026-04-09,HMRL-47,643,0
2026-04-09,HMRL-53,630,0
2026-04-08,HMRL-45,681,0
2026-04-08,HMRL-43,510,0
2026-04-08,HMRL-04,582,0
2026-04-08,HMRL-25,698,0
2026-04-08,HMRL-57,657,0
2026-04-08,HMRL-27,577,0
2026-04-08,HMRL-51,646,0
2026-04-08,HMRL-44,518,0
2026-04-08,HMRL-21,581,0
2026-04-08,HMRL-36,547,0
2026-04-08,HMRL-58,629,0
2026-04-08,HMRL-01,639,0
2026-04-08,HMRL-48,523,0
2026-04-08,HMRL-17,554,0
2026-04-08,HMRL-13,584,0
2026-04-08,HMRL-40,555,0
2026-04-08,HMRL-29,658,0
2026-04-08,HMRL-15,643,0
2026-04-08,HMRL-41,666,0
2026-04-08,HMRL-24,614,0
2026-04-08,HMRL-38,664,0
2026-04-08,HMRL-35,659,0
2026-04-08,HMRL-46,510,0
2026-04-08,HMRL-60,582,0
2026-04-08,HMRL-19,529,0
2026-04-08,HMRL-53,638,0
2026-04-08,HMRL-12,506,0
2026-04-08,HMRL-05,697,0
2026-04-08,HMRL-34,630,0
2026-04-08,HMRL-31,511,0
2026-04-08,HMRL-06,666,0
2026-04-08,HMRL-42,631,0
2026-04-08,HMRL-47,697,0
2026-04-08,HMRL-50,501,0
2026-04-08,HMRL-37,553,0
2026-04-08,HMRL-02,698,0
2026-04-08,HMRL-14,675,0
2026-04-08,HMRL-09,526,0
2026-04-08,HMRL-18,679,0
2026-04-08,HMRL-23,689,0
2026-04-08,HMRL-33,665,0
2026-04-08,HMRL-30,518,0
2026-04-08,HMRL-52,539,1
2026-04-08,HMRL-49,509,0
2026-04-08,HMRL-11,564,0
2026-04-08,HMRL-08,647,0
2026-04-07,HMRL-27,510,0
2026-04-07,HMRL-25,637,0
2026-04-07,HMRL-29,521,0
2026-04-07,HMRL-41,691,0
2026-04-07,HMRL-26,685,0
2026-04-07,HMRL-28,605,0
2026-04-07,HMRL-21,631,0
2026-04-07,HMRL-02,547,0
2026-04-07,HMRL-59,564,0
2026-04-07,HMRL-44,546,0
2026-04-07,HMRL-08,645,0
2026-04-07,HMRL-35,692,0
2026-04-07,HMRL-01,640,0
2026-04-07,HMRL-42,640,0
2026-04-07,HMRL-40,564,1
2026-04-07,HMRL-05,624,0
2026-04-07,HMRL-38,591,0
2026-04-07,HMRL-03,667,0
2026-04-07,HMRL-45,572,0
2026-04-07,HMRL-23,549,0
2026-04-07,HMRL-33,615,0
2026-04-07,HMRL-07,668,0
2026-04-07,HMRL-19,649,0
2026-04-07,HMRL-20,645,0
2026-04-07,HMRL-06,580,0
2026-04-07,HMRL-51,543,0
2026-04-07,HMRL-58,556,0
2026-04-07,HMRL-52,664,0
2026-04-07,HMRL-56,592,0
2026-04-07,HMRL-60,687,0
2026-04-07,HMRL-22,622,0
2026-04-07,HMRL-48,591,0
2026-04-07,HMRL-16,624,0
2026-04-07,HMRL-36,544,0
2026-04-07,HMRL-18,520,0
2026-04-07,HMRL-50,535,0
2026-04-07,HMRL-47,550,0
2026-04-07,HMRL-13,660,0
2026-04-07,HMRL-32,504,0
2026-04-07,HMRL-10,661,0
2026-04-07,HMRL-24,603,0
2026-04-07,HMRL-54,554,0
2026-04-07,HMRL-12,641,0
2026-04-07,HMRL-34,638,0
2026-04-07,HMRL-37,698,0
2026-04-07,HMRL-53,600,0
2026-04-06,HMRL-09,689,0
2026-04-06,HMRL-30,639,0
2026-04-06,HMRL-33,596,0
2026-04-06,HMRL-58,593,0
2026-04-06,HMRL-06,519,0
2026-04-06,HMRL-26,596,0
2026-04-06,HMRL-24,557,0
2026-04-06,HMRL-57,590,0
2026-04-06,HMRL-01,588,0
2026-04-06,HMRL-43,623,0
2026-04-06,HMRL-16,501,0
2026-04-06,HMRL-40,535,0
2026-04-06,HMRL-44,558,0
2026-04-06,HMRL-11,554,0
2026-04-06,HMRL-53,540,0
2026-04-06,HMRL-60,683,0
2026-04-06,HMRL-29,669,0
2026-04-06,HMRL-47,584,0
2026-04-06,HMRL-12,623,0
2026-04-06,HMRL-37,622,0
2026-04-06,HMRL-41,541,0
2026-04-06,HMRL-10,605,0
2026-04-06,HMRL-31,646,0
2026-04-06,HMRL-23,534,0
2026-04-06,HMRL-03,510,0
2026-04-06,HMRL-15,537,0
2026-04-06,HMRL-32,546,0
2026-04-06,HMRL-35,603,0
2026-04-06,HMRL-05,644,0
2026-04-06,HMRL-45,684,0
2026-04-06,HMRL-42,572,0
2026-04-06,HMRL-08,555,0
2026-04-06,HMRL-02,620,0
2026-04-06,HMRL-22,543,0
2026-04-06,HMRL-07,605,0
2026-04-06,HMRL-17,649,0
2026-04-06,HMRL-59,546,0
2026-04-06,HMRL-13,630,0
2026-04-06,HMRL-50,685,0
2026-04-06,HMRL-46,616,0
2026-04-06,HMRL-28,517,0
2026-04-06,HMRL-20,598,0
2026-04-06,HMRL-51,504,0
2026-04-06,HMRL-04,629,0
2026-04-06,HMRL-38,538,0
2026-04-06,HMRL-14,545,0
2026-04-05,HMRL-57,447,0
2026-04-05,HMRL-51,433,0
2026-04-05,HMRL-35,476,0
2026-04-05,HMRL-33,404,0
2026-04-05,HMRL-49,339,0
2026-04-05,HMRL-08,449,0
2026-04-05,HMRL-06,437,0
2026-04-05,HMRL-31,393,0
2026-04-05,HMRL-43,474,0
2026-04-05,HMRL-09,352,0
2026-04-05,HMRL-39,500,0
2026-04-05,HMRL-58,345,0
2026-04-05,HMRL-01,442,0
2026-04-05,HMRL-44,378,0
2026-04-05,HMRL-42,498,0
2026-04-05,HMRL-28,488,0
2026-04-05,HMRL-34,468,0
2026-04-05,HMRL-27,358,0
2026-04-05,HMRL-24,479,0
2026-04-05,HMRL-03,325,0
2026-04-05,HMRL-47,402,0
2026-04-05,HMRL-45,440,0
2026-04-05,HMRL-15,475,0
2026-04-05,HMRL-53,341,0
2026-04-05,HMRL-25,462,0
2026-04-05,HMRL-23,337,0
2026-04-05,HMRL-07,453,0
2026-04-05,HMRL-50,316,0
2026-04-05,HMRL-59,394,0
2026-04-05,HMRL-32,398,0
2026-04-05,HMRL-16,402,0
2026-04-05,HMRL-36,433,0
2026-04-05,HMRL-55,452,1
2026-04-05,HMRL-41,344,0
2026-04-05,HMRL-10,412,1
2026-04-05,HMRL-20,432,0
2026-04-05,HMRL-18,308,0
2026-04-05,HMRL-14,430,0
2026-04-05,HMRL-37,359,0
2026-04-05,HMRL-40,472,0
2026-04-05,HMRL-48,300,0
2026-04-05,HMRL-29,322,0
2026-04-04,HMRL-23,417,0
2026-04-04,HMRL-43,307,0
2026-04-04,HMRL-26,366,0
2026-04-04,HMRL-58,356,0
2026-04-04,HMRL-38,358,0
2026-04-04,HMRL-13,405,0
2026-04-04,HMRL-34,432,0
2026-04-04,HMRL-01,479,0
2026-04-04,HMRL-48,363,0
2026-04-04,HMRL-46,402,0
2026-04-04,HMRL-05,387,2
2026-04-04,HMRL-06,421,0
2026-04-04,HMRL-36,355,0
2026-04-04,HMRL-19,368,0
2026-04-04,HMRL-52,491,0
2026-04-04,HMRL-56,348,0
2026-04-04,HMRL-60,351,0
2026-04-04,HMRL-44,361,0
2026-04-04,HMRL-18,352,0
2026-04-04,HMRL-15,363,0
2026-04-04,HMRL-39,391,0
2026-04-04,HMRL-55,327,0
2026-04-04,HMRL-30,320,0
2026-04-04,HMRL-57,469,0
2026-04-04,HMRL-53,301,0
2026-04-04,HMRL-17,438,0
2026-04-04,HMRL-12,423,0
2026-04-04,HMRL-27,380,0
2026-04-04,HMRL-07,447,0
2026-04-04,HMRL-42,425,0
2026-04-04,HMRL-03,495,0
2026-04-04,HMRL-35,371,0
2026-04-04,HMRL-10,492,0
2026-04-04,HMRL-11,313,0
2026-04-04,HMRL-04,408,0
2026-04-04,HMRL-29,438,0
2026-04-04,HMRL-09,475,0
2026-04-04,HMRL-31,417,0
2026-04-04,HMRL-47,478,0
2026-04-04,HMRL-24,380,0
2026-04-04,HMRL-41,303,0
2026-04-04,HMRL-40,397,0
2026-04-04,HMRL-16,383,0
2026-04-04,HMRL-08,366,0
2026-04-04,HMRL-33,367,0
2026-04-04,HMRL-22,420,0
2026-04-04,HMRL-25,387,0
2026-04-04,HMRL-59,427,0
2026-04-03,HMRL-45,621,0
2026-04-03,HMRL-49,524,0
2026-04-03,HMRL-24,585,0
2026-04-03,HMRL-58,592,0
2026-04-03,HMRL-55,565,0
2026-04-03,HMRL-26,605,0
2026-04-03,HMRL-18,673,0
2026-04-03,HMRL-29,550,0
2026-04-03,HMRL-12,666,0
2026-04-03,HMRL-37,544,0
2026-04-03,HMRL-09,572,0
2026-04-03,HMRL-51,672,0
2026-04-03,HMRL-44,698,0
2026-04-03,HMRL-15,520,0
2026-04-03,HMRL-07,573,0
2026-04-03,HMRL-54,537,0
2026-04-03,HMRL-16,663,0
2026-04-03,HMRL-36,586,0
2026-04-03,HMRL-28,656,0
2026-04-03,HMRL-25,518,0
2026-04-03,HMRL-13,580,0
2026-04-03,HMRL-10,574,0
2026-04-03,HMRL-39,654,0
2026-04-03,HMRL-31,569,0
2026-04-03,HMRL-01,699,0
2026-04-03,HMRL-52,592,0
2026-04-03,HMRL-27,633,0
2026-04-03,HMRL-32,605,0
2026-04-03,HMRL-50,505,0
2026-04-03,HMRL-53,560,0
2026-04-03,HMRL-42,690,0
2026-04-03,HMRL-21,520,0
2026-04-03,HMRL-17,601,0
2026-04-03,HMRL-60,621,0
2026-04-03,HMRL-57,506,0
2026-04-03,HMRL-11,634,0
2026-04-03,HMRL-48,521,0
2026-04-03,HMRL-38,521,0
2026-04-03,HMRL-33,599,0
2026-04-03,HMRL-34,563,0
2026-04-03,HMRL-19,613,0
2026-04-03,HMRL-02,533,0
2026-04-03,HMRL-40,543,0
2026-04-03,HMRL-04,583,0
2026-04-03,HMRL-06,619,0
2026-04-03,HMRL-43,638,0
2026-04-03,HMRL-30,640,0
2026-04-03,HMRL-05,678,0
2026-04-02,HMRL-41,563,0
2026-04-02,HMRL-48,688,0
2026-04-02,HMRL-60,596,0
2026-04-02,HMRL-57,520,0
2026-04-02,HMRL-37,561,0
2026-04-02,HMRL-28,656,0
2026-04-02,HMRL-34,675,0
2026-04-02,HMRL-58,666,0
2026-04-02,HMRL-53,568,0
2026-04-02,HMRL-35,517,0
2026-04-02,HMRL-20,574,0
2026-04-02,HMRL-23,615,0
2026-04-02,HMRL-31,659,0
2026-04-02,HMRL-51,582,0
2026-04-02,HMRL-15,636,3
2026-04-02,HMRL-06,572,0
2026-04-02,HMRL-29,683,0
2026-04-02,HMRL-50,502,0
2026-04-02,HMRL-24,538,0
2026-04-02,HMRL-27,607,0
2026-04-02,HMRL-17,627,0
2026-04-02,HMRL-10,618,0
2026-04-02,HMRL-43,508,0
2026-04-02,HMRL-01,692,0
2026-04-02,HMRL-56,514,0
2026-04-02,HMRL-54,600,0
2026-04-02,HMRL-09,549,0
2026-04-02,HMRL-49,564,0
2026-04-02,HMRL-19,503,0
2026-04-02,HMRL-16,696,0
2026-04-02,HMRL-18,598,0
2026-04-02,HMRL-36,613,0
2026-04-02,HMRL-33,508,0
2026-04-02,HMRL-59,688,0
2026-04-02,HMRL-25,633,0
2026-04-02,HMRL-52,553,0
2026-04-02,HMRL-39,674,0
2026-04-02,HMRL-44,582,0
2026-04-02,HMRL-14,686,2
2026-04-02,HMRL-42,633,0
2026-04-02,HMRL-38,623,0
2026-04-02,HMRL-08,550,0
2026-04-02,HMRL-55,513,0
2026-04-02,HMRL-12,555,0
2026-04-02,HMRL-07,560,0
2026-04-02,HMRL-26,583,1
2026-04-02,HMRL-47,649,0
2026-04-02,HMRL-46,562,0
2026-04-02,HMRL-13,700,0
2026-04-01,HMRL-24,582,0
2026-04-01,HMRL-50,570,0
2026-04-01,HMRL-06,653,0
2026-04-01,HMRL-16,641,0
2026-04-01,HMRL-11,635,0
2026-04-01,HMRL-32,575,0
2026-04-01,HMRL-58,638,0
2026-04-01,HMRL-44,500,0
2026-04-01,HMRL-40,629,0
2026-04-01,HMRL-22,547,0
2026-04-01,HMRL-49,658,0
2026-04-01,HMRL-41,698,0
2026-04-01,HMRL-04,582,0
2026-04-01,HMRL-48,668,0
2026-04-01,HMRL-23,599,0
2026-04-01,HMRL-42,674,0
2026-04-01,HMRL-10,641,0
2026-04-01,HMRL-35,572,0
2026-04-01,HMRL-07,664,0
2026-04-01,HMRL-09,524,0
2026-04-01,HMRL-55,517,2
2026-04-01,HMRL-15,545,0
2026-04-01,HMRL-21,551,0
2026-04-01,HMRL-36,508,0
2026-04-01,HMRL-46,599,0
2026-04-01,HMRL-29,634,0
2026-04-01,HMRL-13,651,0
2026-04-01,HMRL-02,593,0
2026-04-01,HMRL-25,683,2
2026-04-01,HMRL-12,553,0
2026-04-01,HMRL-60,520,0
2026-04-01,HMRL-05,663,0
2026-04-01,HMRL-59,606,0
2026-04-01,HMRL-33,681,0
2026-04-01,HMRL-57,635,0
2026-04-01,HMRL-37,577,0
2026-04-01,HMRL-39,632,1
2026-04-01,HMRL-18,636,0
2026-04-01,HMRL-53,549,0
2026-04-01,HMRL-52,563,0
2026-04-01,HMRL-26,545,0
2026-04-01,HMRL-45,642,0
2026-04-01,HMRL-54,527,0
2026-04-01,HMRL-31,647,0
2026-03-31,HMRL-45,697,0
2026-03-31,HMRL-43,676,0
2026-03-31,HMRL-28,641,0
2026-03-31,HMRL-57,646,0
2026-03-31,HMRL-07,539,0
2026-03-31,HMRL-11,539,0
2026-03-31,HMRL-51,593,0
2026-03-31,HMRL-12,563,0
2026-03-31,HMRL-36,576,0
2026-03-31,HMRL-26,555,0
2026-03-31,HMRL-33,685,0
2026-03-31,HMRL-22,623,0
2026-03-31,HMRL-59,676,0
2026-03-31,HMRL-55,524,0
2026-03-31,HMRL-35,576,1
2026-03-31,HMRL-39,597,0
2026-03-31,HMRL-29,697,0
2026-03-31,HMRL-23,611,0
2026-03-31,HMRL-21,530,0
2026-03-31,HMRL-52,558,0
2026-03-31,HMRL-42,654,0
2026-03-31,HMRL-24,662,0
2026-03-31,HMRL-27,597,0
2026-03-31,HMRL-58,581,0
2026-03-31,HMRL-40,538,0
2026-03-31,HMRL-16,678,0
2026-03-31,HMRL-14,512,0
2026-03-31,HMRL-25,600,0
2026-03-31,HMRL-17,692,0
2026-03-31,HMRL-53,629,0
2026-03-31,HMRL-15,600,0
2026-03-31,HMRL-30,586,0
2026-03-31,HMRL-13,512,0
2026-03-31,HMRL-01,567,0
2026-03-31,HMRL-60,698,0
2026-03-31,HMRL-02,695,0
2026-03-31,HMRL-10,643,0
2026-03-31,HMRL-20,601,0
2026-03-31,HMRL-38,550,0
2026-03-31,HMRL-32,688,0
2026-03-31,HMRL-05,562,1
2026-03-31,HMRL-54,582,0
2026-03-31,HMRL-49,647,0
2026-03-31,HMRL-19,608,0
2026-03-31,HMRL-08,548,0
2026-03-31,HMRL-04,652,0
2026-03-31,HMRL-34,697,0
2026-03-31,HMRL-06,589,0
2026-03-31,HMRL-18,613,0
2026-03-30,HMRL-03,658,0
2026-03-30,HMRL-53,619,0
2026-03-30,HMRL-15,502,0
2026-03-30,HMRL-13,669,0
2026-03-30,HMRL-44,668,0
2026-03-30,HMRL-24,527,1
2026-03-30,HMRL-10,666,0
2026-03-30,HMRL-49,597,0
2026-03-30,HMRL-47,681,0
2026-03-30,HMRL-06,652,0
2026-03-30,HMRL-08,547,0
2026-03-30,HMRL-48,617,0
2026-03-30,HMRL-04,682,0
2026-03-30,HMRL-16,635,0
2026-03-30,HMRL-40,625,0
2026-03-30,HMRL-54,540,0
2026-03-30,HMRL-19,590,0
2026-03-30,HMRL-01,560,0
2026-03-30,HMRL-22,628,0
2026-03-30,HMRL-50,515,0
2026-03-30,HMRL-20,599,0
2026-03-30,HMRL-29,507,0
2026-03-30,HMRL-31,571,0
2026-03-30,HMRL-02,587,0
2026-03-30,HMRL-42,668,0
2026-03-30,HMRL-14,686,0
2026-03-30,HMRL-35,673,0
2026-03-30,HMRL-34,660,0
2026-03-30,HMRL-17,606,0
2026-03-30,HMRL-18,539,0
2026-03-30,HMRL-52,579,0
2026-03-30,HMRL-46,584,0
2026-03-30,HMRL-55,533,0
2026-03-30,HMRL-05,535,0
2026-03-30,HMRL-23,675,0
2026-03-30,HMRL-26,535,0
2026-03-30,HMRL-36,680,0
2026-03-30,HMRL-43,534,0
2026-03-30,HMRL-57,697,0
2026-03-30,HMRL-56,644,0
2026-03-30,HMRL-32,581,0
2026-03-30,HMRL-37,684,0
2026-03-30,HMRL-09,581,0
2026-03-30,HMRL-51,537,0
2026-03-30,HMRL-21,695,0
2026-03-30,HMRL-27,605,0
2026-03-30,HMRL-59,577,0
2026-03-30,HMRL-28,663,0
2026-03-30,HMRL-12,570,0
2026-03-29,HMRL-07,476,0
2026-03-29,HMRL-09,417,0
2026-03-29,HMRL-12,409,0
2026-03-29,HMRL-02,310,0
2026-03-29,HMRL-49,397,0
2026-03-29,HMRL-40,400,0
2026-03-29,HMRL-55,490,0
2026-03-29,HMRL-18,437,0
2026-03-29,HMRL-39,480,0
2026-03-29,HMRL-37,433,0
2026-03-29,HMRL-54,416,0
2026-03-29,HMRL-15,310,0
2026-03-29,HMRL-52,362,0
2026-03-29,HMRL-56,401,0
2026-03-29,HMRL-47,310,0
2026-03-29,HMRL-44,432,0
2026-03-29,HMRL-57,312,0
2026-03-29,HMRL-23,412,0
2026-03-29,HMRL-06,377,0
2026-03-29,HMRL-31,373,0
2026-03-29,HMRL-59,408,0
2026-03-29,HMRL-33,313,0
2026-03-29,HMRL-41,336,0
2026-03-29,HMRL-24,465,0
2026-03-29,HMRL-58,484,0
2026-03-29,HMRL-25,346,0
2026-03-29,HMRL-32,478,0
2026-03-29,HMRL-38,400,0
2026-03-29,HMRL-50,415,0
2026-03-29,HMRL-42,482,0
2026-03-29,HMRL-60,416,0
2026-03-29,HMRL-08,466,0
2026-03-29,HMRL-45,341,0
2026-03-29,HMRL-14,331,1
2026-03-29,HMRL-35,462,0
2026-03-29,HMRL-01,434,0
2026-03-29,HMRL-34,486,0
2026-03-29,HMRL-27,430,0
2026-03-29,HMRL-29,340,0
2026-03-29,HMRL-30,397,0
2026-03-29,HMRL-21,385,0
2026-03-29,HMRL-03,468,0
2026-03-29,HMRL-48,341,0
2026-03-29,HMRL-46,345,0
2026-03-29,HMRL-16,313,0
2026-03-28,HMRL-47,447,0
2026-03-28,HMRL-50,376,0
2026-03-28,HMRL-29,322,0
2026-03-28,HMRL-19,345,0
2026-03-28,HMRL-41,372,0
2026-03-28,HMRL-12,477,0
2026-03-28,HMRL-08,446,0
2026-03-28,HMRL-09,345,0
2026-03-28,HMRL-13,491,0
2026-03-28,HMRL-01,309,0
2026-03-28,HMRL-40,394,0
2026-03-28,HMRL-49,317,0
2026-03-28,HMRL-17,440,0
2026-03-28,HMRL-51,331,0
2026-03-28,HMRL-30,370,0
2026-03-28,HMRL-32,405,0
2026-03-28,HMRL-45,478,0
2026-03-28,HMRL-35,314,0
2026-03-28,HMRL-60,486,0
2026-03-28,HMRL-39,435,0
2026-03-28,HMRL-44,423,0
2026-03-28,HMRL-16,454,0
2026-03-28,HMRL-14,480,0
2026-03-28,HMRL-31,455,0
2026-03-28,HMRL-46,366,0
2026-03-28,HMRL-27,459,0
2026-03-28,HMRL-58,333,0
2026-03-28,HMRL-06,427,0
2026-03-28,HMRL-42,461,0
2026-03-28,HMRL-54,346,0
2026-03-28,HMRL-34,359,0
2026-03-28,HMRL-18,349,0
2026-03-28,HMRL-53,460,0
2026-03-28,HMRL-20,488,0
2026-03-28,HMRL-21,457,0
2026-03-28,HMRL-36,405,0
2026-03-28,HMRL-07,463,0
2026-03-28,HMRL-02,463,0
2026-03-28,HMRL-33,372,0
2026-03-28,HMRL-05,317,0
2026-03-28,HMRL-23,429,0
2026-03-28,HMRL-55,496,0
2026-03-28,HMRL-43,387,0
2026-03-28,HMRL-26,445,0
2026-03-28,HMRL-25,307,0
2026-03-28,HMRL-11,349,0
2026-03-27,HMRL-60,522,0
2026-03-27,HMRL-44,560,0
2026-03-27,HMRL-31,577,0
2026-03-27,HMRL-58,577,0
2026-03-27,HMRL-52,595,0
2026-03-27,HMRL-03,699,0
2026-03-27,HMRL-42,523,0
2026-03-27,HMRL-09,506,0
2026-03-27,HMRL-57,628,0
2026-03-27,HMRL-10,587,0
2026-03-27,HMRL-41,687,0
2026-03-27,HMRL-30,579,0
2026-03-27,HMRL-35,536,0
2026-03-27,HMRL-22,525,0
2026-03-27,HMRL-49,632,0
2026-03-27,HMRL-27,533,0
2026-03-27,HMRL-04,509,0
2026-03-27,HMRL-34,682,0
2026-03-27,HMRL-20,529,2
2026-03-27,HMRL-37,675,0
2026-03-27,HMRL-21,522,0
2026-03-27,HMRL-36,511,1
2026-03-27,HMRL-48,690,0
2026-03-27,HMRL-02,647,0
2026-03-27,HMRL-14,663,0
2026-03-27,HMRL-47,582,0
2026-03-27,HMRL-23,573,0
2026-03-27,HMRL-05,581,0
2026-03-27,HMRL-51,671,0
2026-03-27,HMRL-53,538,0
2026-03-27,HMRL-45,529,0
2026-03-27,HMRL-01,631,0
2026-03-27,HMRL-11,640,0
2026-03-27,HMRL-13,536,0
2026-03-27,HMRL-40,572,0
2026-03-27,HMRL-18,543,0
2026-03-27,HMRL-06,586,0
2026-03-27,HMRL-19,512,0
2026-03-27,HMRL-54,620,0
2026-03-27,HMRL-46,512,0
2026-03-27,HMRL-24,513,0
2026-03-27,HMRL-59,680,0
2026-03-27,HMRL-32,651,0
2026-03-27,HMRL-28,676,0
2026-03-27,HMRL-50,657,0
2026-03-27,HMRL-33,585,0
2026-03-27,HMRL-07,682,0
2026-03-26,HMRL-06,642,0
2026-03-26,HMRL-49,577,0
2026-03-26,HMRL-59,602,0
2026-03-26,HMRL-30,561,0
2026-03-26,HMRL-37,640,0
2026-03-26,HMRL-09,623,0
2026-03-26,HMRL-60,587,0
2026-03-26,HMRL-53,677,0
2026-03-26,HMRL-52,700,0
2026-03-26,HMRL-45,645,0
2026-03-26,HMRL-57,639,0
2026-03-26,HMRL-07,544,0
2026-03-26,HMRL-50,519,0
2026-03-26,HMRL-20,682,0
2026-03-26,HMRL-44,624,0
2026-03-26,HMRL-42,652,0
2026-03-26,HMRL-48,642,0
2026-03-26,HMRL-31,578,0
2026-03-26,HMRL-15,517,0
2026-03-26,HMRL-51,675,0
2026-03-26,HMRL-10,697,0
2026-03-26,HMRL-17,583,0
2026-03-26,HMRL-24,669,0
2026-03-26,HMRL-26,535,0
2026-03-26,HMRL-12,693,0
2026-03-26,HMRL-22,500,0
2026-03-26,HMRL-21,669,0
2026-03-26,HMRL-46,636,0
2026-03-26,HMRL-32,657,0
2026-03-26,HMRL-01,550,0
2026-03-26,HMRL-03,581,0
2026-03-26,HMRL-16,673,0
2026-03-26,HMRL-04,611,0
2026-03-26,HMRL-36,588,0
2026-03-26,HMRL-29,649,3
2026-03-26,HMRL-41,603,0
2026-03-26,HMRL-54,575,2
2026-03-26,HMRL-40,513,0
2026-03-26,HMRL-27,591,0
2026-03-26,HMRL-47,572,0
2026-03-26,HMRL-19,560,0
2026-03-26,HMRL-05,651,0
2026-03-26,HMRL-39,581,0
2026-03-26,HMRL-28,603,0
2026-03-26,HMRL-13,639,0
2026-03-26,HMRL-14,544,0
2026-03-26,HMRL-35,548,0
2026-03-26,HMRL-56,592,0
2026-03-26,HMRL-02,539,0
2026-03-26,HMRL-38,671,0
2026-03-25,HMRL-05,508,0
2026-03-25,HMRL-42,645,0
2026-03-25,HMRL-02,594,0
2026-03-25,HMRL-10,623,0
2026-03-25,HMRL-47,520,0
2026-03-25,HMRL-32,687,0
2026-03-25,HMRL-43,692,0
2026-03-25,HMRL-28,619,0
2026-03-25,HMRL-09,633,0
2026-03-25,HMRL-06,522,0
2026-03-25,HMRL-52,661,0
2026-03-25,HMRL-59,671,0
2026-03-25,HMRL-27,648,0
2026-03-25,HMRL-30,513,0
2026-03-25,HMRL-45,636,0
2026-03-25,HMRL-39,620,0
2026-03-25,HMRL-53,620,0
2026-03-25,HMRL-40,584,0
2026-03-25,HMRL-12,575,0
2026-03-25,HMRL-56,509,0
2026-03-25,HMRL-33,652,0
2026-03-25,HMRL-44,686,0
2026-03-25,HMRL-36,566,0
2026-03-25,HMRL-29,543,0
2026-03-25,HMRL-25,668,0
2026-03-25,HMRL-23,688,0
2026-03-25,HMRL-15,573,0
2026-03-25,HMRL-49,532,0
2026-03-25,HMRL-46,700,0
2026-03-25,HMRL-20,533,0
2026-03-25,HMRL-01,570,0
2026-03-25,HMRL-19,503,0
2026-03-25,HMRL-16,654,0
2026-03-25,HMRL-24,651,0
2026-03-25,HMRL-08,668,0
2026-03-25,HMRL-35,544,0
2026-03-25,HMRL-17,679,0
2026-03-25,HMRL-50,546,0
2026-03-25,HMRL-14,508,0
2026-03-25,HMRL-18,521,0
2026-03-25,HMRL-37,652,0
2026-03-25,HMRL-54,539,0
2026-03-24,HMRL-50,585,0
2026-03-24,HMRL-25,525,0
2026-03-24,HMRL-16,649,0
2026-03-24,HMRL-43,697,0
2026-03-24,HMRL-29,561,0
2026-03-24,HMRL-47,650,0
2026-03-24,HMRL-41,633,0
2026-03-24,HMRL-11,676,0
2026-03-24,HMRL-14,580,0
2026-03-24,HMRL-37,672,0
2026-03-24,HMRL-55,605,0
2026-03-24,HMRL-23,614,0
2026-03-24,HMRL-04,685,0
2026-03-24,HMRL-42,549,0
2026-03-24,HMRL-17,514,0
2026-03-24,HMRL-08,668,0
2026-03-24,HMRL-48,555,0
2026-03-24,HMRL-53,663,0
2026-03-24,HMRL-30,530,0
2026-03-24,HMRL-26,596,0
2026-03-24,HMRL-31,665,0
2026-03-24,HMRL-20,547,0
2026-03-24,HMRL-40,678,0
2026-03-24,HMRL-35,575,0
2026-03-24,HMRL-15,519,0
2026-03-24,HMRL-59,570,0
2026-03-24,HMRL-51,677,0
2026-03-24,HMRL-38,697,0
2026-03-24,HMRL-46,565,0
2026-03-24,HMRL-05,518,0
2026-03-24,HMRL-32,515,0
2026-03-24,HMRL-28,585,0
2026-03-24,HMRL-52,566,0
2026-03-24,HMRL-01,567,0
2026-03-24,HMRL-10,517,0
2026-03-24,HMRL-36,551,0
2026-03-24,HMRL-13,545,0
2026-03-24,HMRL-22,527,0
2026-03-24,HMRL-57,696,0
2026-03-24,HMRL-60,657,0
2026-03-24,HMRL-02,613,0
2026-03-24,HMRL-44,526,0
2026-03-24,HMRL-18,686,0
2026-03-24,HMRL-12,614,0
2026-03-24,HMRL-56,667,0
2026-03-24,HMRL-54,509,0
2026-03-24,HMRL-49,568,0
2026-03-24,HMRL-33,584,0
2026-03-23,HMRL-33,678,0
2026-03-23,HMRL-46,527,0
2026-03-23,HMRL-50,591,0
2026-03-23,HMRL-32,661,0
2026-03-23,HMRL-31,548,0
2026-03-23,HMRL-28,549,3
2026-03-23,HMRL-26,561,0
2026-03-23,HMRL-47,516,0
2026-03-23,HMRL-58,664,0
2026-03-23,HMRL-51,636,0
2026-03-23,HMRL-05,615,0
2026-03-23,HMRL-35,504,0
2026-03-23,HMRL-15,684,0
2026-03-23,HMRL-01,667,0
2026-03-23,HMRL-25,617,0
2026-03-23,HMRL-45,637,0
2026-03-23,HMRL-56,648,0
2026-03-23,HMRL-08,518,0
2026-03-23,HMRL-37,667,2
2026-03-23,HMRL-49,658,1
2026-03-23,HMRL-23,533,0
2026-03-23,HMRL-22,578,0
2026-03-23,HMRL-20,524,0
2026-03-23,HMRL-54,543,0
2026-03-23,HMRL-04,516,0
2026-03-23,HMRL-06,527,0
2026-03-23,HMRL-24,652,0
2026-03-23,HMRL-39,556,0
2026-03-23,HMRL-41,586,0
2026-03-23,HMRL-27,688,0
2026-03-23,HMRL-48,583,0
2026-03-23,HMRL-59,675,0
2026-03-23,HMRL-29,535,0
2026-03-23,HMRL-10,554,0
2026-03-23,HMRL-21,651,0
2026-03-23,HMRL-07,516,0
2026-03-23,HMRL-57,536,0
2026-03-23,HMRL-18,543,0
2026-03-23,HMRL-02,641,0
2026-03-23,HMRL-13,562,0
2026-03-23,HMRL-55,510,0
2026-03-23,HMRL-44,661,0
2026-03-22,HMRL-02,458,0
2026-03-22,HMRL-57,494,0
2026-03-22,HMRL-32,429,0
2026-03-22,HMRL-06,497,0
2026-03-22,HMRL-01,353,0
2026-03-22,HMRL-56,349,0
2026-03-22,HMRL-12,338,0
2026-03-22,HMRL-59,421,0
2026-03-22,HMRL-46,340,0
2026-03-22,HMRL-42,311,0
2026-03-22,HMRL-38,353,0
2026-03-22,HMRL-19,385,0
2026-03-22,HMRL-27,494,0
2026-03-22,HMRL-45,326,0
2026-03-22,HMRL-31,437,0
2026-03-22,HMRL-47,307,0
2026-03-22,HMRL-09,329,0
2026-03-22,HMRL-14,413,0
2026-03-22,HMRL-10,383,0
2026-03-22,HMRL-41,491,0
2026-03-22,HMRL-18,383,0
2026-03-22,HMRL-34,328,0
2026-03-22,HMRL-29,325,0
2026-03-22,HMRL-48,405,0
2026-03-22,HMRL-16,396,0
2026-03-22,HMRL-54,318,0
2026-03-22,HMRL-03,424,0
2026-03-22,HMRL-35,355,0
2026-03-22,HMRL-58,416,0
2026-03-22,HMRL-20,395,0
2026-03-22,HMRL-39,484,0
2026-03-22,HMRL-21,391,0
2026-03-22,HMRL-37,351,0
2026-03-22,HMRL-26,308,0
2026-03-22,HMRL-51,315,0
2026-03-22,HMRL-33,328,0
2026-03-22,HMRL-43,417,0
2026-03-22,HMRL-55,494,0
2026-03-22,HMRL-40,375,0
2026-03-22,HMRL-08,463,0
2026-03-22,HMRL-07,343,0
2026-03-22,HMRL-04,441,0
2026-03-22,HMRL-17,322,0
2026-03-22,HMRL-49,433,0
2026-03-21,HMRL-38,361,0
2026-03-21,HMRL-31,323,0
2026-03-21,HMRL-54,341,0
2026-03-21,HMRL-30,446,0
2026-03-21,HMRL-18,306,0
2026-03-21,HMRL-01,418,0
2026-03-21,HMRL-47,480,0
2026-03-21,HMRL-28,394,0
2026-03-21,HMRL-48,480,0
2026-03-21,HMRL-16,460,2
2026-03-21,HMRL-51,385,0
2026-03-21,HMRL-21,375,0
2026-03-21,HMRL-53,369,0
2026-03-21,HMRL-60,456,0
2026-03-21,HMRL-15,353,0
2026-03-21,HMRL-58,320,0
2026-03-21,HMRL-10,385,0
2026-03-21,HMRL-37,314,0
2026-03-21,HMRL-55,472,0
2026-03-21,HMRL-27,313,0
2026-03-21,HMRL-03,393,0
2026-03-21,HMRL-40,310,0
2026-03-21,HMRL-59,344,0
2026-03-21,HMRL-33,480,1
2026-03-21,HMRL-39,352,0
2026-03-21,HMRL-52,385,0
2026-03-21,HMRL-34,329,0
2026-03-21,HMRL-26,488,0
2026-03-21,HMRL-45,448,0
2026-03-21,HMRL-43,479,0
2026-03-21,HMRL-32,490,0
2026-03-21,HMRL-23,382,0
2026-03-21,HMRL-41,368,0
2026-03-21,HMRL-04,408,0
2026-03-21,HMRL-46,316,0
2026-03-21,HMRL-50,415,0
2026-03-21,HMRL-08,434,0
2026-03-21,HMRL-36,420,0
2026-03-21,HMRL-56,473,0
2026-03-21,HMRL-42,374,0
2026-03-21,HMRL-14,394,0
2026-03-21,HMRL-07,477,0
2026-03-21,HMRL-05,316,0
2026-03-21,HMRL-12,417,0
2026-03-21,HMRL-44,345,0
2026-03-20,HMRL-07,645,0
2026-03-20,HMRL-11,578,0
2026-03-20,HMRL-18,566,0
2026-03-20,HMRL-08,595,0
2026-03-20,HMRL-45,697,0
2026-03-20,HMRL-10,537,0
2026-03-20,HMRL-32,616,0
2026-03-20,HMRL-55,658,0
2026-03-20,HMRL-14,682,0
2026-03-20,HMRL-34,546,0
2026-03-20,HMRL-41,681,0
2026-03-20,HMRL-02,670,0
2026-03-20,HMRL-19,541,0
2026-03-20,HMRL-27,510,0
2026-03-20,HMRL-44,647,0
2026-03-20,HMRL-35,566,0
2026-03-20,HMRL-09,552,0
2026-03-20,HMRL-31,508,0
2026-03-20,HMRL-23,588,0
2026-03-20,HMRL-47,614,0
2026-03-20,HMRL-29,541,0
2026-03-20,HMRL-49,531,0
2026-03-20,HMRL-48,603,0
2026-03-20,HMRL-13,696,0
2026-03-20,HMRL-05,617,0
2026-03-20,HMRL-39,539,1
2026-03-20,HMRL-15,629,0
2026-03-20,HMRL-22,680,0
2026-03-20,HMRL-50,574,0
2026-03-20,HMRL-38,693,0
2026-03-20,HMRL-59,646,0
2026-03-20,HMRL-21,644,0
2026-03-20,HMRL-40,613,0
2026-03-20,HMRL-26,528,0
2026-03-20,HMRL-30,510,0
2026-03-20,HMRL-16,641,0
2026-03-20,HMRL-43,506,0
2026-03-20,HMRL-33,556,0
2026-03-20,HMRL-17,523,0
2026-03-20,HMRL-58,655,0
2026-03-20,HMRL-51,649,0
2026-03-20,HMRL-20,700,0
2026-03-20,HMRL-53,571,0
2026-03-19,HMRL-35,650,0
2026-03-19,HMRL-55,536,0
2026-03-19,HMRL-29,621,0
2026-03-19,HMRL-44,634,0
2026-03-19,HMRL-43,516,0
2026-03-19,HMRL-06,651,0
2026-03-19,HMRL-33,522,0
2026-03-19,HMRL-26,569,0
2026-03-19,HMRL-13,642,0
2026-03-19,HMRL-32,645,0
2026-03-19,HMRL-21,535,0
2026-03-19,HMRL-39,597,0
2026-03-19,HMRL-49,625,1
2026-03-19,HMRL-54,649,0
2026-03-19,HMRL-04,643,0
2026-03-19,HMRL-56,557,0
2026-03-19,HMRL-24,567,0
2026-03-19,HMRL-53,663,0
2026-03-19,HMRL-10,620,0
2026-03-19,HMRL-28,670,0
2026-03-19,HMRL-57,606,0
2026-03-19,HMRL-25,676,0
2026-03-19,HMRL-40,507,0
2026-03-19,HMRL-01,570,0
2026-03-19,HMRL-19,517,0
2026-03-19,HMRL-23,592,0
2026-03-19,HMRL-60,644,0
2026-03-19,HMRL-20,566,0
2026-03-19,HMRL-58,621,0
2026-03-19,HMRL-41,530,0
2026-03-19,HMRL-18,687,0
2026-03-19,HMRL-03,566,0
2026-03-19,HMRL-07,514,0
2026-03-19,HMRL-38,618,0
2026-03-19,HMRL-15,534,0
2026-03-19,HMRL-27,513,0
2026-03-19,HMRL-14,607,0
2026-03-19,HMRL-45,591,0
2026-03-19,HMRL-42,663,0
2026-03-19,HMRL-59,631,0
2026-03-19,HMRL-48,660,0
2026-03-19,HMRL-47,524,0
2026-03-19,HMRL-05,542,0
2026-03-18,HMRL-53,622,0
2026-03-18,HMRL-55,676,0
2026-03-18,HMRL-44,613,0
2026-03-18,HMRL-52,652,0
2026-03-18,HMRL-20,587,0
2026-03-18,HMRL-18,577,1
2026-03-18,HMRL-58,556,0
2026-03-18,HMRL-45,677,0
2026-03-18,HMRL-60,558,0
2026-03-18,HMRL-24,553,0
2026-03-18,HMRL-07,520,0
2026-03-18,HMRL-35,695,0
2026-03-18,HMRL-38,519,0
2026-03-18,HMRL-23,610,0
2026-03-18,HMRL-10,668,0
2026-03-18,HMRL-01,515,0
2026-03-18,HMRL-09,564,0
2026-03-18,HMRL-34,502,0
2026-03-18,HMRL-19,700,0
2026-03-18,HMRL-51,654,0
2026-03-18,HMRL-32,551,0
2026-03-18,HMRL-27,589,0
2026-03-18,HMRL-22,691,0
2026-03-18,HMRL-11,648,0
2026-03-18,HMRL-50,541,0
2026-03-18,HMRL-14,699,0
2026-03-18,HMRL-46,561,0
2026-03-18,HMRL-33,517,0
2026-03-18,HMRL-15,503,0
2026-03-18,HMRL-39,683,0
2026-03-18,HMRL-36,572,0
2026-03-18,HMRL-26,693,0
2026-03-18,HMRL-59,685,0
2026-03-18,HMRL-56,629,0
2026-03-18,HMRL-47,621,0
2026-03-18,HMRL-17,650,0
2026-03-18,HMRL-28,672,0
2026-03-18,HMRL-29,546,0
2026-03-18,HMRL-41,597,0
2026-03-18,HMRL-04,631,0
2026-03-18,HMRL-49,528,0
2026-03-18,HMRL-40,580,0
2026-03-18,HMRL-03,528,0
2026-03-18,HMRL-21,626,0
2026-03-18,HMRL-05,680,0
2026-03-18,HMRL-42,684,0
2026-03-18,HMRL-57,529,0
2026-03-17,HMRL-39,651,0
2026-03-17,HMRL-48,664,0
2026-03-17,HMRL-20,591,0
2026-03-17,HMRL-44,654,0
2026-03-17,HMRL-54,624,0
2026-03-17,HMRL-29,537,0
2026-03-17,HMRL-15,527,0
2026-03-17,HMRL-36,625,0
2026-03-17,HMRL-27,660,0
2026-03-17,HMRL-19,507,0
2026-03-17,HMRL-28,517,0
2026-03-17,HMRL-13,506,0
2026-03-17,HMRL-05,597,0
2026-03-17,HMRL-31,583,0
2026-03-17,HMRL-57,659,0
2026-03-17,HMRL-24,694,1
2026-03-17,HMRL-12,696,0
2026-03-17,HMRL-01,619,0
2026-03-17,HMRL-32,669,0
2026-03-17,HMRL-07,629,0
2026-03-17,HMRL-26,587,0
2026-03-17,HMRL-55,638,0
2026-03-17,HMRL-34,695,0
2026-03-17,HMRL-06,530,0
2026-03-17,HMRL-08,580,0
2026-03-17,HMRL-10,613,0
2026-03-17,HMRL-40,508,0
2026-03-17,HMRL-38,668,0
2026-03-17,HMRL-41,577,0
2026-03-17,HMRL-45,542,0
2026-03-17,HMRL-30,534,0
2026-03-17,HMRL-60,599,0
2026-03-17,HMRL-37,528,0
2026-03-17,HMRL-03,625,0
2026-03-17,HMRL-46,675,0
2026-03-17,HMRL-42,620,0
2026-03-17,HMRL-11,540,0
2026-03-17,HMRL-25,600,0
2026-03-17,HMRL-58,651,0
2026-03-17,HMRL-49,657,0
2026-03-17,HMRL-04,696,0
2026-03-17,HMRL-53,582,0
2026-03-17,HMRL-14,532,0
2026-03-17,HMRL-16,589,0
2026-03-17,HMRL-09,649,2
2026-03-17,HMRL-21,587,0
2026-03-17,HMRL-33,609,0
2026-03-17,HMRL-56,591,0
2026-03-17,HMRL-35,514,0
2026-03-16,HMRL-16,551,0
2026-03-16,HMRL-42,519,0
2026-03-16,HMRL-20,637,0
2026-03-16,HMRL-38,567,3
2026-03-16,HMRL-06,602,0
2026-03-16,HMRL-45,659,0
2026-03-16,HMRL-05,523,0
2026-03-16,HMRL-58,648,0
2026-03-16,HMRL-08,517,0
2026-03-16,HMRL-22,635,0
2026-03-16,HMRL-11,553,0
2026-03-16,HMRL-02,519,0
2026-03-16,HMRL-35,577,0
2026-03-16,HMRL-21,576,0
2026-03-16,HMRL-03,638,0
2026-03-16,HMRL-30,606,0
2026-03-16,HMRL-43,659,0
2026-03-16,HMRL-28,671,0
2026-03-16,HMRL-37,546,0
2026-03-16,HMRL-33,660,0
2026-03-16,HMRL-27,547,0
2026-03-16,HMRL-18,554,0
2026-03-16,HMRL-49,690,0
2026-03-16,HMRL-31,568,0
2026-03-16,HMRL-57,636,0
2026-03-16,HMRL-47,696,0
2026-03-16,HMRL-25,644,0
2026-03-16,HMRL-34,515,0
2026-03-16,HMRL-48,593,0
2026-03-16,HMRL-19,561,0
2026-03-16,HMRL-04,675,0
2026-03-16,HMRL-26,611,0
2026-03-16,HMRL-60,516,0
2026-03-16,HMRL-55,605,0
2026-03-16,HMRL-23,573,0
2026-03-16,HMRL-51,565,0
2026-03-16,HMRL-07,560,0
2026-03-16,HMRL-50,529,0
2026-03-16,HMRL-44,507,0
2026-03-16,HMRL-17,579,0
2026-03-16,HMRL-29,643,0
2026-03-16,HMRL-56,608,0
2026-03-16,HMRL-10,509,0
2026-03-16,HMRL-12,569,0
2026-03-16,HMRL-14,566,0
2026-03-15,HMRL-43,370,0
2026-03-15,HMRL-36,365,0
2026-03-15,HMRL-12,314,0
2026-03-15,HMRL-42,395,0
2026-03-15,HMRL-55,328,0
2026-03-15,HMRL-03,408,0
2026-03-15,HMRL-47,363,0
2026-03-15,HMRL-32,500,0
2026-03-15,HMRL-51,392,0
2026-03-15,HMRL-02,394,0
2026-03-15,HMRL-04,305,0
2026-03-15,HMRL-06,455,1
2026-03-15,HMRL-21,313,0
2026-03-15,HMRL-39,471,0
2026-03-15,HMRL-20,441,0
2026-03-15,HMRL-05,463,0
2026-03-15,HMRL-27,392,0
2026-03-15,HMRL-24,475,0
2026-03-15,HMRL-49,360,0
2026-03-15,HMRL-26,399,3
2026-03-15,HMRL-09,365,0
2026-03-15,HMRL-16,493,0
2026-03-15,HMRL-08,353,0
2026-03-15,HMRL-37,341,0
2026-03-15,HMRL-33,461,0
2026-03-15,HMRL-38,496,0
2026-03-15,HMRL-34,308,0
2026-03-15,HMRL-17,320,0
2026-03-15,HMRL-53,425,0
2026-03-15,HMRL-29,405,0
2026-03-15,HMRL-56,385,0
2026-03-15,HMRL-35,325,0
2026-03-15,HMRL-46,478,0
2026-03-15,HMRL-50,316,0
2026-03-15,HMRL-25,454,0
2026-03-15,HMRL-11,440,0
2026-03-15,HMRL-41,416,0
2026-03-15,HMRL-19,495,0
2026-03-15,HMRL-13,461,0
2026-03-15,HMRL-31,464,0
2026-03-15,HMRL-14,402,0
2026-03-15,HMRL-07,378,0
2026-03-15,HMRL-45,321,0
2026-03-15,HMRL-44,363,0
2026-03-15,HMRL-57,496,0
2026-03-15,HMRL-59,495,0
2026-03-14,HMRL-51,497,0
2026-03-14,HMRL-21,416,0
2026-03-14,HMRL-29,426,0
2026-03-14,HMRL-31,482,0
2026-03-14,HMRL-56,500,0
2026-03-14,HMRL-48,491,0
2026-03-14,HMRL-09,333,0
2026-03-14,HMRL-17,352,0
2026-03-14,HMRL-12,372,0
2026-03-14,HMRL-44,348,0
2026-03-14,HMRL-38,404,0
2026-03-14,HMRL-59,307,0
2026-03-14,HMRL-19,367,0
2026-03-14,HMRL-13,415,0
2026-03-14,HMRL-06,394,0
2026-03-14,HMRL-27,465,0
2026-03-14,HMRL-24,302,0
2026-03-14,HMRL-52,382,0
2026-03-14,HMRL-26,401,0
2026-03-14,HMRL-25,482,0
2026-03-14,HMRL-37,408,0
2026-03-14,HMRL-15,365,0
2026-03-14,HMRL-02,313,0
2026-03-14,HMRL-50,360,0
2026-03-14,HMRL-36,390,0
2026-03-14,HMRL-39,471,0
2026-03-14,HMRL-46,453,0
2026-03-14,HMRL-30,311,0
2026-03-14,HMRL-47,397,0
2026-03-14,HMRL-54,401,0
2026-03-14,HMRL-23,333,0
2026-03-14,HMRL-28,443,0
2026-03-14,HMRL-34,343,0
2026-03-14,HMRL-40,386,0
2026-03-14,HMRL-32,333,1
2026-03-14,HMRL-20,410,0
2026-03-14,HMRL-14,329,0
2026-03-14,HMRL-41,332,0
2026-03-14,HMRL-57,371,0
2026-03-14,HMRL-05,410,0
2026-03-14,HMRL-03,367,0
2026-03-14,HMRL-43,494,0
2026-03-14,HMRL-58,432,0
2026-03-14,HMRL-04,342,0
2026-03-14,HMRL-01,425,0
2026-03-14,HMRL-55,338,0
2026-03-14,HMRL-22,468,0
2026-03-14,HMRL-07,412,0
2026-03-13,HMRL-12,506,0
2026-03-13,HMRL-03,674,0
2026-03-13,HMRL-31,595,0
2026-03-13,HMRL-17,527,0
2026-03-13,HMRL-11,539,0
2026-03-13,HMRL-46,681,0
2026-03-13,HMRL-30,616,0
2026-03-13,HMRL-28,568,0
2026-03-13,HMRL-08,501,0
2026-03-13,HMRL-32,511,0
2026-03-13,HMRL-59,615,0
2026-03-13,HMRL-29,687,0
2026-03-13,HMRL-23,645,0
2026-03-13,HMRL-55,512,0
2026-03-13,HMRL-36,572,0
2026-03-13,HMRL-51,514,0
2026-03-13,HMRL-54,640,0
2026-03-13,HMRL-45,597,0
2026-03-13,HMRL-52,561,0
2026-03-13,HMRL-10,602,1
2026-03-13,HMRL-42,541,0
2026-03-13,HMRL-48,603,0
2026-03-13,HMRL-06,692,0
2026-03-13,HMRL-14,539,0
2026-03-13,HMRL-19,625,0
2026-03-13,HMRL-60,688,0
2026-03-13,HMRL-56,579,0
2026-03-13,HMRL-33,654,0
2026-03-13,HMRL-18,670,0
2026-03-13,HMRL-47,551,0
2026-03-13,HMRL-49,599,0
2026-03-13,HMRL-22,644,0
2026-03-13,HMRL-58,523,0
2026-03-13,HMRL-07,594,0
2026-03-13,HMRL-53,611,0
2026-03-13,HMRL-01,523,0
2026-03-13,HMRL-57,618,0
2026-03-13,HMRL-26,665,0
2026-03-13,HMRL-38,539,0
2026-03-13,HMRL-37,634,0
2026-03-13,HMRL-50,634,0
2026-03-13,HMRL-40,520,0
2026-03-13,HMRL-16,622,0
2026-03-13,HMRL-04,532,0
2026-03-13,HMRL-34,576,0
2026-03-12,HMRL-28,672,0
2026-03-12,HMRL-19,636,0
2026-03-12,HMRL-37,503,0
2026-03-12,HMRL-04,622,0
2026-03-12,HMRL-36,603,0
2026-03-12,HMRL-05,690,0
2026-03-12,HMRL-03,624,0
2026-03-12,HMRL-33,657,0
2026-03-12,HMRL-07,672,0
2026-03-12,HMRL-53,672,0
2026-03-12,HMRL-60,577,0
2026-03-12,HMRL-27,548,0
2026-03-12,HMRL-52,504,0
2026-03-12,HMRL-30,548,0
2026-03-12,HMRL-43,553,0
2026-03-12,HMRL-58,537,0
2026-03-12,HMRL-17,611,0
2026-03-12,HMRL-23,637,0
2026-03-12,HMRL-44,577,0
2026-03-12,HMRL-38,537,0
2026-03-12,HMRL-06,505,0
2026-03-12,HMRL-51,539,0
2026-03-12,HMRL-02,613,0
2026-03-12,HMRL-08,620,0
2026-03-12,HMRL-47,562,0
2026-03-12,HMRL-12,645,0
2026-03-12,HMRL-35,600,0
2026-03-12,HMRL-26,661,0
2026-03-12,HMRL-54,610,0
2026-03-12,HMRL-32,626,0
2026-03-12,HMRL-14,652,0
2026-03-12,HMRL-29,574,0
2026-03-12,HMRL-46,631,0
2026-03-12,HMRL-10,656,0
2026-03-12,HMRL-11,624,0
2026-03-12,HMRL-59,515,0
2026-03-12,HMRL-24,608,0
2026-03-12,HMRL-15,641,2
2026-03-12,HMRL-22,606,0
2026-03-12,HMRL-50,529,0
2026-03-12,HMRL-20,665,0
2026-03-12,HMRL-09,678,0
2026-03-12,HMRL-39,541,0
2026-03-12,HMRL-40,549,0
2026-03-12,HMRL-48,612,0
2026-03-12,HMRL-31,556,0
2026-03-12,HMRL-41,675,0
2026-03-12,HMRL-34,654,0
2026-03-12,HMRL-49,683,0
2026-03-12,HMRL-55,533,0
2026-03-11,HMRL-27,624,0
2026-03-11,HMRL-54,587,0
2026-03-11,HMRL-44,696,1
2026-03-11,HMRL-42,568,0
2026-03-11,HMRL-48,676,0
2026-03-11,HMRL-24,654,0
2026-03-11,HMRL-51,680,2
2026-03-11,HMRL-31,617,0
2026-03-11,HMRL-52,693,0
2026-03-11,HMRL-11,527,0
2026-03-11,HMRL-40,656,0
2026-03-11,HMRL-14,526,0
2026-03-11,HMRL-19,510,0
2026-03-11,HMRL-45,542,0
2026-03-11,HMRL-06,552,0
2026-03-11,HMRL-43,540,0
2026-03-11,HMRL-53,681,0
2026-03-11,HMRL-09,629,0
2026-03-11,HMRL-12,525,0
2026-03-11,HMRL-13,593,0
2026-03-11,HMRL-59,535,0
2026-03-11,HMRL-39,551,0
2026-03-11,HMRL-32,606,0
2026-03-11,HMRL-07,501,0
2026-03-11,HMRL-60,621,0
2026-03-11,HMRL-38,629,0
2026-03-11,HMRL-20,568,0
2026-03-11,HMRL-16,693,0
2026-03-11,HMRL-49,661,0
2026-03-11,HMRL-18,538,0
2026-03-11,HMRL-02,635,0
2026-03-11,HMRL-01,558,0
2026-03-11,HMRL-57,609,0
2026-03-11,HMRL-47,604,0
2026-03-11,HMRL-28,632,0
2026-03-11,HMRL-22,592,0
2026-03-11,HMRL-46,613,0
2026-03-11,HMRL-55,502,0
2026-03-11,HMRL-17,632,0
2026-03-11,HMRL-30,521,0
2026-03-11,HMRL-03,602,0
2026-03-11,HMRL-50,542,0
2026-03-11,HMRL-35,600,0
2026-03-11,HMRL-04,669,0
2026-03-11,HMRL-08,538,0
2026-03-11,HMRL-21,514,0
2026-03-11,HMRL-36,682,0
2026-03-11,HMRL-25,633,0
2026-03-10,HMRL-26,638,0
2026-03-10,HMRL-57,561,0
2026-03-10,HMRL-44,577,0
2026-03-10,HMRL-45,629,0
2026-03-10,HMRL-36,515,0
2026-03-10,HMRL-20,566,0
2026-03-10,HMRL-47,590,0
2026-03-10,HMRL-48,693,0
2026-03-10,HMRL-21,531,0
2026-03-10,HMRL-23,646,0
2026-03-10,HMRL-01,616,0
2026-03-10,HMRL-18,560,0
2026-03-10,HMRL-34,648,0
2026-03-10,HMRL-40,660,0
2026-03-10,HMRL-10,652,0
2026-03-10,HMRL-59,576,0
2026-03-10,HMRL-60,700,0
2026-03-10,HMRL-29,646,0
2026-03-10,HMRL-42,682,0
2026-03-10,HMRL-14,688,0
2026-03-10,HMRL-35,583,0
2026-03-10,HMRL-43,549,0
2026-03-10,HMRL-51,592,0
2026-03-10,HMRL-58,537,0
2026-03-10,HMRL-13,605,0
2026-03-10,HMRL-55,533,0
2026-03-10,HMRL-06,614,0
2026-03-10,HMRL-03,603,0
2026-03-10,HMRL-22,632,0
2026-03-10,HMRL-56,567,0
2026-03-10,HMRL-24,662,0
2026-03-10,HMRL-30,612,0
2026-03-10,HMRL-39,625,0
2026-03-10,HMRL-05,606,0
2026-03-10,HMRL-17,536,0
2026-03-10,HMRL-49,624,0
2026-03-10,HMRL-46,533,0
2026-03-10,HMRL-07,631,0
2026-03-10,HMRL-33,530,0
2026-03-10,HMRL-37,616,0
2026-03-10,HMRL-25,691,0
2026-03-10,HMRL-28,643,0
2026-03-10,HMRL-52,530,0
2026-03-10,HMRL-11,604,0
2026-03-10,HMRL-53,594,0
2026-03-10,HMRL-50,510,0
2026-03-10,HMRL-15,530,0
2026-03-10,HMRL-31,595,0
2026-03-09,HMRL-02,613,0
2026-03-09,HMRL-51,665,0
2026-03-09,HMRL-10,506,0
2026-03-09,HMRL-58,697,0
2026-03-09,HMRL-59,643,0
2026-03-09,HMRL-38,664,0
2026-03-09,HMRL-27,549,0
2026-03-09,HMRL-04,638,0
2026-03-09,HMRL-20,513,0
2026-03-09,HMRL-19,633,0
2026-03-09,HMRL-14,621,0
2026-03-09,HMRL-12,504,0
2026-03-09,HMRL-48,636,0
2026-03-09,HMRL-32,504,0
2026-03-09,HMRL-01,552,0
2026-03-09,HMRL-08,680,0
2026-03-09,HMRL-36,648,0
2026-03-09,HMRL-23,636,0
2026-03-09,HMRL-05,602,0
2026-03-09,HMRL-03,625,0
2026-03-09,HMRL-54,505,0
2026-03-09,HMRL-31,546,0
2026-03-09,HMRL-37,635,0
2026-03-09,HMRL-52,565,3
2026-03-09,HMRL-29,638,0
2026-03-09,HMRL-22,536,0
2026-03-09,HMRL-25,696,0
2026-03-09,HMRL-39,604,0
2026-03-09,HMRL-09,515,0
2026-03-09,HMRL-34,583,0
2026-03-09,HMRL-42,682,0
2026-03-09,HMRL-17,581,0
2026-03-09,HMRL-21,582,0
2026-03-09,HMRL-15,530,0
2026-03-09,HMRL-33,652,0
2026-03-09,HMRL-40,626,0
2026-03-09,HMRL-35,629,0
2026-03-09,HMRL-26,529,0
2026-03-09,HMRL-30,581,0
2026-03-09,HMRL-11,604,0
2026-03-09,HMRL-41,662,0
2026-03-09,HMRL-50,504,0
2026-03-09,HMRL-13,650,0
2026-03-09,HMRL-45,563,0
2026-03-09,HMRL-18,666,0
2026-03-09,HMRL-06,577,0
2026-03-09,HMRL-47,614,0
2026-03-09,HMRL-46,552,0
2026-03-09,HMRL-28,536,0
2026-03-08,HMRL-51,462,0
2026-03-08,HMRL-16,492,0
2026-03-08,HMRL-35,369,0
2026-03-08,HMRL-28,382,0
2026-03-08,HMRL-36,417,0
2026-03-08,HMRL-29,384,0
2026-03-08,HMRL-03,465,0
2026-03-08,HMRL-01,455,0
2026-03-08,HMRL-30,302,0
2026-03-08,HMRL-40,405,0
2026-03-08,HMRL-19,478,0
2026-03-08,HMRL-42,495,0
2026-03-08,HMRL-11,320,0
2026-03-08,HMRL-53,466,0
2026-03-08,HMRL-04,437,1
2026-03-08,HMRL-31,471,0
2026-03-08,HMRL-18,331,0
2026-03-08,HMRL-39,396,0
2026-03-08,HMRL-17,391,0
2026-03-08,HMRL-25,496,0
2026-03-08,HMRL-23,302,0
2026-03-08,HMRL-14,394,0
2026-03-08,HMRL-38,413,1
2026-03-08,HMRL-33,494,0
2026-03-08,HMRL-50,481,0
2026-03-08,HMRL-54,323,0
2026-03-08,HMRL-48,460,0
2026-03-08,HMRL-05,483,0
2026-03-08,HMRL-20,426,0
2026-03-08,HMRL-58,309,0
2026-03-08,HMRL-13,480,0
2026-03-08,HMRL-60,353,3
2026-03-08,HMRL-46,463,0
2026-03-08,HMRL-27,371,0
2026-03-08,HMRL-37,426,0
2026-03-08,HMRL-24,349,0
2026-03-08,HMRL-44,444,0
2026-03-08,HMRL-09,454,0
2026-03-08,HMRL-43,316,0
2026-03-08,HMRL-07,490,0
2026-03-08,HMRL-32,445,0
2026-03-08,HMRL-49,433,0
2026-03-08,HMRL-34,370,0
2026-03-08,HMRL-41,473,3
2026-03-07,HMRL-40,422,0
2026-03-07,HMRL-17,306,0
2026-03-07,HMRL-44,460,0
2026-03-07,HMRL-36,364,0
2026-03-07,HMRL-30,421,0
2026-03-07,HMRL-01,387,0
2026-03-07,HMRL-28,385,0
2026-03-07,HMRL-42,360,0
2026-03-07,HMRL-58,498,0
2026-03-07,HMRL-53,412,0
2026-03-07,HMRL-04,460,0
2026-03-07,HMRL-21,331,0
2026-03-07,HMRL-54,308,0
2026-03-07,HMRL-27,477,0
2026-03-07,HMRL-18,413,0
2026-03-07,HMRL-08,410,0
2026-03-07,HMRL-52,443,1
2026-03-07,HMRL-34,402,1
2026-03-07,HMRL-56,359,0
2026-03-07,HMRL-32,468,0
2026-03-07,HMRL-24,416,0
2026-03-07,HMRL-43,409,0
2026-03-07,HMRL-03,458,0
2026-03-07,HMRL-15,472,0
2026-03-07,HMRL-50,416,0
2026-03-07,HMRL-46,450,0
2026-03-07,HMRL-47,326,1
2026-03-07,HMRL-29,451,0
2026-03-07,HMRL-49,349,0
2026-03-07,HMRL-55,332,0
2026-03-07,HMRL-13,365,0
2026-03-07,HMRL-07,423,0
2026-03-07,HMRL-11,413,0
2026-03-07,HMRL-38,335,0
2026-03-07,HMRL-19,315,0
2026-03-07,HMRL-31,449,0
2026-03-07,HMRL-60,466,0
2026-03-07,HMRL-45,379,0
2026-03-07,HMRL-14,438,0
2026-03-07,HMRL-39,337,0
2026-03-07,HMRL-23,454,0
2026-03-07,HMRL-33,394,0
2026-03-07,HMRL-06,432,0
2026-03-07,HMRL-48,473,0
2026-03-07,HMRL-10,360,0
2026-03-07,HMRL-02,443,0
2026-03-07,HMRL-59,408,0
2026-03-07,HMRL-22,351,0
2026-03-07,HMRL-37,351,0
2026-03-07,HMRL-25,387,0
2026-03-06,HMRL-45,572,0
2026-03-06,HMRL-60,567,0
2026-03-06,HMRL-30,586,0
2026-03-06,HMRL-39,562,0
2026-03-06,HMRL-59,505,0
2026-03-06,HMRL-22,567,0
2026-03-06,HMRL-38,505,0
2026-03-06,HMRL-37,535,0
2026-03-06,HMRL-55,528,0
2026-03-06,HMRL-40,553,0
2026-03-06,HMRL-20,561,0
2026-03-06,HMRL-27,595,0
2026-03-06,HMRL-52,634,0
2026-03-06,HMRL-11,659,0
2026-03-06,HMRL-07,682,0
2026-03-06,HMRL-58,533,0
2026-03-06,HMRL-03,549,0
2026-03-06,HMRL-32,677,0
2026-03-06,HMRL-15,653,0
2026-03-06,HMRL-01,662,0
2026-03-06,HMRL-42,511,0
2026-03-06,HMRL-51,650,0
2026-03-06,HMRL-56,637,0
2026-03-06,HMRL-14,538,0
2026-03-06,HMRL-16,513,0
2026-03-06,HMRL-31,571,0
2026-03-06,HMRL-48,630,0
2026-03-06,HMRL-25,625,0
2026-03-06,HMRL-53,520,0
2026-03-06,HMRL-13,669,0
2026-03-06,HMRL-06,542,0
2026-03-06,HMRL-49,692,0
2026-03-06,HMRL-41,692,0
2026-03-06,HMRL-12,627,0
2026-03-06,HMRL-28,545,0
2026-03-06,HMRL-44,595,0
2026-03-06,HMRL-29,623,0
2026-03-06,HMRL-26,626,0
2026-03-06,HMRL-18,648,0
2026-03-06,HMRL-04,649,0
2026-03-06,HMRL-05,553,0
2026-03-06,HMRL-10,551,0
2026-03-06,HMRL-57,560,0
2026-03-06,HMRL-46,578,0
2026-03-06,HMRL-24,596,0
2026-03-06,HMRL-23,595,0
2026-03-06,HMRL-34,521,0
2026-03-06,HMRL-21,521,0
2026-03-06,HMRL-35,632,0
2026-03-05,HMRL-30,690,0
2026-03-05,HMRL-33,674,0
2026-03-05,HMRL-40,548,0
2026-03-05,HMRL-22,535,0
2026-03-05,HMRL-28,692,0
2026-03-05,HMRL-29,639,0
2026-03-05,HMRL-60,502,0
2026-03-05,HMRL-56,572,0
2026-03-05,HMRL-27,700,0
2026-03-05,HMRL-24,603,0
2026-03-05,HMRL-32,693,0
2026-03-05,HMRL-21,620,0
2026-03-05,HMRL-18,694,0
2026-03-05,HMRL-25,601,0
2026-03-05,HMRL-02,685,0
2026-03-05,HMRL-12,621,0
2026-03-05,HMRL-55,650,0
2026-03-05,HMRL-15,693,0
2026-03-05,HMRL-17,618,0
2026-03-05,HMRL-05,521,0
2026-03-05,HMRL-23,548,0
2026-03-05,HMRL-06,678,0
2026-03-05,HMRL-19,612,0
2026-03-05,HMRL-59,642,0
2026-03-05,HMRL-37,532,0
2026-03-05,HMRL-35,688,1
2026-03-05,HMRL-39,590,0
2026-03-05,HMRL-48,607,0
2026-03-05,HMRL-43,692,0
2026-03-05,HMRL-04,699,0
2026-03-05,HMRL-31,576,0
2026-03-05,HMRL-03,505,0
2026-03-05,HMRL-45,508,0
2026-03-05,HMRL-46,539,0
2026-03-05,HMRL-36,584,0
2026-03-05,HMRL-07,654,0
2026-03-05,HMRL-11,646,0
2026-03-05,HMRL-47,597,0
2026-03-05,HMRL-57,600,0
2026-03-05,HMRL-51,621,0
2026-03-05,HMRL-09,645,0
2026-03-05,HMRL-10,663,0
2026-03-04,HMRL-11,610,0
2026-03-04,HMRL-07,670,0
2026-03-04,HMRL-44,654,0
2026-03-04,HMRL-36,579,0
2026-03-04,HMRL-12,628,0
2026-03-04,HMRL-03,617,0
2026-03-04,HMRL-53,501,0
2026-03-04,HMRL-45,614,0
2026-03-04,HMRL-39,563,0
2026-03-04,HMRL-32,645,0
2026-03-04,HMRL-02,617,0
2026-03-04,HMRL-56,510,0
2026-03-04,HMRL-13,573,0
2026-03-04,HMRL-05,616,0
2026-03-04,HMRL-25,682,0
2026-03-04,HMRL-19,600,0
2026-03-04,HMRL-14,544,0
2026-03-04,HMRL-15,545,0
2026-03-04,HMRL-54,687,0
2026-03-04,HMRL-34,598,0
2026-03-04,HMRL-47,546,0
2026-03-04,HMRL-30,524,0
2026-03-04,HMRL-04,511,0
2026-03-04,HMRL-24,540,0
2026-03-04,HMRL-41,660,0
2026-03-04,HMRL-01,670,0
2026-03-04,HMRL-60,678,0
2026-03-04,HMRL-21,555,0
2026-03-04,HMRL-27,605,0
2026-03-04,HMRL-48,641,0
2026-03-04,HMRL-06,594,0
2026-03-04,HMRL-38,696,0
2026-03-04,HMRL-40,604,0
2026-03-04,HMRL-18,564,0
2026-03-04,HMRL-58,511,0
2026-03-04,HMRL-16,518,0
2026-03-04,HMRL-37,672,0
2026-03-04,HMRL-55,597,0
2026-03-04,HMRL-31,602,0
2026-03-04,HMRL-59,601,0
2026-03-04,HMRL-28,681,0
2026-03-04,HMRL-33,583,0
2026-03-04,HMRL-10,618,0
2026-03-03,HMRL-06,513,0
2026-03-03,HMRL-36,512,0
2026-03-03,HMRL-43,696,0
2026-03-03,HMRL-16,563,0
2026-03-03,HMRL-46,561,0
2026-03-03,HMRL-29,504,0
2026-03-03,HMRL-09,503,0
2026-03-03,HMRL-31,549,0
2026-03-03,HMRL-18,516,0
2026-03-03,HMRL-11,524,0
2026-03-03,HMRL-51,670,0
2026-03-03,HMRL-02,542,0
2026-03-03,HMRL-39,583,0
2026-03-03,HMRL-07,660,0
2026-03-03,HMRL-12,553,0
2026-03-03,HMRL-19,601,0
2026-03-03,HMRL-08,530,0
2026-03-03,HMRL-35,527,0
2026-03-03,HMRL-26,544,0
2026-03-03,HMRL-50,503,0
2026-03-03,HMRL-05,617,0
2026-03-03,HMRL-01,668,0
2026-03-03,HMRL-52,666,0
2026-03-03,HMRL-10,511,0
2026-03-03,HMRL-55,577,0
2026-03-03,HMRL-23,627,0
2026-03-03,HMRL-56,526,0
2026-03-03,HMRL-14,645,0
2026-03-03,HMRL-03,524,0
2026-03-03,HMRL-59,661,0
2026-03-03,HMRL-22,673,0
2026-03-03,HMRL-38,697,0
2026-03-03,HMRL-47,585,0
2026-03-03,HMRL-15,694,0
2026-03-03,HMRL-58,581,0
2026-03-03,HMRL-49,670,0
2026-03-03,HMRL-21,585,2
2026-03-03,HMRL-17,614,0
2026-03-03,HMRL-24,663,0
2026-03-03,HMRL-04,628,0
2026-03-03,HMRL-13,503,0
2026-03-03,HMRL-37,657,0
2026-03-03,HMRL-27,531,0
2026-03-02,HMRL-49,625,0
2026-03-02,HMRL-16,662,0
2026-03-02,HMRL-40,552,0
2026-03-02,HMRL-06,544,0
2026-03-02,HMRL-04,552,0
2026-03-02,HMRL-09,520,0
2026-03-02,HMRL-24,619,0
2026-03-02,HMRL-32,684,0
2026-03-02,HMRL-19,608,0
2026-03-02,HMRL-13,563,0
2026-03-02,HMRL-10,647,0
2026-03-02,HMRL-25,662,0
2026-03-02,HMRL-14,700,0
2026-03-02,HMRL-42,592,0
2026-03-02,HMRL-03,542,0
2026-03-02,HMRL-59,608,0
2026-03-02,HMRL-39,688,0
2026-03-02,HMRL-29,539,0
2026-03-02,HMRL-22,623,0
2026-03-02,HMRL-55,521,0
2026-03-02,HMRL-18,576,0
2026-03-02,HMRL-21,539,0
2026-03-02,HMRL-46,544,0
2026-03-02,HMRL-34,618,0
2026-03-02,HMRL-27,572,0
2026-03-02,HMRL-52,655,0
2026-03-02,HMRL-02,585,0
2026-03-02,HMRL-15,620,0
2026-03-02,HMRL-47,548,1
2026-03-02,HMRL-11,686,0
2026-03-02,HMRL-08,625,0
2026-03-02,HMRL-07,606,0
2026-03-02,HMRL-58,690,0
2026-03-02,HMRL-37,625,0
2026-03-02,HMRL-53,650,2
2026-03-02,HMRL-30,531,0
2026-03-02,HMRL-26,644,0
2026-03-02,HMRL-23,695,0
2026-03-02,HMRL-60,565,0
2026-03-02,HMRL-20,692,0
2026-03-02,HMRL-51,630,0
2026-03-02,HMRL-17,662,0
2026-03-02,HMRL-31,678,0
2026-03-02,HMRL-57,608,0
2026-03-02,HMRL-33,562,0
2026-03-02,HMRL-28,592,0
2026-03-02,HMRL-01,673,0
2026-03-02,HMRL-36,537,0
2026-03-01,HMRL-44,317,0
2026-03-01,HMRL-10,406,0
2026-03-01,HMRL-17,467,0
2026-03-01,HMRL-16,410,0
2026-03-01,HMRL-39,395,0
2026-03-01,HMRL-38,334,0
2026-03-01,HMRL-43,346,0
2026-03-01,HMRL-11,328,0
2026-03-01,HMRL-01,354,0
2026-03-01,HMRL-08,315,0
2026-03-01,HMRL-50,494,0
2026-03-01,HMRL-06,404,0
2026-03-01,HMRL-42,459,0
2026-03-01,HMRL-46,462,0
2026-03-01,HMRL-25,375,0
2026-03-01,HMRL-26,316,0
2026-03-01,HMRL-55,449,0
2026-03-01,HMRL-49,424,0
2026-03-01,HMRL-34,325,0
2026-03-01,HMRL-13,301,0
2026-03-01,HMRL-28,310,0
2026-03-01,HMRL-53,301,0
2026-03-01,HMRL-40,433,0
2026-03-01,HMRL-58,494,0
2026-03-01,HMRL-20,424,0
2026-03-01,HMRL-33,386,0
2026-03-01,HMRL-47,386,0
2026-03-01,HMRL-36,387,0
2026-03-01,HMRL-27,361,0
2026-03-01,HMRL-48,470,0
2026-03-01,HMRL-29,456,0
2026-03-01,HMRL-24,384,0
2026-03-01,HMRL-60,300,0
2026-03-01,HMRL-03,478,0
2026-03-01,HMRL-04,335,0
2026-03-01,HMRL-21,435,0
2026-03-01,HMRL-19,479,0
2026-03-01,HMRL-12,363,0
2026-03-01,HMRL-05,458,0
2026-03-01,HMRL-09,421,0
2026-03-01,HMRL-07,469,0
2026-03-01,HMRL-41,463,0
2026-03-01,HMRL-59,382,0
2026-03-01,HMRL-52,311,0
2026-03-01,HMRL-54,488,0
2026-03-01,HMRL-14,413,0
2026-03-01,HMRL-51,424,0
2026-03-01,HMRL-37,456,0
2026-03-01,HMRL-02,389,0
2026-02-28,HMRL-43,334,0
2026-02-28,HMRL-55,462,0
2026-02-28,HMRL-45,323,0
2026-02-28,HMRL-07,385,0
2026-02-28,HMRL-47,447,0
2026-02-28,HMRL-25,453,0
2026-02-28,HMRL-19,483,0
2026-02-28,HMRL-39,485,0
2026-02-28,HMRL-13,464,0
2026-02-28,HMRL-46,411,0
2026-02-28,HMRL-10,357,0
2026-02-28,HMRL-34,374,0
2026-02-28,HMRL-37,322,0
2026-02-28,HMRL-51,451,0
2026-02-28,HMRL-33,490,0
2026-02-28,HMRL-03,446,0
2026-02-28,HMRL-09,380,0
2026-02-28,HMRL-32,447,0
2026-02-28,HMRL-06,379,0
2026-02-28,HMRL-20,399,0
2026-02-28,HMRL-36,381,0
2026-02-28,HMRL-30,473,0
2026-02-28,HMRL-11,332,0
2026-02-28,HMRL-29,454,0
2026-02-28,HMRL-08,327,0
2026-02-28,HMRL-31,437,0
2026-02-28,HMRL-16,380,0
2026-02-28,HMRL-49,375,0
2026-02-28,HMRL-14,427,0
2026-02-28,HMRL-42,337,0
2026-02-28,HMRL-59,337,0
2026-02-28,HMRL-22,479,0
2026-02-28,HMRL-23,428,0
2026-02-28,HMRL-58,331,0
2026-02-28,HMRL-04,480,0
2026-02-28,HMRL-60,461,0
2026-02-28,HMRL-28,426,0
2026-02-28,HMRL-01,396,1
2026-02-28,HMRL-35,339,0
2026-02-28,HMRL-38,353,0
2026-02-28,HMRL-52,357,0
2026-02-28,HMRL-44,313,0
2026-02-28,HMRL-40,498,0
2026-02-28,HMRL-54,424,0
2026-02-28,HMRL-56,376,0
2026-02-28,HMRL-15,468,0
2026-02-28,HMRL-21,340,0
2026-02-28,HMRL-02,440,0
2026-02-28,HMRL-53,408,0
2026-02-27,HMRL-49,545,0
2026-02-27,HMRL-26,530,0
2026-02-27,HMRL-59,666,0
2026-02-27,HMRL-05,611,0
2026-02-27,HMRL-34,660,0
2026-02-27,HMRL-47,562,0
2026-02-27,HMRL-19,625,0
2026-02-27,HMRL-54,652,0
2026-02-27,HMRL-45,667,0
2026-02-27,HMRL-13,698,0
2026-02-27,HMRL-52,671,0
2026-02-27,HMRL-36,699,0
2026-02-27,HMRL-58,666,0
2026-02-27,HMRL-07,661,0
2026-02-27,HMRL-09,594,0
2026-02-27,HMRL-21,531,0
2026-02-27,HMRL-38,671,0
2026-02-27,HMRL-04,557,0
2026-02-27,HMRL-20,646,0
2026-02-27,HMRL-30,677,0
2026-02-27,HMRL-11,651,0
2026-02-27,HMRL-37,623,0
2026-02-27,HMRL-46,679,0
2026-02-27,HMRL-29,646,0
2026-02-27,HMRL-31,583,2
2026-02-27,HMRL-53,637,0
2026-02-27,HMRL-10,679,0
2026-02-27,HMRL-14,637,0
2026-02-27,HMRL-33,635,0
2026-02-27,HMRL-48,632,0
2026-02-27,HMRL-24,637,0
2026-02-27,HMRL-55,666,0
2026-02-27,HMRL-41,692,0
2026-02-27,HMRL-50,668,0
2026-02-27,HMRL-01,546,0
2026-02-27,HMRL-12,677,0
2026-02-27,HMRL-28,642,0
2026-02-27,HMRL-35,580,0
2026-02-27,HMRL-43,532,0
2026-02-27,HMRL-57,667,0
2026-02-27,HMRL-51,643,0
2026-02-27,HMRL-32,692,3
2026-02-27,HMRL-06,629,0
2026-02-27,HMRL-02,639,0
2026-02-27,HMRL-22,668,0
2026-02-27,HMRL-18,632,0
2026-02-27,HMRL-08,575,0
2026-02-26,HMRL-09,682,0
2026-02-26,HMRL-37,668,0
2026-02-26,HMRL-32,630,0
2026-02-26,HMRL-45,607,0
2026-02-26,HMRL-21,580,0
2026-02-26,HMRL-34,611,0
2026-02-26,HMRL-23,654,0
2026-02-26,HMRL-39,569,0
2026-02-26,HMRL-35,528,0
2026-02-26,HMRL-33,604,0
2026-02-26,HMRL-14,592,0
2026-02-26,HMRL-57,699,0
2026-02-26,HMRL-07,557,0
2026-02-26,HMRL-43,525,0
2026-02-26,HMRL-03,556,0
2026-02-26,HMRL-16,526,0
2026-02-26,HMRL-46,531,0
2026-02-26,HMRL-13,686,0
2026-02-26,HMRL-10,650,0
2026-02-26,HMRL-20,625,0
2026-02-26,HMRL-50,589,0
2026-02-26,HMRL-60,572,0
2026-02-26,HMRL-36,655,0
2026-02-26,HMRL-40,512,0
2026-02-26,HMRL-54,692,0
2026-02-26,HMRL-18,588,0
2026-02-26,HMRL-53,673,0
2026-02-26,HMRL-28,636,0
2026-02-26,HMRL-05,603,0
2026-02-26,HMRL-52,532,0
2026-02-26,HMRL-55,675,0
2026-02-26,HMRL-30,539,0
2026-02-26,HMRL-47,536,0
2026-02-26,HMRL-56,688,0
2026-02-26,HMRL-06,685,0
2026-02-26,HMRL-51,594,0
2026-02-26,HMRL-15,563,0
2026-02-26,HMRL-44,607,0
2026-02-26,HMRL-29,546,0
2026-02-26,HMRL-59,590,0
2026-02-26,HMRL-58,628,0
2026-02-26,HMRL-31,609,0
2026-02-26,HMRL-48,683,0
2026-02-26,HMRL-38,558,0
2026-02-26,HMRL-22,522,0
2026-02-26,HMRL-11,604,0
2026-02-26,HMRL-12,523,0
2026-02-26,HMRL-24,519,0
2026-02-26,HMRL-04,523,0
2026-02-25,HMRL-06,608,0
2026-02-25,HMRL-48,543,0
2026-02-25,HMRL-19,528,0
2026-02-25,HMRL-36,673,0
2026-02-25,HMRL-32,638,0
2026-02-25,HMRL-52,530,0
2026-02-25,HMRL-01,623,0
2026-02-25,HMRL-28,554,0
2026-02-25,HMRL-44,600,0
2026-02-25,HMRL-33,578,0
2026-02-25,HMRL-47,664,0
2026-02-25,HMRL-09,509,0
2026-02-25,HMRL-31,658,0
2026-02-25,HMRL-56,514,0
2026-02-25,HMRL-51,657,0
2026-02-25,HMRL-55,576,0
2026-02-25,HMRL-45,501,0
2026-02-25,HMRL-35,684,0
2026-02-25,HMRL-08,590,0
2026-02-25,HMRL-26,550,0
2026-02-25,HMRL-54,631,0
2026-02-25,HMRL-13,605,0
2026-02-25,HMRL-40,624,1
2026-02-25,HMRL-53,564,0
2026-02-25,HMRL-43,601,0
2026-02-25,HMRL-23,593,0
2026-02-25,HMRL-16,546,0
2026-02-25,HMRL-03,568,0
2026-02-25,HMRL-29,612,0
2026-02-25,HMRL-59,612,0
2026-02-25,HMRL-60,590,0
2026-02-25,HMRL-22,501,0
2026-02-25,HMRL-25,681,0
2026-02-25,HMRL-17,548,0
2026-02-25,HMRL-42,534,0
2026-02-25,HMRL-30,690,0
2026-02-25,HMRL-46,508,0
2026-02-25,HMRL-12,550,0
2026-02-25,HMRL-05,670,0
2026-02-25,HMRL-27,530,0
2026-02-25,HMRL-57,640,0
2026-02-25,HMRL-02,674,0
2026-02-24,HMRL-49,526,0
2026-02-24,HMRL-60,628,0
2026-02-24,HMRL-50,548,0
2026-02-24,HMRL-57,651,0
2026-02-24,HMRL-26,538,0
2026-02-24,HMRL-33,533,0
2026-02-24,HMRL-47,570,0
2026-02-24,HMRL-48,537,0
2026-02-24,HMRL-25,657,0
2026-02-24,HMRL-09,513,0
2026-02-24,HMRL-08,634,0
2026-02-24,HMRL-07,662,0
2026-02-24,HMRL-02,556,0
2026-02-24,HMRL-51,622,0
2026-02-24,HMRL-10,513,0
2026-02-24,HMRL-23,568,0
2026-02-24,HMRL-55,589,0
2026-02-24,HMRL-01,563,0
2026-02-24,HMRL-16,512,0
2026-02-24,HMRL-04,500,1
2026-02-24,HMRL-22,554,0
2026-02-24,HMRL-28,571,0
2026-02-24,HMRL-43,525,0
2026-02-24,HMRL-39,564,0
2026-02-24,HMRL-31,593,0
2026-02-24,HMRL-19,528,0
2026-02-24,HMRL-35,503,0
2026-02-24,HMRL-32,697,0
2026-02-24,HMRL-06,584,0
2026-02-24,HMRL-52,592,0
2026-02-24,HMRL-14,650,0
2026-02-24,HMRL-58,595,0
2026-02-24,HMRL-20,570,0
2026-02-24,HMRL-05,598,0
2026-02-24,HMRL-24,527,0
2026-02-24,HMRL-17,690,0
2026-02-24,HMRL-44,510,0
2026-02-24,HMRL-29,667,0
2026-02-24,HMRL-54,549,0
2026-02-24,HMRL-41,525,0
2026-02-24,HMRL-40,639,0
2026-02-24,HMRL-45,577,0
2026-02-24,HMRL-30,694,0
2026-02-24,HMRL-59,684,0
2026-02-24,HMRL-42,532,0
2026-02-24,HMRL-12,640,0
2026-02-24,HMRL-13,694,0
2026-02-23,HMRL-23,681,0
2026-02-23,HMRL-58,566,0
2026-02-23,HMRL-24,556,0
2026-02-23,HMRL-29,568,0
2026-02-23,HMRL-41,543,0
2026-02-23,HMRL-46,636,0
2026-02-23,HMRL-08,510,0
2026-02-23,HMRL-28,571,0
2026-02-23,HMRL-05,569,0
2026-02-23,HMRL-31,513,0
2026-02-23,HMRL-27,563,0
2026-02-23,HMRL-34,553,0
2026-02-23,HMRL-33,500,0
2026-02-23,HMRL-02,661,0
2026-02-23,HMRL-11,594,0
2026-02-23,HMRL-39,680,0
2026-02-23,HMRL-18,567,0
2026-02-23,HMRL-09,604,0
2026-02-23,HMRL-19,575,0
2026-02-23,HMRL-03,514,0
2026-02-23,HMRL-37,502,0
2026-02-23,HMRL-04,556,0
2026-02-23,HMRL-13,571,0
2026-02-23,HMRL-26,504,0
2026-02-23,HMRL-32,699,0
2026-02-23,HMRL-35,649,0
2026-02-23,HMRL-48,690,0
2026-02-23,HMRL-52,667,0
2026-02-23,HMRL-55,660,0
2026-02-23,HMRL-15,641,0
2026-02-23,HMRL-25,613,0
2026-02-23,HMRL-17,568,0
2026-02-23,HMRL-38,661,0
2026-02-23,HMRL-44,692,0
2026-02-23,HMRL-30,614,0
2026-02-23,HMRL-53,685,0
2026-02-23,HMRL-40,537,0
2026-02-23,HMRL-20,523,0
2026-02-23,HMRL-43,617,0
2026-02-23,HMRL-07,545,0
2026-02-23,HMRL-06,625,0
2026-02-23,HMRL-01,546,0
2026-02-23,HMRL-60,505,0
2026-02-23,HMRL-21,545,0
2026-02-23,HMRL-42,675,0
2026-02-23,HMRL-51,517,0
2026-02-23,HMRL-59,609,0
2026-02-23,HMRL-22,665,0
2026-02-23,HMRL-54,525,0
2026-02-23,HMRL-14,535,0
2026-02-22,HMRL-39,311,0
2026-02-22,HMRL-07,375,0
2026-02-22,HMRL-25,406,0
2026-02-22,HMRL-58,357,0
2026-02-22,HMRL-02,337,0
2026-02-22,HMRL-08,373,0
2026-02-22,HMRL-53,475,0
2026-02-22,HMRL-01,483,0
2026-02-22,HMRL-49,328,0
2026-02-22,HMRL-42,328,0
2026-02-22,HMRL-03,372,0
2026-02-22,HMRL-09,457,0
2026-02-22,HMRL-16,392,0
2026-02-22,HMRL-06,321,0
2026-02-22,HMRL-18,454,0
2026-02-22,HMRL-10,409,0
2026-02-22,HMRL-41,453,0
2026-02-22,HMRL-60,408,0
2026-02-22,HMRL-54,470,0
2026-02-22,HMRL-51,459,0
2026-02-22,HMRL-59,389,0
2026-02-22,HMRL-35,369,0
2026-02-22,HMRL-22,469,0
2026-02-22,HMRL-47,367,0
2026-02-22,HMRL-13,482,0
2026-02-22,HMRL-52,300,0
2026-02-22,HMRL-31,338,0
2026-02-22,HMRL-29,337,0
2026-02-22,HMRL-11,399,0
2026-02-22,HMRL-45,422,0
2026-02-22,HMRL-32,328,0
2026-02-22,HMRL-48,486,0
2026-02-22,HMRL-05,323,0
2026-02-22,HMRL-55,332,0
2026-02-22,HMRL-56,398,0
2026-02-22,HMRL-46,426,0
2026-02-22,HMRL-23,477,0
2026-02-22,HMRL-43,454,0
2026-02-22,HMRL-21,385,0
2026-02-22,HMRL-57,467,0
2026-02-22,HMRL-04,398,0
2026-02-22,HMRL-44,427,0
2026-02-21,HMRL-35,396,0
2026-02-21,HMRL-60,478,0
2026-02-21,HMRL-53,395,0
2026-02-21,HMRL-15,448,0
2026-02-21,HMRL-25,452,0
2026-02-21,HMRL-06,307,0
2026-02-21,HMRL-38,336,0
2026-02-21,HMRL-46,319,1
2026-02-21,HMRL-27,406,0
2026-02-21,HMRL-34,346,0
2026-02-21,HMRL-37,335,0
2026-02-21,HMRL-45,478,0
2026-02-21,HMRL-48,420,0
2026-02-21,HMRL-57,386,0
2026-02-21,HMRL-49,465,0
2026-02-21,HMRL-55,373,0
2026-02-21,HMRL-16,315,0
2026-02-21,HMRL-24,308,0
2026-02-21,HMRL-01,344,0
2026-02-21,HMRL-14,302,0
2026-02-21,HMRL-02,408,0
2026-02-21,HMRL-43,416,0
2026-02-21,HMRL-36,366,0
2026-02-21,HMRL-31,428,0
2026-02-21,HMRL-09,358,0
2026-02-21,HMRL-08,340,0
2026-02-21,HMRL-04,323,0
2026-02-21,HMRL-23,332,0
2026-02-21,HMRL-39,402,0
2026-02-21,HMRL-28,356,0
2026-02-21,HMRL-50,490,0
2026-02-21,HMRL-30,454,0
2026-02-21,HMRL-56,477,0
2026-02-21,HMRL-52,380,0
2026-02-21,HMRL-05,403,0
2026-02-21,HMRL-10,342,0
2026-02-21,HMRL-47,408,0
2026-02-21,HMRL-26,327,0
2026-02-21,HMRL-18,392,0
2026-02-21,HMRL-41,385,0
2026-02-21,HMRL-59,438,0
2026-02-21,HMRL-07,354,0
2026-02-21,HMRL-20,493,0
2026-02-21,HMRL-40,348,0
2026-02-21,HMRL-33,463,0
2026-02-21,HMRL-17,361,0
2026-02-21,HMRL-12,445,0
2026-02-21,HMRL-21,444,0
2026-02-21,HMRL-03,423,0
2026-02-20,HMRL-01,533,0
2026-02-20,HMRL-23,592,0
2026-02-20,HMRL-49,610,1
2026-02-20,HMRL-19,674,0
2026-02-20,HMRL-26,553,0
2026-02-20,HMRL-33,655,0
2026-02-20,HMRL-13,539,0
2026-02-20,HMRL-21,627,0
2026-02-20,HMRL-58,503,0
2026-02-20,HMRL-56,579,0
2026-02-20,HMRL-47,700,0
2026-02-20,HMRL-59,627,0
2026-02-20,HMRL-09,580,0
2026-02-20,HMRL-45,575,0
2026-02-20,HMRL-44,571,0
2026-02-20,HMRL-07,590,0
2026-02-20,HMRL-22,545,0
2026-02-20,HMRL-27,617,0
2026-02-20,HMRL-55,621,0
2026-02-20,HMRL-50,695,0
2026-02-20,HMRL-42,666,0
2026-02-20,HMRL-10,531,0
2026-02-20,HMRL-02,624,1
2026-02-20,HMRL-25,602,0
2026-02-20,HMRL-31,658,0
2026-02-20,HMRL-03,533,0
2026-02-20,HMRL-57,631,0
2026-02-20,HMRL-11,580,0
2026-02-20,HMRL-39,674,0
2026-02-20,HMRL-46,615,0
2026-02-20,HMRL-15,674,3
2026-02-20,HMRL-35,514,0
2026-02-20,HMRL-53,562,0
2026-02-20,HMRL-29,643,1
2026-02-20,HMRL-52,574,0
2026-02-20,HMRL-08,645,0
2026-02-20,HMRL-41,518,0
2026-02-20,HMRL-36,618,0
2026-02-20,HMRL-28,589,0
2026-02-20,HMRL-05,664,0
2026-02-20,HMRL-06,619,0
2026-02-20,HMRL-17,546,0
2026-02-20,HMRL-34,601,0
2026-02-20,HMRL-18,551,0
2026-02-20,HMRL-40,516,0
2026-02-20,HMRL-37,654,0
2026-02-19,HMRL-08,589,0
2026-02-19,HMRL-18,623,0
2026-02-19,HMRL-30,676,0
2026-02-19,HMRL-03,678,0
2026-02-19,HMRL-35,677,0
2026-02-19,HMRL-10,502,0
2026-02-19,HMRL-31,652,0
2026-02-19,HMRL-55,685,0
2026-02-19,HMRL-41,657,0
2026-02-19,HMRL-14,670,0
2026-02-19,HMRL-21,687,0
2026-02-19,HMRL-37,688,0
2026-02-19,HMRL-57,503,0
2026-02-19,HMRL-39,617,0
2026-02-19,HMRL-25,627,0
2026-02-19,HMRL-04,529,0
2026-02-19,HMRL-24,672,0
2026-02-19,HMRL-28,633,0
2026-02-19,HMRL-54,615,0
2026-02-19,HMRL-51,532,0
2026-02-19,HMRL-45,663,0
2026-02-19,HMRL-52,524,1
2026-02-19,HMRL-02,548,0
2026-02-19,HMRL-43,639,0
2026-02-19,HMRL-59,653,0
2026-02-19,HMRL-17,589,0
2026-02-19,HMRL-12,548,0
2026-02-19,HMRL-06,647,0
2026-02-19,HMRL-53,594,0
2026-02-19,HMRL-48,504,0
2026-02-19,HMRL-09,578,0
2026-02-19,HMRL-13,531,0
2026-02-19,HMRL-42,666,0
2026-02-19,HMRL-32,605,0
2026-02-19,HMRL-23,590,0
2026-02-19,HMRL-15,609,0
2026-02-19,HMRL-47,695,0
2026-02-19,HMRL-56,545,0
2026-02-19,HMRL-07,595,0
2026-02-19,HMRL-58,652,0
2026-02-19,HMRL-33,611,0
2026-02-19,HMRL-38,668,0
2026-02-19,HMRL-49,611,0
2026-02-19,HMRL-44,679,0
2026-02-19,HMRL-11,525,0
2026-02-19,HMRL-29,526,0
2026-02-19,HMRL-05,504,0
2026-02-19,HMRL-36,605,0
2026-02-19,HMRL-40,691,0
2026-02-18,HMRL-07,581,0
2026-02-18,HMRL-41,646,0
2026-02-18,HMRL-29,561,0
2026-02-18,HMRL-33,600,0
2026-02-18,HMRL-38,664,0
2026-02-18,HMRL-52,513,0
2026-02-18,HMRL-03,647,0
2026-02-18,HMRL-43,662,0
2026-02-18,HMRL-19,686,0
2026-02-18,HMRL-27,581,0
2026-02-18,HMRL-14,611,0
2026-02-18,HMRL-15,681,0
2026-02-18,HMRL-30,629,0
2026-02-18,HMRL-36,647,0
2026-02-18,HMRL-25,695,0
2026-02-18,HMRL-08,566,0
2026-02-18,HMRL-13,540,0
2026-02-18,HMRL-31,552,0
2026-02-18,HMRL-45,506,0
2026-02-18,HMRL-23,660,0
2026-02-18,HMRL-48,539,1
2026-02-18,HMRL-51,520,0
2026-02-18,HMRL-26,506,0
2026-02-18,HMRL-01,533,0
2026-02-18,HMRL-24,662,0
2026-02-18,HMRL-49,591,0
2026-02-18,HMRL-57,667,0
2026-02-18,HMRL-55,576,0
2026-02-18,HMRL-18,562,0
2026-02-18,HMRL-58,596,0
2026-02-18,HMRL-22,668,0
2026-02-18,HMRL-09,536,0
2026-02-18,HMRL-10,663,0
2026-02-18,HMRL-39,526,0
2026-02-18,HMRL-56,652,0
2026-02-18,HMRL-50,536,0
2026-02-18,HMRL-40,546,0
2026-02-18,HMRL-42,626,0
2026-02-18,HMRL-37,553,0
2026-02-18,HMRL-46,625,0
2026-02-18,HMRL-02,605,0
2026-02-18,HMRL-47,660,0
2026-02-18,HMRL-34,675,0
2026-02-18,HMRL-05,580,0
2026-02-18,HMRL-12,615,0
2026-02-18,HMRL-21,546,0
2026-02-18,HMRL-35,545,0
2026-02-18,HMRL-53,661,0
2026-02-18,HMRL-16,508,0
2026-02-18,HMRL-28,587,0
2026-02-17,HMRL-40,600,0
2026-02-17,HMRL-39,696,0
2026-02-17,HMRL-35,542,0
2026-02-17,HMRL-01,684,0
2026-02-17,HMRL-11,614,0
2026-02-17,HMRL-34,691,0
2026-02-17,HMRL-48,581,0
2026-02-17,HMRL-17,655,0
2026-02-17,HMRL-08,551,0
2026-02-17,HMRL-13,595,0
2026-02-17,HMRL-59,516,0
2026-02-17,HMRL-02,508,0
2026-02-17,HMRL-58,564,0
2026-02-17,HMRL-49,575,0
2026-02-17,HMRL-55,665,0
2026-02-17,HMRL-33,635,0
2026-02-17,HMRL-10,507,0
2026-02-17,HMRL-14,582,0
2026-02-17,HMRL-24,547,0
2026-02-17,HMRL-52,518,0
2026-02-17,HMRL-43,595,0
2026-02-17,HMRL-47,699,0
2026-02-17,HMRL-21,502,0
2026-02-17,HMRL-09,502,0
2026-02-17,HMRL-15,554,0
2026-02-17,HMRL-06,582,0
2026-02-17,HMRL-37,643,0
2026-02-17,HMRL-18,554,0
2026-02-17,HMRL-45,526,0
2026-02-17,HMRL-16,683,0
2026-02-17,HMRL-07,671,0
2026-02-17,HMRL-03,665,0
2026-02-17,HMRL-12,693,0
2026-02-17,HMRL-23,581,0
2026-02-17,HMRL-32,512,0
2026-02-17,HMRL-38,627,0
2026-02-17,HMRL-44,530,0
2026-02-17,HMRL-36,543,0
2026-02-17,HMRL-31,651,0
2026-02-17,HMRL-60,647,0
2026-02-17,HMRL-53,700,0
2026-02-17,HMRL-51,501,0
2026-02-17,HMRL-30,572,0
2026-02-17,HMRL-46,603,0
2026-02-17,HMRL-54,635,0
2026-02-17,HMRL-04,517,0
2026-02-17,HMRL-56,606,0
2026-02-17,HMRL-28,570,0
2026-02-17,HMRL-05,588,0
2026-02-16,HMRL-50,532,0
2026-02-16,HMRL-21,537,0
2026-02-16,HMRL-32,605,0
2026-02-16,HMRL-40,671,0
2026-02-16,HMRL-04,635,0
2026-02-16,HMRL-26,622,0
2026-02-16,HMRL-20,571,0
2026-02-16,HMRL-45,687,0
2026-02-16,HMRL-30,523,0
2026-02-16,HMRL-58,575,0
2026-02-16,HMRL-42,590,0
2026-02-16,HMRL-08,562,0
2026-02-16,HMRL-24,688,0
2026-02-16,HMRL-57,677,0
2026-02-16,HMRL-07,626,0
2026-02-16,HMRL-02,555,0
2026-02-16,HMRL-15,598,0
2026-02-16,HMRL-56,526,0
2026-02-16,HMRL-01,651,0
2026-02-16,HMRL-09,631,0
2026-02-16,HMRL-46,694,0
2026-02-16,HMRL-59,681,0
2026-02-16,HMRL-28,539,0
2026-02-16,HMRL-44,527,0
2026-02-16,HMRL-11,556,0
2026-02-16,HMRL-06,598,0
2026-02-16,HMRL-13,658,0
2026-02-16,HMRL-48,699,0
2026-02-16,HMRL-60,517,0
2026-02-16,HMRL-52,542,0
2026-02-16,HMRL-23,647,0
2026-02-16,HMRL-38,537,0
2026-02-16,HMRL-53,527,0
2026-02-16,HMRL-41,561,0
2026-02-16,HMRL-55,568,0
2026-02-16,HMRL-29,615,0
2026-02-16,HMRL-43,530,0
2026-02-16,HMRL-25,521,0
2026-02-16,HMRL-10,554,0
2026-02-16,HMRL-03,628,0
2026-02-16,HMRL-27,585,0
2026-02-16,HMRL-36,525,0
2026-02-16,HMRL-34,608,0
2026-02-16,HMRL-54,548,0
2026-02-16,HMRL-35,652,0
2026-02-16,HMRL-37,655,0
2026-02-16,HMRL-39,610,0
2026-02-16,HMRL-22,512,0
2026-02-16,HMRL-49,528,0
2026-02-16,HMRL-31,513,0
2026-02-15,HMRL-16,305,0
2026-02-15,HMRL-05,367,0
2026-02-15,HMRL-35,343,0
2026-02-15,HMRL-07,302,0
2026-02-15,HMRL-18,421,0
2026-02-15,HMRL-15,425,0
2026-02-15,HMRL-40,420,0
2026-02-15,HMRL-45,304,0
2026-02-15,HMRL-46,374,0
2026-02-15,HMRL-26,434,0
2026-02-15,HMRL-51,493,0
2026-02-15,HMRL-50,324,0
2026-02-15,HMRL-57,488,0
2026-02-15,HMRL-55,425,0
2026-02-15,HMRL-53,439,0
2026-02-15,HMRL-56,424,0
2026-02-15,HMRL-32,417,0
2026-02-15,HMRL-14,481,0
2026-02-15,HMRL-11,432,0
2026-02-15,HMRL-43,452,0
2026-02-15,HMRL-23,369,0
2026-02-15,HMRL-19,486,0
2026-02-15,HMRL-39,337,0
2026-02-15,HMRL-01,356,0
2026-02-15,HMRL-48,336,0
2026-02-15,HMRL-12,307,0
2026-02-15,HMRL-33,489,0
2026-02-15,HMRL-31,410,0
2026-02-15,HMRL-20,490,0
2026-02-15,HMRL-28,396,0
2026-02-15,HMRL-30,370,0
2026-02-15,HMRL-54,473,0
2026-02-15,HMRL-08,415,0
2026-02-15,HMRL-06,434,0
2026-02-15,HMRL-42,473,0
2026-02-15,HMRL-22,384,0
2026-02-15,HMRL-03,406,0
2026-02-15,HMRL-27,370,0
2026-02-15,HMRL-29,310,0
2026-02-15,HMRL-49,479,0
2026-02-15,HMRL-47,456,0
2026-02-15,HMRL-59,416,0
2026-02-15,HMRL-37,388,0
2026-02-15,HMRL-60,302,0
2026-02-15,HMRL-41,475,0
2026-02-15,HMRL-25,474,0
2026-02-14,HMRL-40,421,0
2026-02-14,HMRL-36,363,0
2026-02-14,HMRL-43,463,0
2026-02-14,HMRL-11,402,0
2026-02-14,HMRL-20,325,0
2026-02-14,HMRL-32,377,0
2026-02-14,HMRL-19,344,0
2026-02-14,HMRL-05,473,0
2026-02-14,HMRL-52,448,0
2026-02-14,HMRL-54,496,0
2026-02-14,HMRL-01,334,0
2026-02-14,HMRL-30,351,0
2026-02-14,HMRL-03,321,0
2026-02-14,HMRL-14,460,0
2026-02-14,HMRL-51,346,0
2026-02-14,HMRL-38,411,0
2026-02-14,HMRL-08,434,0
2026-02-14,HMRL-04,380,0
2026-02-14,HMRL-55,475,0
2026-02-14,HMRL-56,419,0
2026-02-14,HMRL-50,419,0
2026-02-14,HMRL-28,405,0
2026-02-14,HMRL-23,443,1
2026-02-14,HMRL-60,322,0
2026-02-14,HMRL-58,457,0
2026-02-14,HMRL-17,362,0
2026-02-14,HMRL-09,395,0
2026-02-14,HMRL-45,439,0
2026-02-14,HMRL-46,375,1
2026-02-14,HMRL-26,332,0
2026-02-14,HMRL-39,301,0
2026-02-14,HMRL-35,495,0
2026-02-14,HMRL-22,417,0
2026-02-14,HMRL-25,321,1
2026-02-14,HMRL-18,466,0
2026-02-14,HMRL-53,452,0
2026-02-14,HMRL-48,374,0
2026-02-14,HMRL-33,476,0
2026-02-14,HMRL-34,315,0
2026-02-14,HMRL-27,449,0
2026-02-14,HMRL-07,489,0
2026-02-14,HMRL-47,479,0
2026-02-14,HMRL-24,336,0
2026-02-14,HMRL-10,426,0
2026-02-14,HMRL-44,472,0
2026-02-14,HMRL-37,339,0
2026-02-13,HMRL-47,690,0
2026-02-13,HMRL-01,543,0
2026-02-13,HMRL-52,679,0
2026-02-13,HMRL-32,621,0
2026-02-13,HMRL-40,574,0
2026-02-13,HMRL-45,650,0
2026-02-13,HMRL-13,670,0
2026-02-13,HMRL-08,598,0
2026-02-13,HMRL-05,527,0
2026-02-13,HMRL-59,608,0
2026-02-13,HMRL-10,572,0
2026-02-13,HMRL-39,644,0
2026-02-13,HMRL-53,648,0
2026-02-13,HMRL-34,665,0
2026-02-13,HMRL-07,668,0
2026-02-13,HMRL-16,510,0
2026-02-13,HMRL-14,590,0
2026-02-13,HMRL-46,619,0
2026-02-13,HMRL-31,617,0
2026-02-13,HMRL-02,540,0
2026-02-13,HMRL-33,628,0
2026-02-13,HMRL-29,680,0
2026-02-13,HMRL-26,631,0
2026-02-13,HMRL-04,590,0
2026-02-13,HMRL-48,644,0
2026-02-13,HMRL-20,683,0
2026-02-13,HMRL-38,535,0
2026-02-13,HMRL-42,695,0
2026-02-13,HMRL-12,600,0
2026-02-13,HMRL-27,665,0
2026-02-13,HMRL-36,620,0
2026-02-13,HMRL-56,546,0
2026-02-13,HMRL-28,629,0
2026-02-13,HMRL-18,634,0
2026-02-13,HMRL-09,678,0
2026-02-13,HMRL-35,648,0
2026-02-13,HMRL-22,658,0
2026-02-13,HMRL-15,517,1
2026-02-13,HMRL-24,540,0
2026-02-13,HMRL-25,670,0
2026-02-13,HMRL-37,673,0
2026-02-13,HMRL-44,694,0
2026-02-13,HMRL-58,697,0
2026-02-13,HMRL-51,687,0
2026-02-13,HMRL-06,526,0
2026-02-13,HMRL-03,544,0
2026-02-12,HMRL-49,698,0
2026-02-12,HMRL-27,639,0
2026-02-12,HMRL-05,587,0
2026-02-12,HMRL-04,686,0
2026-02-12,HMRL-40,686,0
2026-02-12,HMRL-17,627,0
2026-02-12,HMRL-08,553,0
2026-02-12,HMRL-03,621,0
2026-02-12,HMRL-48,591,0
2026-02-12,HMRL-58,643,0
2026-02-12,HMRL-29,517,0
2026-02-12,HMRL-60,660,0
2026-02-12,HMRL-24,518,0
2026-02-12,HMRL-39,532,0
2026-02-12,HMRL-41,576,0
2026-02-12,HMRL-02,627,0
2026-02-12,HMRL-12,653,0
2026-02-12,HMRL-21,505,0
2026-02-12,HMRL-07,574,0
2026-02-12,HMRL-50,564,0
2026-02-12,HMRL-25,591,1
2026-02-12,HMRL-09,573,0
2026-02-12,HMRL-37,647,0
2026-02-12,HMRL-36,632,0
2026-02-12,HMRL-13,628,0
2026-02-12,HMRL-38,658,0
2026-02-12,HMRL-55,528,0
2026-02-12,HMRL-32,567,0
2026-02-12,HMRL-46,508,0
2026-02-12,HMRL-22,566,0
2026-02-12,HMRL-10,695,0
2026-02-12,HMRL-54,687,0
2026-02-12,HMRL-42,693,0
2026-02-12,HMRL-52,515,0
2026-02-12,HMRL-06,518,0
2026-02-12,HMRL-14,644,0
2026-02-12,HMRL-34,679,0
2026-02-12,HMRL-28,509,0
2026-02-12,HMRL-53,518,0
2026-02-12,HMRL-19,653,0
2026-02-12,HMRL-01,520,0
2026-02-12,HMRL-57,622,0
2026-02-12,HMRL-23,569,0
2026-02-12,HMRL-45,526,0
2026-02-12,HMRL-51,666,0
2026-02-12,HMRL-15,622,0
2026-02-12,HMRL-20,558,0
2026-02-12,HMRL-26,698,0
2026-02-11,HMRL-35,612,0
2026-02-11,HMRL-39,511,0
2026-02-11,HMRL-56,654,0
2026-02-11,HMRL-25,562,0
2026-02-11,HMRL-44,533,0
2026-02-11,HMRL-58,622,0
2026-02-11,HMRL-48,668,0
2026-02-11,HMRL-02,564,0
2026-02-11,HMRL-36,552,0
2026-02-11,HMRL-31,688,0
2026-02-11,HMRL-04,556,0
2026-02-11,HMRL-57,577,0
2026-02-11,HMRL-49,699,0
2026-02-11,HMRL-45,667,0
2026-02-11,HMRL-09,568,0
2026-02-11,HMRL-28,638,0
2026-02-11,HMRL-47,513,0
2026-02-11,HMRL-52,605,0
2026-02-11,HMRL-46,659,0
2026-02-11,HMRL-08,520,0
2026-02-11,HMRL-29,535,0
2026-02-11,HMRL-41,633,0
2026-02-11,HMRL-24,689,0
2026-02-11,HMRL-23,531,0
2026-02-11,HMRL-13,536,0
2026-02-11,HMRL-22,612,0
2026-02-11,HMRL-55,616,0
2026-02-11,HMRL-50,505,0
2026-02-11,HMRL-16,508,0
2026-02-11,HMRL-59,650,0
2026-02-11,HMRL-03,521,1
2026-02-11,HMRL-19,598,0
2026-02-11,HMRL-01,597,0
2026-02-11,HMRL-51,511,0
2026-02-11,HMRL-14,597,0
2026-02-11,HMRL-38,610,0
2026-02-11,HMRL-18,669,0
2026-02-11,HMRL-40,638,0
2026-02-11,HMRL-53,506,0
2026-02-11,HMRL-34,693,0
2026-02-11,HMRL-27,567,0
2026-02-11,HMRL-60,651,0
2026-02-11,HMRL-30,507,0
2026-02-11,HMRL-37,659,0
2026-02-11,HMRL-05,609,0
2026-02-10,HMRL-52,669,0
2026-02-10,HMRL-07,567,0
2026-02-10,HMRL-36,613,0
2026-02-10,HMRL-25,612,0
2026-02-10,HMRL-47,591,0
2026-02-10,HMRL-44,642,0
2026-02-10,HMRL-19,514,0
2026-02-10,HMRL-35,520,0
2026-02-10,HMRL-30,656,0
2026-02-10,HMRL-28,516,0
2026-02-10,HMRL-37,566,0
2026-02-10,HMRL-56,570,0
2026-02-10,HMRL-50,626,0
2026-02-10,HMRL-34,661,0
2026-02-10,HMRL-17,658,0
2026-02-10,HMRL-11,559,0
2026-02-10,HMRL-57,509,0
2026-02-10,HMRL-60,629,0
2026-02-10,HMRL-16,648,0
2026-02-10,HMRL-09,641,0
2026-02-10,HMRL-01,515,0
2026-02-10,HMRL-18,566,0
2026-02-10,HMRL-39,504,0
2026-02-10,HMRL-06,590,0
2026-02-10,HMRL-42,511,0
2026-02-10,HMRL-53,589,0
2026-02-10,HMRL-54,629,0
2026-02-10,HMRL-22,630,0
2026-02-10,HMRL-26,552,0
2026-02-10,HMRL-02,595,0
2026-02-10,HMRL-20,674,0
2026-02-10,HMRL-41,664,0
2026-02-10,HMRL-12,572,0
2026-02-10,HMRL-29,583,0
2026-02-10,HMRL-33,592,0
2026-02-10,HMRL-27,604,0
2026-02-10,HMRL-21,595,0
2026-02-10,HMRL-43,575,0
2026-02-10,HMRL-40,541,0
2026-02-10,HMRL-04,574,0
2026-02-10,HMRL-10,651,0
2026-02-10,HMRL-49,580,0
2026-02-09,HMRL-51,519,0
2026-02-09,HMRL-38,667,0
2026-02-09,HMRL-46,558,0
2026-02-09,HMRL-23,607,0
2026-02-09,HMRL-14,532,0
2026-02-09,HMRL-25,562,0
2026-02-09,HMRL-54,604,0
2026-02-09,HMRL-59,670,0
2026-02-09,HMRL-03,566,0
2026-02-09,HMRL-43,587,0
2026-02-09,HMRL-47,520,0
2026-02-09,HMRL-10,629,0
2026-02-09,HMRL-55,647,0
2026-02-09,HMRL-42,697,0
2026-02-09,HMRL-06,546,0
2026-02-09,HMRL-05,503,0
2026-02-09,HMRL-15,607,0
2026-02-09,HMRL-37,641,0
2026-02-09,HMRL-33,620,0
2026-02-09,HMRL-60,532,0
2026-02-09,HMRL-36,610,0
2026-02-09,HMRL-27,518,0
2026-02-09,HMRL-35,635,0
2026-02-09,HMRL-08,608,0
2026-02-09,HMRL-34,602,0
2026-02-09,HMRL-04,561,0
2026-02-09,HMRL-31,530,0
2026-02-09,HMRL-29,586,0
2026-02-09,HMRL-21,657,0
2026-02-09,HMRL-09,684,1
2026-02-09,HMRL-07,590,0
2026-02-09,HMRL-39,604,0
2026-02-09,HMRL-19,689,0
2026-02-09,HMRL-49,574,0
2026-02-09,HMRL-41,679,0
2026-02-09,HMRL-11,546,0
2026-02-09,HMRL-26,650,0
2026-02-09,HMRL-12,630,0
2026-02-09,HMRL-24,501,0
2026-02-09,HMRL-44,594,0
2026-02-09,HMRL-48,616,0
2026-02-09,HMRL-53,612,0
2026-02-09,HMRL-22,684,0
2026-02-09,HMRL-32,697,0
2026-02-09,HMRL-56,576,0
2026-02-09,HMRL-58,512,0
2026-02-09,HMRL-02,634,0
2026-02-09,HMRL-17,609,0
2026-02-09,HMRL-40,598,0
2026-02-09,HMRL-57,545,0
2026-02-08,HMRL-53,425,0
2026-02-08,HMRL-48,306,0
2026-02-08,HMRL-57,372,0
2026-02-08,HMRL-47,446,0
2026-02-08,HMRL-14,413,0
2026-02-08,HMRL-28,416,0
2026-02-08,HMRL-34,328,0
2026-02-08,HMRL-18,330,0
2026-02-08,HMRL-37,410,0
2026-02-08,HMRL-40,322,0
2026-02-08,HMRL-21,371,0
2026-02-08,HMRL-07,329,0
2026-02-08,HMRL-23,320,0
2026-02-08,HMRL-19,356,0
2026-02-08,HMRL-11,383,0
2026-02-08,HMRL-08,385,0
2026-02-08,HMRL-58,461,0
2026-02-08,HMRL-60,472,0
2026-02-08,HMRL-32,480,0
2026-02-08,HMRL-29,309,0
2026-02-08,HMRL-15,480,0
2026-02-08,HMRL-46,381,0
2026-02-08,HMRL-44,442,0
2026-02-08,HMRL-17,460,0
2026-02-08,HMRL-49,302,0
2026-02-08,HMRL-51,450,0
2026-02-08,HMRL-43,356,0
2026-02-08,HMRL-10,367,0
2026-02-08,HMRL-36,424,0
2026-02-08,HMRL-42,487,0
2026-02-08,HMRL-54,333,0
2026-02-08,HMRL-27,322,0
2026-02-08,HMRL-52,485,0
2026-02-08,HMRL-25,300,0
2026-02-08,HMRL-06,425,0
2026-02-08,HMRL-01,353,0
2026-02-08,HMRL-20,309,0
2026-02-08,HMRL-02,367,0
2026-02-08,HMRL-30,461,0
2026-02-08,HMRL-22,463,0
2026-02-08,HMRL-31,435,0
2026-02-08,HMRL-41,346,0
2026-02-07,HMRL-57,500,0
2026-02-07,HMRL-19,443,0
2026-02-07,HMRL-43,366,0
2026-02-07,HMRL-32,405,0
2026-02-07,HMRL-60,413,0
2026-02-07,HMRL-51,366,0
2026-02-07,HMRL-41,368,0
2026-02-07,HMRL-26,356,0
2026-02-07,HMRL-39,311,0
2026-02-07,HMRL-23,404,0
2026-02-07,HMRL-35,342,0
2026-02-07,HMRL-31,499,0
2026-02-07,HMRL-59,457,0
2026-02-07,HMRL-07,333,0
2026-02-07,HMRL-15,305,0
2026-02-07,HMRL-08,305,0
2026-02-07,HMRL-48,323,0
2026-02-07,HMRL-27,385,0
2026-02-07,HMRL-29,496,0
2026-02-07,HMRL-21,316,0
2026-02-07,HMRL-16,432,0
2026-02-07,HMRL-28,437,0
2026-02-07,HMRL-45,340,0
2026-02-07,HMRL-12,401,0
2026-02-07,HMRL-30,358,0
2026-02-07,HMRL-54,341,0
2026-02-07,HMRL-38,384,0
2026-02-07,HMRL-55,441,0
2026-02-07,HMRL-53,303,0
2026-02-07,HMRL-33,434,0
2026-02-07,HMRL-05,401,0
2026-02-07,HMRL-25,310,0
2026-02-07,HMRL-40,377,0
2026-02-07,HMRL-58,476,0
2026-02-07,HMRL-56,369,0
2026-02-07,HMRL-52,500,0
2026-02-07,HMRL-20,402,0
2026-02-07,HMRL-14,489,0
2026-02-07,HMRL-22,321,0
2026-02-07,HMRL-34,429,0
2026-02-07,HMRL-01,495,0
2026-02-07,HMRL-10,305,1
2026-02-07,HMRL-09,454,0
2026-02-07,HMRL-17,324,0
2026-02-07,HMRL-47,400,0
2026-02-06,HMRL-51,622,0
2026-02-06,HMRL-21,664,0
2026-02-06,HMRL-28,536,0
2026-02-06,HMRL-33,521,0
2026-02-06,HMRL-48,543,0
2026-02-06,HMRL-02,625,0
2026-02-06,HMRL-20,521,0
2026-02-06,HMRL-18,657,0
2026-02-06,HMRL-30,633,0
2026-02-06,HMRL-13,645,0
2026-02-06,HMRL-07,515,0
2026-02-06,HMRL-17,564,0
2026-02-06,HMRL-42,689,0
2026-02-06,HMRL-37,538,0
2026-02-06,HMRL-31,653,0
2026-02-06,HMRL-25,501,0
2026-02-06,HMRL-19,553,0
2026-02-06,HMRL-58,625,0
2026-02-06,HMRL-06,580,0
2026-02-06,HMRL-15,560,0
2026-02-06,HMRL-27,681,0
2026-02-06,HMRL-36,642,0
2026-02-06,HMRL-53,687,0
2026-02-06,HMRL-46,526,0
2026-02-06,HMRL-44,519,0
2026-02-06,HMRL-35,693,0
2026-02-06,HMRL-57,531,0
2026-02-06,HMRL-16,612,0
2026-02-06,HMRL-45,529,0
2026-02-06,HMRL-01,543,0
2026-02-06,HMRL-34,634,0
2026-02-06,HMRL-24,691,0
2026-02-06,HMRL-60,607,0
2026-02-06,HMRL-12,575,0
2026-02-06,HMRL-32,575,0
2026-02-06,HMRL-38,673,0
2026-02-06,HMRL-23,582,0
2026-02-06,HMRL-04,595,0
2026-02-06,HMRL-41,542,0
2026-02-06,HMRL-08,633,0
2026-02-06,HMRL-39,657,0
2026-02-06,HMRL-47,595,0
2026-02-06,HMRL-43,564,0
2026-02-06,HMRL-59,553,0
2026-02-06,HMRL-22,691,0
2026-02-06,HMRL-56,534,0
2026-02-05,HMRL-01,555,0
2026-02-05,HMRL-21,567,0
2026-02-05,HMRL-27,532,0
2026-02-05,HMRL-12,650,0
2026-02-05,HMRL-10,598,0
2026-02-05,HMRL-31,697,0
2026-02-05,HMRL-05,654,0
2026-02-05,HMRL-60,688,0
2026-02-05,HMRL-20,671,0
2026-02-05,HMRL-45,553,0
2026-02-05,HMRL-13,700,0
2026-02-05,HMRL-50,555,0
2026-02-05,HMRL-51,657,0
2026-02-05,HMRL-07,542,0
2026-02-05,HMRL-35,500,0
2026-02-05,HMRL-30,513,0
2026-02-05,HMRL-22,612,0
2026-02-05,HMRL-47,620,0
2026-02-05,HMRL-04,628,0
2026-02-05,HMRL-40,561,0
2026-02-05,HMRL-48,596,0
2026-02-05,HMRL-39,680,0
2026-02-05,HMRL-11,579,0
2026-02-05,HMRL-54,581,0
2026-02-05,HMRL-23,654,0
2026-02-05,HMRL-15,542,0
2026-02-05,HMRL-36,571,0
2026-02-05,HMRL-53,611,0
2026-02-05,HMRL-49,625,0
2026-02-05,HMRL-09,564,0
2026-02-05,HMRL-56,642,0
2026-02-05,HMRL-58,666,0
2026-02-05,HMRL-28,506,0
2026-02-05,HMRL-14,619,0
2026-02-05,HMRL-19,588,0
2026-02-05,HMRL-24,554,0
2026-02-05,HMRL-41,548,0
2026-02-05,HMRL-57,545,0
2026-02-05,HMRL-52,502,0
2026-02-05,HMRL-32,592,0
2026-02-05,HMRL-55,501,0
2026-02-05,HMRL-18,584,0
2026-02-05,HMRL-26,594,0
2026-02-05,HMRL-43,628,0
2026-02-05,HMRL-03,655,0
2026-02-05,HMRL-25,665,0
2026-02-05,HMRL-16,622,0
2026-02-05,HMRL-02,678,0
2026-02-05,HMRL-34,570,0
2026-02-04,HMRL-56,684,0
2026-02-04,HMRL-46,632,0
2026-02-04,HMRL-31,606,0
2026-02-04,HMRL-39,671,0
2026-02-04,HMRL-41,694,0
2026-02-04,HMRL-30,686,0
2026-02-04,HMRL-32,544,0
2026-02-04,HMRL-12,570,0
2026-02-04,HMRL-58,676,0
2026-02-04,HMRL-48,544,0
2026-02-04,HMRL-42,500,0
2026-02-04,HMRL-49,643,0
2026-02-04,HMRL-35,587,0
2026-02-04,HMRL-07,678,0
2026-02-04,HMRL-03,618,0
2026-02-04,HMRL-24,523,0
2026-02-04,HMRL-02,522,0
2026-02-04,HMRL-40,651,0
2026-02-04,HMRL-10,505,0
2026-02-04,HMRL-53,502,0
2026-02-04,HMRL-09,595,0
2026-02-04,HMRL-06,685,0
2026-02-04,HMRL-27,578,0
2026-02-04,HMRL-08,664,0
2026-02-04,HMRL-04,548,0
2026-02-04,HMRL-29,688,0
2026-02-04,HMRL-36,513,0
2026-02-04,HMRL-21,573,0
2026-02-04,HMRL-47,535,0
2026-02-04,HMRL-28,605,0
2026-02-04,HMRL-18,548,0
2026-02-04,HMRL-43,551,0
2026-02-04,HMRL-52,575,0
2026-02-04,HMRL-54,612,0
2026-02-04,HMRL-33,625,0
2026-02-04,HMRL-20,593,0
2026-02-04,HMRL-45,664,0
2026-02-04,HMRL-01,661,0
2026-02-04,HMRL-11,543,1
2026-02-04,HMRL-22,598,0
2026-02-04,HMRL-57,645,0
2026-02-04,HMRL-19,679,0
2026-02-03,HMRL-14,639,0
2026-02-03,HMRL-22,505,0
2026-02-03,HMRL-45,657,0
2026-02-03,HMRL-33,647,0
2026-02-03,HMRL-36,687,0
2026-02-03,HMRL-54,562,0
2026-02-03,HMRL-48,595,0
2026-02-03,HMRL-51,623,0
2026-02-03,HMRL-18,576,2
2026-02-03,HMRL-06,559,0
2026-02-03,HMRL-57,629,0
2026-02-03,HMRL-60,609,0
2026-02-03,HMRL-17,647,0
2026-02-03,HMRL-49,507,0
2026-02-03,HMRL-30,542,0
2026-02-03,HMRL-55,652,0
2026-02-03,HMRL-03,634,0
2026-02-03,HMRL-08,645,0
2026-02-03,HMRL-34,533,0
2026-02-03,HMRL-41,513,0
2026-02-03,HMRL-12,579,0
2026-02-03,HMRL-31,536,0
2026-02-03,HMRL-09,617,0
2026-02-03,HMRL-46,617,0
2026-02-03,HMRL-21,544,0
2026-02-03,HMRL-24,520,0
2026-02-03,HMRL-25,552,0
2026-02-03,HMRL-44,685,0
2026-02-03,HMRL-56,675,0
2026-02-03,HMRL-23,698,0
2026-02-03,HMRL-04,622,0
2026-02-03,HMRL-32,525,0
2026-02-03,HMRL-40,675,0
2026-02-03,HMRL-01,554,0
2026-02-03,HMRL-53,671,0
2026-02-03,HMRL-47,618,0
2026-02-03,HMRL-16,695,0
2026-02-03,HMRL-11,599,0
2026-02-03,HMRL-39,695,0
2026-02-03,HMRL-29,602,0
2026-02-03,HMRL-37,572,0
2026-02-03,HMRL-26,686,0
2026-02-03,HMRL-28,652,0
2026-02-03,HMRL-10,518,0
2026-02-03,HMRL-19,671,0
2026-02-03,HMRL-43,650,2
2026-02-02,HMRL-50,588,0
2026-02-02,HMRL-16,525,0
2026-02-02,HMRL-24,603,0
2026-02-02,HMRL-58,503,0
2026-02-02,HMRL-22,532,0
2026-02-02,HMRL-33,598,0
2026-02-02,HMRL-53,502,0
2026-02-02,HMRL-01,671,0
2026-02-02,HMRL-40,697,0
2026-02-02,HMRL-39,689,0
2026-02-02,HMRL-49,654,0
2026-02-02,HMRL-26,615,0
2026-02-02,HMRL-05,699,0
2026-02-02,HMRL-42,585,0
2026-02-02,HMRL-15,593,0
2026-02-02,HMRL-09,545,0
2026-02-02,HMRL-32,636,0
2026-02-02,HMRL-13,672,0
2026-02-02,HMRL-03,501,0
2026-02-02,HMRL-14,681,0
2026-02-02,HMRL-20,550,0
2026-02-02,HMRL-28,657,0
2026-02-02,HMRL-06,616,0
2026-02-02,HMRL-56,618,0
2026-02-02,HMRL-25,531,0
2026-02-02,HMRL-12,617,0
2026-02-02,HMRL-51,653,0
2026-02-02,HMRL-10,564,0
2026-02-02,HMRL-19,672,0
2026-02-02,HMRL-55,506,0
2026-02-02,HMRL-43,545,0
2026-02-02,HMRL-37,606,0
2026-02-02,HMRL-27,662,0
2026-02-02,HMRL-59,687,1
2026-02-02,HMRL-02,563,0
2026-02-02,HMRL-45,636,0
2026-02-02,HMRL-41,686,0
2026-02-02,HMRL-38,626,0
2026-02-02,HMRL-23,570,0
2026-02-02,HMRL-30,617,0
2026-02-02,HMRL-17,562,0
2026-02-02,HMRL-04,687,0
2026-02-02,HMRL-46,645,0
2026-02-02,HMRL-47,519,0
2026-02-01,HMRL-10,454,0
2026-02-01,HMRL-39,346,0
2026-02-01,HMRL-47,369,0
2026-02-01,HMRL-41,500,0
2026-02-01,HMRL-52,333,0
2026-02-01,HMRL-07,418,0
2026-02-01,HMRL-25,462,0
2026-02-01,HMRL-33,356,0
2026-02-01,HMRL-58,481,0
2026-02-01,HMRL-06,316,0
2026-02-01,HMRL-22,486,0
2026-02-01,HMRL-57,417,0
2026-02-01,HMRL-48,462,0
2026-02-01,HMRL-20,438,0
2026-02-01,HMRL-28,442,0
2026-02-01,HMRL-26,388,0
2026-02-01,HMRL-02,338,0
2026-02-01,HMRL-12,490,0
2026-02-01,HMRL-17,436,0
2026-02-01,HMRL-51,472,0
2026-02-01,HMRL-46,403,1
2026-02-01,HMRL-08,320,0
2026-02-01,HMRL-13,443,0
2026-02-01,HMRL-37,321,0
2026-02-01,HMRL-42,435,0
2026-02-01,HMRL-56,374,0
2026-02-01,HMRL-53,415,0
2026-02-01,HMRL-16,307,0
2026-02-01,HMRL-04,449,0
2026-02-01,HMRL-43,390,0
2026-02-01,HMRL-19,406,0
2026-02-01,HMRL-34,305,0
2026-02-01,HMRL-55,372,0
2026-02-01,HMRL-54,425,0
2026-02-01,HMRL-14,396,0
2026-02-01,HMRL-09,333,0
2026-02-01,HMRL-24,331,0
2026-02-01,HMRL-23,355,0
2026-02-01,HMRL-49,328,0
2026-02-01,HMRL-27,345,0
2026-02-01,HMRL-36,496,0
2026-02-01,HMRL-44,488,0
2026-01-31,HMRL-27,335,0
2026-01-31,HMRL-23,428,0
2026-01-31,HMRL-49,453,0
2026-01-31,HMRL-14,404,0
2026-01-31,HMRL-60,383,0
2026-01-31,HMRL-39,342,0
2026-01-31,HMRL-18,420,0
2026-01-31,HMRL-21,394,0
2026-01-31,HMRL-50,467,0
2026-01-31,HMRL-24,430,0
2026-01-31,HMRL-41,341,0
2026-01-31,HMRL-07,485,0
2026-01-31,HMRL-43,344,0
2026-01-31,HMRL-44,482,0
2026-01-31,HMRL-52,382,0
2026-01-31,HMRL-46,316,0
2026-01-31,HMRL-53,352,0
2026-01-31,HMRL-33,417,0
2026-01-31,HMRL-35,454,0
2026-01-31,HMRL-42,361,0
2026-01-31,HMRL-26,418,0
2026-01-31,HMRL-15,328,0
2026-01-31,HMRL-40,384,0
2026-01-31,HMRL-32,340,0
2026-01-31,HMRL-30,484,0
2026-01-31,HMRL-19,301,0
2026-01-31,HMRL-29,474,0
2026-01-31,HMRL-11,433,0
2026-01-31,HMRL-12,398,0
2026-01-31,HMRL-13,406,0
2026-01-31,HMRL-10,483,0
2026-01-31,HMRL-01,483,0
2026-01-31,HMRL-54,465,0
2026-01-31,HMRL-56,482,0
2026-01-31,HMRL-48,485,1
2026-01-31,HMRL-25,485,0
2026-01-31,HMRL-55,393,0
2026-01-31,HMRL-47,430,0
2026-01-31,HMRL-06,412,0
2026-01-31,HMRL-04,331,0
2026-01-31,HMRL-31,367,0
2026-01-31,HMRL-45,448,0
2026-01-31,HMRL-57,328,0
2026-01-31,HMRL-28,393,0
2026-01-31,HMRL-17,386,0
2026-01-31,HMRL-59,362,0
2026-01-31,HMRL-38,353,0
2026-01-31,HMRL-34,384,0
2026-01-31,HMRL-36,318,0
2026-01-31,HMRL-51,481,0
2026-01-30,HMRL-49,649,0
2026-01-30,HMRL-17,649,0
2026-01-30,HMRL-22,630,0
2026-01-30,HMRL-19,632,0
2026-01-30,HMRL-45,658,0
2026-01-30,HMRL-29,588,0
2026-01-30,HMRL-58,650,0
2026-01-30,HMRL-51,580,0
2026-01-30,HMRL-55,596,0
2026-01-30,HMRL-56,624,0
2026-01-30,HMRL-59,634,0
2026-01-30,HMRL-37,623,0
2026-01-30,HMRL-18,503,0
2026-01-30,HMRL-39,516,0
2026-01-30,HMRL-03,579,0
2026-01-30,HMRL-09,538,0
2026-01-30,HMRL-10,699,0
2026-01-30,HMRL-34,530,0
2026-01-30,HMRL-57,591,0
2026-01-30,HMRL-02,645,0
2026-01-30,HMRL-15,503,0
2026-01-30,HMRL-24,700,0
2026-01-30,HMRL-60,558,0
2026-01-30,HMRL-47,593,0
2026-01-30,HMRL-42,602,0
2026-01-30,HMRL-20,584,0
2026-01-30,HMRL-11,569,0
2026-01-30,HMRL-35,636,0
2026-01-30,HMRL-31,637,0
2026-01-30,HMRL-23,514,0
2026-01-30,HMRL-40,633,0
2026-01-30,HMRL-54,565,0
2026-01-30,HMRL-44,546,0
2026-01-30,HMRL-05,666,0
2026-01-30,HMRL-38,558,0
2026-01-30,HMRL-32,616,0
2026-01-30,HMRL-27,655,0
2026-01-30,HMRL-26,571,0
2026-01-30,HMRL-33,548,0
2026-01-30,HMRL-28,516,0
2026-01-30,HMRL-13,533,0
2026-01-30,HMRL-53,515,0
2026-01-30,HMRL-08,562,0
2026-01-30,HMRL-01,648,0
2026-01-30,HMRL-07,525,0
2026-01-29,HMRL-21,636,0
2026-01-29,HMRL-51,570,0
2026-01-29,HMRL-41,628,0
2026-01-29,HMRL-05,612,0
2026-01-29,HMRL-13,693,0
2026-01-29,HMRL-31,624,2
2026-01-29,HMRL-08,630,0
2026-01-29,HMRL-29,541,0
2026-01-29,HMRL-06,694,0
2026-01-29,HMRL-55,577,0
2026-01-29,HMRL-56,613,0
2026-01-29,HMRL-07,675,0
2026-01-29,HMRL-35,546,0
2026-01-29,HMRL-38,527,0
2026-01-29,HMRL-14,554,0
2026-01-29,HMRL-39,578,0
2026-01-29,HMRL-32,635,0
2026-01-29,HMRL-20,675,0
2026-01-29,HMRL-37,656,0
2026-01-29,HMRL-01,672,0
2026-01-29,HMRL-47,540,0
2026-01-29,HMRL-28,601,0
2026-01-29,HMRL-54,540,0
2026-01-29,HMRL-53,540,0
2026-01-29,HMRL-50,632,0
2026-01-29,HMRL-30,667,0
2026-01-29,HMRL-58,606,0
2026-01-29,HMRL-17,568,0
2026-01-29,HMRL-27,567,0
2026-01-29,HMRL-43,577,0
2026-01-29,HMRL-09,578,0
2026-01-29,HMRL-16,590,0
2026-01-29,HMRL-60,580,0
2026-01-29,HMRL-52,608,0
2026-01-29,HMRL-11,695,0
2026-01-29,HMRL-33,695,0
2026-01-29,HMRL-42,514,0
2026-01-29,HMRL-25,590,0
2026-01-29,HMRL-10,535,0
2026-01-29,HMRL-45,696,0
2026-01-29,HMRL-22,680,0
2026-01-29,HMRL-48,669,0
2026-01-28,HMRL-54,691,0
2026-01-28,HMRL-24,698,0
2026-01-28,HMRL-02,538,0
2026-01-28,HMRL-21,650,0
2026-01-28,HMRL-28,551,0
2026-01-28,HMRL-51,612,0
2026-01-28,HMRL-25,646,0
2026-01-28,HMRL-57,669,0
2026-01-28,HMRL-36,635,0
2026-01-28,HMRL-52,676,1
2026-01-28,HMRL-48,517,0
2026-01-28,HMRL-13,679,0
2026-01-28,HMRL-14,580,0
2026-01-28,HMRL-40,592,0
2026-01-28,HMRL-33,614,0
2026-01-28,HMRL-29,554,0
2026-01-28,HMRL-18,619,0
2026-01-28,HMRL-07,592,0
2026-01-28,HMRL-05,673,0
2026-01-28,HMRL-16,566,0
2026-01-28,HMRL-11,691,0
2026-01-28,HMRL-53,535,0
2026-01-28,HMRL-31,605,0
2026-01-28,HMRL-38,624,0
2026-01-28,HMRL-03,635,3
2026-01-28,HMRL-60,595,0
2026-01-28,HMRL-32,508,0
2026-01-28,HMRL-41,583,0
2026-01-28,HMRL-44,625,0
2026-01-28,HMRL-20,585,0
2026-01-28,HMRL-19,688,0
2026-01-28,HMRL-49,523,0
2026-01-28,HMRL-58,699,0
2026-01-28,HMRL-04,540,0
2026-01-28,HMRL-56,522,0
2026-01-28,HMRL-39,619,0
2026-01-28,HMRL-47,548,0
2026-01-28,HMRL-09,696,0
2026-01-28,HMRL-34,570,0
2026-01-28,HMRL-12,689,0
2026-01-28,HMRL-15,584,0
2026-01-28,HMRL-10,665,0
2026-01-28,HMRL-27,616,0
2026-01-28,HMRL-46,677,0
2026-01-28,HMRL-42,610,0
2026-01-28,HMRL-37,602,0
2026-01-27,HMRL-40,668,0
2026-01-27,HMRL-54,577,0
2026-01-27,HMRL-25,569,0
2026-01-27,HMRL-02,555,0
2026-01-27,HMRL-01,506,0
2026-01-27,HMRL-15,612,0
2026-01-27,HMRL-21,596,1
2026-01-27,HMRL-28,689,0
2026-01-27,HMRL-10,512,0
2026-01-27,HMRL-17,602,0
2026-01-27,HMRL-55,697,0
2026-01-27,HMRL-38,531,0
2026-01-27,HMRL-44,544,0
2026-01-27,HMRL-59,648,0
2026-01-27,HMRL-35,531,0
2026-01-27,HMRL-30,553,0
2026-01-27,HMRL-42,625,0
2026-01-27,HMRL-43,591,0
2026-01-27,HMRL-13,581,0
2026-01-27,HMRL-37,553,0
2026-01-27,HMRL-23,629,0
2026-01-27,HMRL-41,565,0
2026-01-27,HMRL-52,616,0
2026-01-27,HMRL-48,607,0
2026-01-27,HMRL-49,525,0
2026-01-27,HMRL-14,579,0
2026-01-27,HMRL-20,611,0
2026-01-27,HMRL-12,666,0
2026-01-27,HMRL-07,679,0
2026-01-27,HMRL-56,664,0
2026-01-27,HMRL-18,620,3
2026-01-27,HMRL-34,686,0
2026-01-27,HMRL-53,582,1
2026-01-27,HMRL-57,545,0
2026-01-27,HMRL-58,532,0
2026-01-27,HMRL-05,535,0
2026-01-27,HMRL-45,695,0
2026-01-27,HMRL-33,553,0
2026-01-27,HMRL-03,669,0
2026-01-27,HMRL-11,658,0
2026-01-27,HMRL-47,540,0
2026-01-27,HMRL-08,544,0
2026-01-26,HMRL-48,618,0
2026-01-26,HMRL-52,637,0
2026-01-26,HMRL-59,654,0
2026-01-26,HMRL-43,500,0
2026-01-26,HMRL-12,620,0
2026-01-26,HMRL-24,565,0
2026-01-26,HMRL-08,668,0
2026-01-26,HMRL-51,657,0
2026-01-26,HMRL-11,524,0
2026-01-26,HMRL-02,691,0
2026-01-26,HMRL-32,646,0
2026-01-26,HMRL-14,556,0
2026-01-26,HMRL-20,536,0
2026-01-26,HMRL-26,521,0
2026-01-26,HMRL-41,683,0
2026-01-26,HMRL-55,657,0
2026-01-26,HMRL-17,557,0
2026-01-26,HMRL-40,686,0
2026-01-26,HMRL-21,584,0
2026-01-26,HMRL-53,618,0
2026-01-26,HMRL-46,633,0
2026-01-26,HMRL-22,568,0
2026-01-26,HMRL-57,533,0
2026-01-26,HMRL-31,595,0
2026-01-26,HMRL-03,648,0
2026-01-26,HMRL-10,508,0
2026-01-26,HMRL-27,598,0
2026-01-26,HMRL-36,550,0
2026-01-26,HMRL-25,503,0
2026-01-26,HMRL-50,508,0
2026-01-26,HMRL-60,560,0
2026-01-26,HMRL-45,582,0
2026-01-26,HMRL-44,588,0
2026-01-26,HMRL-06,647,0
2026-01-26,HMRL-34,554,0
2026-01-26,HMRL-04,567,0
2026-01-26,HMRL-01,530,0
2026-01-26,HMRL-56,667,0
2026-01-26,HMRL-54,586,0
2026-01-26,HMRL-33,547,0
2026-01-26,HMRL-49,624,0
2026-01-26,HMRL-42,616,0
2026-01-26,HMRL-37,671,0
2026-01-26,HMRL-16,695,0
2026-01-25,HMRL-51,392,0
2026-01-25,HMRL-24,477,0
2026-01-25,HMRL-28,435,0
2026-01-25,HMRL-42,340,0
2026-01-25,HMRL-02,342,0
2026-01-25,HMRL-35,458,0
2026-01-25,HMRL-09,492,0
2026-01-25,HMRL-07,438,0
2026-01-25,HMRL-15,456,0
2026-01-25,HMRL-30,351,0
2026-01-25,HMRL-08,402,0
2026-01-25,HMRL-50,433,0
2026-01-25,HMRL-36,421,0
2026-01-25,HMRL-46,334,0
2026-01-25,HMRL-19,376,0
2026-01-25,HMRL-54,442,0
2026-01-25,HMRL-23,353,0
2026-01-25,HMRL-20,456,0
2026-01-25,HMRL-29,317,0
2026-01-25,HMRL-58,336,0
2026-01-25,HMRL-48,341,0
2026-01-25,HMRL-06,362,0
2026-01-25,HMRL-33,340,0
2026-01-25,HMRL-12,400,0
2026-01-25,HMRL-26,363,0
2026-01-25,HMRL-38,318,0
2026-01-25,HMRL-13,370,0
2026-01-25,HMRL-10,402,0
2026-01-25,HMRL-52,489,0
2026-01-25,HMRL-25,472,0
2026-01-25,HMRL-01,413,0
2026-01-25,HMRL-53,370,0
2026-01-25,HMRL-59,302,0
2026-01-25,HMRL-41,433,0
2026-01-25,HMRL-37,326,0
2026-01-25,HMRL-17,453,0
2026-01-25,HMRL-43,469,0
2026-01-25,HMRL-05,331,0
2026-01-25,HMRL-47,456,0
2026-01-25,HMRL-31,318,0
2026-01-25,HMRL-21,493,0
2026-01-25,HMRL-56,387,0
2026-01-25,HMRL-18,310,0
2026-01-24,HMRL-08,499,0
2026-01-24,HMRL-41,424,0
2026-01-24,HMRL-30,444,0
2026-01-24,HMRL-28,432,0
2026-01-24,HMRL-38,470,0
2026-01-24,HMRL-11,454,0
2026-01-24,HMRL-46,464,0
2026-01-24,HMRL-45,447,0
2026-01-24,HMRL-51,495,0
2026-01-24,HMRL-32,448,0
2026-01-24,HMRL-49,454,0
2026-01-24,HMRL-19,400,0
2026-01-24,HMRL-15,310,0
2026-01-24,HMRL-34,412,0
2026-01-24,HMRL-07,446,0
2026-01-24,HMRL-06,309,0
2026-01-24,HMRL-39,460,0
2026-01-24,HMRL-44,410,0
2026-01-24,HMRL-24,306,0
2026-01-24,HMRL-16,346,2
2026-01-24,HMRL-52,325,0
2026-01-24,HMRL-57,405,0
2026-01-24,HMRL-27,486,0
2026-01-24,HMRL-04,364,0
2026-01-24,HMRL-54,474,0
2026-01-24,HMRL-18,363,0
2026-01-24,HMRL-35,500,0
2026-01-24,HMRL-17,462,0
2026-01-24,HMRL-22,341,0
2026-01-24,HMRL-14,497,0
2026-01-24,HMRL-40,465,0
2026-01-24,HMRL-56,402,0
2026-01-24,HMRL-09,499,0
2026-01-24,HMRL-12,427,0
2026-01-24,HMRL-03,385,0
2026-01-24,HMRL-01,437,0
2026-01-24,HMRL-37,358,0
2026-01-24,HMRL-23,378,0
2026-01-24,HMRL-59,484,0
2026-01-24,HMRL-60,403,0
2026-01-24,HMRL-50,427,0
2026-01-24,HMRL-58,493,0
2026-01-24,HMRL-21,367,0
2026-01-24,HMRL-31,424,0
2026-01-24,HMRL-43,412,0
2026-01-24,HMRL-02,493,0
2026-01-23,HMRL-21,640,0
2026-01-23,HMRL-02,570,0
2026-01-23,HMRL-08,677,0
2026-01-23,HMRL-13,562,0
2026-01-23,HMRL-38,612,0
2026-01-23,HMRL-20,555,0
2026-01-23,HMRL-33,575,0
2026-01-23,HMRL-45,505,0
2026-01-23,HMRL-42,623,0
2026-01-23,HMRL-36,606,0
2026-01-23,HMRL-19,645,0
2026-01-23,HMRL-49,547,0
2026-01-23,HMRL-51,648,0
2026-01-23,HMRL-35,647,0
2026-01-23,HMRL-12,599,0
2026-01-23,HMRL-26,680,0
2026-01-23,HMRL-40,593,0
2026-01-23,HMRL-05,567,0
2026-01-23,HMRL-57,593,0
2026-01-23,HMRL-06,560,0
2026-01-23,HMRL-41,591,0
2026-01-23,HMRL-39,677,0
2026-01-23,HMRL-53,679,0
2026-01-23,HMRL-17,637,0
2026-01-23,HMRL-10,524,0
2026-01-23,HMRL-22,700,0
2026-01-23,HMRL-23,681,0
2026-01-23,HMRL-56,580,0
2026-01-23,HMRL-09,654,0
2026-01-23,HMRL-30,589,0
2026-01-23,HMRL-52,665,0
2026-01-23,HMRL-04,557,0
2026-01-23,HMRL-28,647,0
2026-01-23,HMRL-24,617,0
2026-01-23,HMRL-54,627,0
2026-01-23,HMRL-48,516,0
2026-01-23,HMRL-55,543,0
2026-01-23,HMRL-50,666,0
2026-01-23,HMRL-03,680,0
2026-01-23,HMRL-11,674,0
2026-01-23,HMRL-58,684,0
2026-01-23,HMRL-15,564,0
2026-01-23,HMRL-59,686,0
2026-01-23,HMRL-27,610,0
2026-01-22,HMRL-26,603,0
2026-01-22,HMRL-14,675,0
2026-01-22,HMRL-43,604,0
2026-01-22,HMRL-29,621,0
2026-01-22,HMRL-20,587,0
2026-01-22,HMRL-35,579,0
2026-01-22,HMRL-45,681,0
2026-01-22,HMRL-44,564,0
2026-01-22,HMRL-56,547,0
2026-01-22,HMRL-22,551,0
2026-01-22,HMRL-15,665,0
2026-01-22,HMRL-37,586,0
2026-01-22,HMRL-33,524,0
2026-01-22,HMRL-27,505,0
2026-01-22,HMRL-10,515,0
2026-01-22,HMRL-55,515,0
2026-01-22,HMRL-53,524,0
2026-01-22,HMRL-38,635,0
2026-01-22,HMRL-21,578,2
2026-01-22,HMRL-01,644,0
2026-01-22,HMRL-40,517,0
2026-01-22,HMRL-04,548,0
2026-01-22,HMRL-23,627,0
2026-01-22,HMRL-08,555,0
2026-01-22,HMRL-05,524,0
2026-01-22,HMRL-36,539,0
2026-01-22,HMRL-34,646,0
2026-01-22,HMRL-47,612,0
2026-01-22,HMRL-11,697,0
2026-01-22,HMRL-24,538,0
2026-01-22,HMRL-07,613,0
2026-01-22,HMRL-49,637,0
2026-01-22,HMRL-52,530,0
2026-01-22,HMRL-25,579,0
2026-01-22,HMRL-48,527,0
2026-01-22,HMRL-06,546,0
2026-01-22,HMRL-60,542,0
2026-01-22,HMRL-41,627,0
2026-01-22,HMRL-42,539,0
2026-01-22,HMRL-16,586,0
2026-01-22,HMRL-39,668,0
2026-01-22,HMRL-32,599,0
2026-01-22,HMRL-03,529,0
2026-01-22,HMRL-28,516,0
2026-01-21,HMRL-10,656,0
2026-01-21,HMRL-16,627,0
2026-01-21,HMRL-53,697,0
2026-01-21,HMRL-32,675,0
2026-01-21,HMRL-13,635,0
2026-01-21,HMRL-51,548,0
2026-01-21,HMRL-26,578,0
2026-01-21,HMRL-03,691,0
2026-01-21,HMRL-23,638,0
2026-01-21,HMRL-04,580,0
2026-01-21,HMRL-31,636,3
2026-01-21,HMRL-43,598,0
2026-01-21,HMRL-46,637,1
2026-01-21,HMRL-38,611,0
2026-01-21,HMRL-07,634,0
2026-01-21,HMRL-34,630,0
2026-01-21,HMRL-06,678,0
2026-01-21,HMRL-49,617,0
2026-01-21,HMRL-42,556,0
2026-01-21,HMRL-21,518,0
2026-01-21,HMRL-45,626,0
2026-01-21,HMRL-37,663,0
2026-01-21,HMRL-39,511,0
2026-01-21,HMRL-35,552,0
2026-01-21,HMRL-40,529,0
2026-01-21,HMRL-54,501,0
2026-01-21,HMRL-56,668,0
2026-01-21,HMRL-19,584,0
2026-01-21,HMRL-41,599,0
2026-01-21,HMRL-05,595,0
2026-01-21,HMRL-15,602,0
2026-01-21,HMRL-25,563,0
2026-01-21,HMRL-48,566,0
2026-01-21,HMRL-60,608,0
2026-01-21,HMRL-57,681,0
2026-01-21,HMRL-14,660,0
2026-01-21,HMRL-36,667,0
2026-01-21,HMRL-29,569,0
2026-01-21,HMRL-24,502,0
2026-01-21,HMRL-58,605,0
2026-01-21,HMRL-59,548,0
2026-01-21,HMRL-01,624,0
2026-01-21,HMRL-20,502,0
2026-01-21,HMRL-55,601,1
2026-01-21,HMRL-11,532,0
2026-01-21,HMRL-09,557,0
2026-01-21,HMRL-08,529,0
2026-01-20,HMRL-05,628,0
2026-01-20,HMRL-12,548,0
2026-01-20,HMRL-35,685,0
2026-01-20,HMRL-21,645,0
2026-01-20,HMRL-11,564,0
2026-01-20,HMRL-48,589,0
2026-01-20,HMRL-17,664,0
2026-01-20,HMRL-44,574,0
2026-01-20,HMRL-46,557,0
2026-01-20,HMRL-45,549,0
2026-01-20,HMRL-26,684,0
2026-01-20,HMRL-19,612,0
2026-01-20,HMRL-58,562,0
2026-01-20,HMRL-49,573,0
2026-01-20,HMRL-47,536,0
2026-01-20,HMRL-37,581,0
2026-01-20,HMRL-54,604,0
2026-01-20,HMRL-07,504,0
2026-01-20,HMRL-08,543,0
2026-01-20,HMRL-50,582,0
2026-01-20,HMRL-13,536,0
2026-01-20,HMRL-06,675,0
2026-01-20,HMRL-36,597,0
2026-01-20,HMRL-32,599,0
2026-01-20,HMRL-40,530,0
2026-01-20,HMRL-09,695,0
2026-01-20,HMRL-34,644,0
2026-01-20,HMRL-03,505,0
2026-01-20,HMRL-31,621,0
2026-01-20,HMRL-16,665,0
2026-01-20,HMRL-04,675,0
2026-01-20,HMRL-30,615,0
2026-01-20,HMRL-42,560,0
2026-01-20,HMRL-02,656,0
2026-01-20,HMRL-38,662,0
2026-01-20,HMRL-39,539,0
2026-01-20,HMRL-33,592,0
2026-01-20,HMRL-23,573,0
2026-01-20,HMRL-24,544,0
2026-01-20,HMRL-28,599,0
2026-01-20,HMRL-14,541,0
2026-01-20,HMRL-59,505,0
2026-01-20,HMRL-15,576,0
2026-01-20,HMRL-60,617,0
2026-01-20,HMRL-18,638,0
2026-01-20,HMRL-10,602,0
2026-01-20,HMRL-41,660,0
2026-01-20,HMRL-01,603,0
2026-01-20,HMRL-56,606,0
2026-01-19,HMRL-29,552,0
2026-01-19,HMRL-25,670,0
2026-01-19,HMRL-30,690,0
2026-01-19,HMRL-24,696,0
2026-01-19,HMRL-22,602,0
2026-01-19,HMRL-21,550,0
2026-01-19,HMRL-43,581,0
2026-01-19,HMRL-26,689,0
2026-01-19,HMRL-09,624,0
2026-01-19,HMRL-47,695,0
2026-01-19,HMRL-34,688,0
2026-01-19,HMRL-14,509,0
2026-01-19,HMRL-16,516,0
2026-01-19,HMRL-49,502,0
2026-01-19,HMRL-46,513,0
2026-01-19,HMRL-13,523,0
2026-01-19,HMRL-37,591,0
2026-01-19,HMRL-45,538,0
2026-01-19,HMRL-40,578,0
2026-01-19,HMRL-57,592,0
2026-01-19,HMRL-58,580,0
2026-01-19,HMRL-36,614,0
2026-01-19,HMRL-27,680,0
2026-01-19,HMRL-41,577,0
2026-01-19,HMRL-20,643,0
2026-01-19,HMRL-51,538,0
2026-01-19,HMRL-53,530,0
2026-01-19,HMRL-10,658,0
2026-01-19,HMRL-31,643,0
2026-01-19,HMRL-04,620,0
2026-01-19,HMRL-18,571,0
2026-01-19,HMRL-55,563,0
2026-01-19,HMRL-15,669,0
2026-01-19,HMRL-33,613,0
2026-01-19,HMRL-59,510,0
2026-01-19,HMRL-39,597,0
2026-01-19,HMRL-35,622,0
2026-01-19,HMRL-02,505,0
2026-01-19,HMRL-07,592,0
2026-01-19,HMRL-56,649,0
2026-01-19,HMRL-11,614,0
2026-01-19,HMRL-42,625,0
2026-01-19,HMRL-06,645,0
2026-01-19,HMRL-54,586,0
2026-01-19,HMRL-44,594,0
2026-01-19,HMRL-03,534,0
2026-01-19,HMRL-08,673,0
2026-01-19,HMRL-01,538,0
2026-01-19,HMRL-12,671,0
2026-01-18,HMRL-19,351,0
2026-01-18,HMRL-46,397,0
2026-01-18,HMRL-51,477,0
2026-01-18,HMRL-58,478,0
2026-01-18,HMRL-06,393,0
2026-01-18,HMRL-23,500,0
2026-01-18,HMRL-39,481,0
2026-01-18,HMRL-52,388,0
2026-01-18,HMRL-32,441,0
2026-01-18,HMRL-02,372,0
2026-01-18,HMRL-40,415,0
2026-01-18,HMRL-38,321,0
2026-01-18,HMRL-27,381,0
2026-01-18,HMRL-11,329,0
2026-01-18,HMRL-24,495,0
2026-01-18,HMRL-17,319,0
2026-01-18,HMRL-13,316,0
2026-01-18,HMRL-33,360,0
2026-01-18,HMRL-18,319,0
2026-01-18,HMRL-34,387,0
2026-01-18,HMRL-57,458,0
2026-01-18,HMRL-53,449,0
2026-01-18,HMRL-21,417,0
2026-01-18,HMRL-47,384,0
2026-01-18,HMRL-04,327,0
2026-01-18,HMRL-16,314,0
2026-01-18,HMRL-20,351,0
2026-01-18,HMRL-45,320,0
2026-01-18,HMRL-29,483,0
2026-01-18,HMRL-14,300,0
2026-01-18,HMRL-37,475,0
2026-01-18,HMRL-50,312,0
2026-01-18,HMRL-09,399,0
2026-01-18,HMRL-59,435,0
2026-01-18,HMRL-25,350,0
2026-01-18,HMRL-22,426,0
2026-01-18,HMRL-15,347,0
2026-01-18,HMRL-26,487,0
2026-01-18,HMRL-03,315,0
2026-01-18,HMRL-30,429,0
2026-01-18,HMRL-42,350,0
2026-01-18,HMRL-54,438,0
2026-01-18,HMRL-05,348,0
2026-01-18,HMRL-01,479,0
2026-01-18,HMRL-43,348,0
2026-01-18,HMRL-41,382,0
2026-01-18,HMRL-07,358,0
2026-01-17,HMRL-39,376,0
2026-01-17,HMRL-27,380,0
2026-01-17,HMRL-33,490,0
2026-01-17,HMRL-41,450,0
2026-01-17,HMRL-19,476,0
2026-01-17,HMRL-14,419,0
2026-01-17,HMRL-28,383,0
2026-01-17,HMRL-17,403,0
2026-01-17,HMRL-23,418,0
2026-01-17,HMRL-48,336,0
2026-01-17,HMRL-16,398,0
2026-01-17,HMRL-34,306,0
2026-01-17,HMRL-01,381,0
2026-01-17,HMRL-42,461,0
2026-01-17,HMRL-44,393,1
2026-01-17,HMRL-53,469,0
2026-01-17,HMRL-56,338,0
2026-01-17,HMRL-11,347,0
2026-01-17,HMRL-05,304,0
2026-01-17,HMRL-04,338,0
2026-01-17,HMRL-47,350,0
2026-01-17,HMRL-32,377,0
2026-01-17,HMRL-52,440,0
2026-01-17,HMRL-57,348,0
2026-01-17,HMRL-54,485,0
2026-01-17,HMRL-06,411,0
2026-01-17,HMRL-29,340,0
2026-01-17,HMRL-51,470,3
2026-01-17,HMRL-35,317,0
2026-01-17,HMRL-43,480,0
2026-01-17,HMRL-46,374,0
2026-01-17,HMRL-25,432,0
2026-01-17,HMRL-12,355,0
2026-01-17,HMRL-38,303,0
2026-01-17,HMRL-22,461,0
2026-01-17,HMRL-20,461,0
2026-01-17,HMRL-26,458,0
2026-01-17,HMRL-03,331,0
2026-01-17,HMRL-30,435,0
2026-01-17,HMRL-09,485,0
2026-01-17,HMRL-31,476,0
2026-01-17,HMRL-15,394,0
2026-01-17,HMRL-36,421,0
2026-01-17,HMRL-50,406,0
2026-01-17,HMRL-18,383,0
2026-01-17,HMRL-08,380,0
2026-01-16,HMRL-51,583,0
2026-01-16,HMRL-18,658,0
2026-01-16,HMRL-36,537,0
2026-01-16,HMRL-22,581,0
2026-01-16,HMRL-37,580,0
2026-01-16,HMRL-60,637,0
2026-01-16,HMRL-57,665,0
2026-01-16,HMRL-45,652,0
2026-01-16,HMRL-13,575,0
2026-01-16,HMRL-09,688,0
2026-01-16,HMRL-21,634,0
2026-01-16,HMRL-41,572,0
2026-01-16,HMRL-56,596,0
2026-01-16,HMRL-15,502,0
2026-01-16,HMRL-46,552,0
2026-01-16,HMRL-38,506,0
2026-01-16,HMRL-40,607,0
2026-01-16,HMRL-16,619,0
2026-01-16,HMRL-43,537,0
2026-01-16,HMRL-32,597,0
2026-01-16,HMRL-48,652,0
2026-01-16,HMRL-31,580,0
2026-01-16,HMRL-02,570,0
2026-01-16,HMRL-50,550,0
2026-01-16,HMRL-33,616,0
2026-01-16,HMRL-07,650,0
2026-01-16,HMRL-25,504,0
2026-01-16,HMRL-10,583,0
2026-01-16,HMRL-44,594,0
2026-01-16,HMRL-03,684,0
2026-01-16,HMRL-17,506,0
2026-01-16,HMRL-42,665,0
2026-01-16,HMRL-47,545,0
2026-01-16,HMRL-20,694,0
2026-01-16,HMRL-24,644,0
2026-01-16,HMRL-55,510,0
2026-01-16,HMRL-39,514,0
2026-01-16,HMRL-28,682,0
2026-01-16,HMRL-52,516,0
2026-01-16,HMRL-35,535,0
2026-01-16,HMRL-34,633,0
2026-01-16,HMRL-05,682,0
2026-01-16,HMRL-12,693,0
2026-01-16,HMRL-53,591,0
2026-01-16,HMRL-29,605,0
2026-01-16,HMRL-04,517,0
2026-01-16,HMRL-23,639,0
2026-01-16,HMRL-11,601,0
2026-01-16,HMRL-01,640,0
2026-01-15,HMRL-29,558,0
2026-01-15,HMRL-11,501,0
2026-01-15,HMRL-08,520,0
2026-01-15,HMRL-49,594,0
2026-01-15,HMRL-56,542,0
2026-01-15,HMRL-17,538,0
2026-01-15,HMRL-15,660,0
2026-01-15,HMRL-16,572,0
2026-01-15,HMRL-04,595,0
2026-01-15,HMRL-42,540,0
2026-01-15,HMRL-44,693,0
2026-01-15,HMRL-36,585,0
2026-01-15,HMRL-02,566,0
2026-01-15,HMRL-52,666,0
2026-01-15,HMRL-51,507,0
2026-01-15,HMRL-45,666,0
2026-01-15,HMRL-54,697,0
2026-01-15,HMRL-31,547,0
2026-01-15,HMRL-03,599,0
2026-01-15,HMRL-46,690,0
2026-01-15,HMRL-50,552,0
2026-01-15,HMRL-40,645,0
2026-01-15,HMRL-10,576,0
2026-01-15,HMRL-09,672,0
2026-01-15,HMRL-33,651,0
2026-01-15,HMRL-21,592,0
2026-01-15,HMRL-35,665,0
2026-01-15,HMRL-25,645,0
2026-01-15,HMRL-26,564,0
2026-01-15,HMRL-01,506,0
2026-01-15,HMRL-55,555,0
2026-01-15,HMRL-57,585,0
2026-01-15,HMRL-38,684,0
2026-01-15,HMRL-53,583,0
2026-01-15,HMRL-43,600,0
2026-01-15,HMRL-22,542,0
2026-01-15,HMRL-23,622,0
2026-01-15,HMRL-24,573,0
2026-01-15,HMRL-14,670,0
2026-01-15,HMRL-18,563,0
2026-01-15,HMRL-41,527,0
2026-01-15,HMRL-48,507,0
2026-01-15,HMRL-07,502,0
2026-01-15,HMRL-19,500,0
2026-01-15,HMRL-34,597,0
2026-01-14,HMRL-07,516,0
2026-01-14,HMRL-04,596,0
2026-01-14,HMRL-24,619,0
2026-01-14,HMRL-14,503,0
2026-01-14,HMRL-42,511,0
2026-01-14,HMRL-13,697,0
2026-01-14,HMRL-28,681,0
2026-01-14,HMRL-48,622,0
2026-01-14,HMRL-58,568,0
2026-01-14,HMRL-05,548,0
2026-01-14,HMRL-18,614,0
2026-01-14,HMRL-27,666,0
2026-01-14,HMRL-56,611,0
2026-01-14,HMRL-02,679,0
2026-01-14,HMRL-20,559,0
2026-01-14,HMRL-03,690,0
2026-01-14,HMRL-08,653,0
2026-01-14,HMRL-46,620,0
2026-01-14,HMRL-10,595,0
2026-01-14,HMRL-17,595,0
2026-01-14,HMRL-30,638,0
2026-01-14,HMRL-57,688,0
2026-01-14,HMRL-44,604,0
2026-01-14,HMRL-47,602,0
2026-01-14,HMRL-31,588,0
2026-01-14,HMRL-12,537,0
2026-01-14,HMRL-01,692,0
2026-01-14,HMRL-38,672,0
2026-01-14,HMRL-06,592,0
2026-01-14,HMRL-52,522,0
2026-01-14,HMRL-33,535,0
2026-01-14,HMRL-15,591,0
2026-01-14,HMRL-54,615,0
2026-01-14,HMRL-19,674,0
2026-01-14,HMRL-23,510,0
2026-01-14,HMRL-50,660,0
2026-01-14,HMRL-09,587,0
2026-01-14,HMRL-36,690,0
2026-01-14,HMRL-34,646,0
2026-01-14,HMRL-49,552,0
2026-01-14,HMRL-16,601,0
2026-01-14,HMRL-45,607,0
2026-01-14,HMRL-51,628,0
2026-01-14,HMRL-60,633,0
2026-01-13,HMRL-17,553,0
2026-01-13,HMRL-36,524,0
2026-01-13,HMRL-43,548,0
2026-01-13,HMRL-11,530,0
2026-01-13,HMRL-48,698,0
2026-01-13,HMRL-15,517,0
2026-01-13,HMRL-44,530,0
2026-01-13,HMRL-46,591,0
2026-01-13,HMRL-51,502,0
2026-01-13,HMRL-22,576,0
2026-01-13,HMRL-32,595,0
2026-01-13,HMRL-08,609,0
2026-01-13,HMRL-21,622,0
2026-01-13,HMRL-47,651,0
2026-01-13,HMRL-24,508,0
2026-01-13,HMRL-59,589,1
2026-01-13,HMRL-26,598,0
2026-01-13,HMRL-34,697,0
2026-01-13,HMRL-54,676,0
2026-01-13,HMRL-55,589,0
2026-01-13,HMRL-37,675,0
2026-01-13,HMRL-23,506,0
2026-01-13,HMRL-27,624,0
2026-01-13,HMRL-07,522,0
2026-01-13,HMRL-41,639,0
2026-01-13,HMRL-30,562,0
2026-01-13,HMRL-10,683,0
2026-01-13,HMRL-13,524,0
2026-01-13,HMRL-01,691,0
2026-01-13,HMRL-29,654,0
2026-01-13,HMRL-42,508,0
2026-01-13,HMRL-60,641,0
2026-01-13,HMRL-35,615,0
2026-01-13,HMRL-04,605,0
2026-01-13,HMRL-16,675,0
2026-01-13,HMRL-05,672,0
2026-01-13,HMRL-03,629,0
2026-01-13,HMRL-39,628,0
2026-01-13,HMRL-58,570,0
2026-01-13,HMRL-49,599,0
2026-01-13,HMRL-33,637,0
2026-01-13,HMRL-52,512,0
2026-01-12,HMRL-45,689,0
2026-01-12,HMRL-34,654,0
2026-01-12,HMRL-32,612,0
2026-01-12,HMRL-12,678,0
2026-01-12,HMRL-29,681,0
2026-01-12,HMRL-19,677,0
2026-01-12,HMRL-11,639,0
2026-01-12,HMRL-03,621,0
2026-01-12,HMRL-55,679,0
2026-01-12,HMRL-39,516,0
2026-01-12,HMRL-22,670,0
2026-01-12,HMRL-28,602,0
2026-01-12,HMRL-08,562,0
2026-01-12,HMRL-44,535,0
2026-01-12,HMRL-10,541,0
2026-01-12,HMRL-05,547,0
2026-01-12,HMRL-13,614,0
2026-01-12,HMRL-31,639,0
2026-01-12,HMRL-58,567,0
2026-01-12,HMRL-16,668,0
2026-01-12,HMRL-01,605,0
2026-01-12,HMRL-25,510,0
2026-01-12,HMRL-57,537,0
2026-01-12,HMRL-51,691,0
2026-01-12,HMRL-53,502,0
2026-01-12,HMRL-20,630,0
2026-01-12,HMRL-38,528,0
2026-01-12,HMRL-15,568,0
2026-01-12,HMRL-50,502,0
2026-01-12,HMRL-49,535,0
2026-01-12,HMRL-42,562,0
2026-01-12,HMRL-52,554,0
2026-01-12,HMRL-43,621,0
2026-01-12,HMRL-41,554,0
2026-01-12,HMRL-48,599,0
2026-01-12,HMRL-23,660,0
2026-01-12,HMRL-33,518,0
2026-01-12,HMRL-37,532,0
2026-01-12,HMRL-04,537,0
2026-01-12,HMRL-30,517,0
2026-01-12,HMRL-06,518,0
2026-01-12,HMRL-60,563,0
2026-01-12,HMRL-56,605,0
2026-01-11,HMRL-15,387,0
2026-01-11,HMRL-53,437,0
2026-01-11,HMRL-17,378,0
2026-01-11,HMRL-27,420,0
2026-01-11,HMRL-04,398,0
2026-01-11,HMRL-49,476,0
2026-01-11,HMRL-28,443,0
2026-01-11,HMRL-03,454,0
2026-01-11,HMRL-21,446,0
2026-01-11,HMRL-50,386,0
2026-01-11,HMRL-26,425,0
2026-01-11,HMRL-02,436,0
2026-01-11,HMRL-13,461,0
2026-01-11,HMRL-43,369,0
2026-01-11,HMRL-24,452,0
2026-01-11,HMRL-51,380,0
2026-01-11,HMRL-29,382,0
2026-01-11,HMRL-39,444,0
2026-01-11,HMRL-60,378,0
2026-01-11,HMRL-09,385,0
2026-01-11,HMRL-31,405,0
2026-01-11,HMRL-33,453,0
2026-01-11,HMRL-57,468,0
2026-01-11,HMRL-11,456,0
2026-01-11,HMRL-16,335,0
2026-01-11,HMRL-34,476,0
2026-01-11,HMRL-19,475,0
2026-01-11,HMRL-32,482,0
2026-01-11,HMRL-05,382,0
2026-01-11,HMRL-14,418,0
2026-01-11,HMRL-20,344,0
2026-01-11,HMRL-01,485,0
2026-01-11,HMRL-40,463,0
2026-01-11,HMRL-59,453,0
2026-01-11,HMRL-18,386,0
2026-01-11,HMRL-38,465,0
2026-01-11,HMRL-23,395,0
2026-01-11,HMRL-47,423,0
2026-01-11,HMRL-52,445,0
2026-01-11,HMRL-55,387,0
2026-01-11,HMRL-12,455,0
2026-01-11,HMRL-41,331,0
2026-01-11,HMRL-48,440,0
2026-01-11,HMRL-35,300,0
2026-01-11,HMRL-42,365,0
2026-01-11,HMRL-37,416,0
2026-01-11,HMRL-45,440,0
2026-01-10,HMRL-33,356,0
2026-01-10,HMRL-37,446,0
2026-01-10,HMRL-27,441,0
2026-01-10,HMRL-13,360,0
2026-01-10,HMRL-18,441,0
2026-01-10,HMRL-04,495,0
2026-01-10,HMRL-28,398,0
2026-01-10,HMRL-41,457,0
2026-01-10,HMRL-32,446,0
2026-01-10,HMRL-39,369,0
2026-01-10,HMRL-07,331,0
2026-01-10,HMRL-31,404,0
2026-01-10,HMRL-54,417,0
2026-01-10,HMRL-25,344,0
2026-01-10,HMRL-21,371,0
2026-01-10,HMRL-08,361,0
2026-01-10,HMRL-09,411,0
2026-01-10,HMRL-12,453,0
2026-01-10,HMRL-45,414,0
2026-01-10,HMRL-24,325,0
2026-01-10,HMRL-55,404,0
2026-01-10,HMRL-03,413,0
2026-01-10,HMRL-05,398,0
2026-01-10,HMRL-56,492,0
2026-01-10,HMRL-50,438,0
2026-01-10,HMRL-35,352,0
2026-01-10,HMRL-59,425,0
2026-01-10,HMRL-44,434,0
2026-01-10,HMRL-36,305,0
2026-01-10,HMRL-30,457,0
2026-01-10,HMRL-53,413,0
2026-01-10,HMRL-22,395,0
2026-01-10,HMRL-14,319,0
2026-01-10,HMRL-52,478,0
2026-01-10,HMRL-02,343,0
2026-01-10,HMRL-29,353,0
2026-01-10,HMRL-19,390,0
2026-01-10,HMRL-26,363,0
2026-01-10,HMRL-01,359,0
2026-01-10,HMRL-40,420,0
2026-01-10,HMRL-11,475,0
2026-01-10,HMRL-60,362,0
2026-01-10,HMRL-10,316,0
2026-01-10,HMRL-48,305,0
2026-01-10,HMRL-42,388,0
2026-01-10,HMRL-46,305,0
2026-01-09,HMRL-59,513,0
2026-01-09,HMRL-28,700,0
2026-01-09,HMRL-06,689,0
2026-01-09,HMRL-60,640,0
2026-01-09,HMRL-17,608,0
2026-01-09,HMRL-23,560,3
2026-01-09,HMRL-15,654,0
2026-01-09,HMRL-18,517,0
2026-01-09,HMRL-24,568,0
2026-01-09,HMRL-56,545,0
2026-01-09,HMRL-31,699,0
2026-01-09,HMRL-11,694,0
2026-01-09,HMRL-49,545,0
2026-01-09,HMRL-54,547,0
2026-01-09,HMRL-38,502,0
2026-01-09,HMRL-42,543,0
2026-01-09,HMRL-34,631,0
2026-01-09,HMRL-39,628,0
2026-01-09,HMRL-44,514,0
2026-01-09,HMRL-13,542,0
2026-01-09,HMRL-03,533,0
2026-01-09,HMRL-25,655,0
2026-01-09,HMRL-52,646,0
2026-01-09,HMRL-04,618,0
2026-01-09,HMRL-47,544,0
2026-01-09,HMRL-58,682,0
2026-01-09,HMRL-48,663,0
2026-01-09,HMRL-35,510,0
2026-01-09,HMRL-37,596,0
2026-01-09,HMRL-09,573,0
2026-01-09,HMRL-40,625,0
2026-01-09,HMRL-51,601,0
2026-01-09,HMRL-50,685,0
2026-01-09,HMRL-36,634,0
2026-01-09,HMRL-05,665,0
2026-01-09,HMRL-10,590,0
2026-01-09,HMRL-26,647,0
2026-01-09,HMRL-14,691,0
2026-01-09,HMRL-57,564,0
2026-01-09,HMRL-33,604,0
2026-01-09,HMRL-08,627,0
2026-01-09,HMRL-55,509,0
2026-01-09,HMRL-43,653,0
2026-01-09,HMRL-21,576,0
2026-01-09,HMRL-30,605,0
2026-01-09,HMRL-32,576,0
2026-01-09,HMRL-19,580,0
2026-01-09,HMRL-02,692,0
2026-01-09,HMRL-53,663,0
2026-01-08,HMRL-56,590,0
2026-01-08,HMRL-38,579,0
2026-01-08,HMRL-51,542,0
2026-01-08,HMRL-49,690,0
2026-01-08,HMRL-48,569,0
2026-01-08,HMRL-09,661,0
2026-01-08,HMRL-42,506,0
2026-01-08,HMRL-58,585,0
2026-01-08,HMRL-20,617,0
2026-01-08,HMRL-26,583,0
2026-01-08,HMRL-16,513,0
2026-01-08,HMRL-10,649,0
2026-01-08,HMRL-02,612,0
2026-01-08,HMRL-15,610,0
2026-01-08,HMRL-29,509,0
2026-01-08,HMRL-17,640,0
2026-01-08,HMRL-32,644,0
2026-01-08,HMRL-53,539,0
2026-01-08,HMRL-30,596,0
2026-01-08,HMRL-54,682,0
2026-01-08,HMRL-24,684,0
2026-01-08,HMRL-14,536,0
2026-01-08,HMRL-41,550,0
2026-01-08,HMRL-55,598,0
2026-01-08,HMRL-27,556,0
2026-01-08,HMRL-04,534,0
2026-01-08,HMRL-50,645,0
2026-01-08,HMRL-57,538,0
2026-01-08,HMRL-07,645,0
2026-01-08,HMRL-33,553,0
2026-01-08,HMRL-12,509,0
2026-01-08,HMRL-60,623,0
2026-01-08,HMRL-59,556,0
2026-01-08,HMRL-47,542,0
2026-01-08,HMRL-13,626,0
2026-01-08,HMRL-21,671,0
2026-01-08,HMRL-39,587,0
2026-01-08,HMRL-03,595,0
2026-01-08,HMRL-52,566,0
2026-01-08,HMRL-31,640,0
2026-01-08,HMRL-28,689,0
2026-01-08,HMRL-45,670,0
2026-01-08,HMRL-18,539,0
2026-01-08,HMRL-34,683,0
2026-01-08,HMRL-46,674,0
2026-01-08,HMRL-36,652,0
2026-01-08,HMRL-40,562,0
2026-01-08,HMRL-08,505,0
2026-01-08,HMRL-19,569,0
2026-01-07,HMRL-20,601,0
2026-01-07,HMRL-32,603,0
2026-01-07,HMRL-47,560,0
2026-01-07,HMRL-26,656,0
2026-01-07,HMRL-04,586,0
2026-01-07,HMRL-38,583,0
2026-01-07,HMRL-60,521,0
2026-01-07,HMRL-52,521,0
2026-01-07,HMRL-17,502,0
2026-01-07,HMRL-07,609,0
2026-01-07,HMRL-10,523,0
2026-01-07,HMRL-36,678,0
2026-01-07,HMRL-15,513,0
2026-01-07,HMRL-48,534,0
2026-01-07,HMRL-16,593,0
2026-01-07,HMRL-30,679,0
2026-01-07,HMRL-50,646,0
2026-01-07,HMRL-51,542,0
2026-01-07,HMRL-35,584,0
2026-01-07,HMRL-33,649,0
2026-01-07,HMRL-24,510,0
2026-01-07,HMRL-27,549,0
2026-01-07,HMRL-57,600,0
2026-01-07,HMRL-39,625,0
2026-01-07,HMRL-22,651,0
2026-01-07,HMRL-54,634,0
2026-01-07,HMRL-06,656,0
2026-01-07,HMRL-46,516,0
2026-01-07,HMRL-11,566,0
2026-01-07,HMRL-42,698,0
2026-01-07,HMRL-41,524,0
2026-01-07,HMRL-49,557,0
2026-01-07,HMRL-03,508,0
2026-01-07,HMRL-25,586,0
2026-01-07,HMRL-59,677,0
2026-01-07,HMRL-02,615,0
2026-01-07,HMRL-14,630,0
2026-01-07,HMRL-13,667,0
2026-01-07,HMRL-40,602,0
2026-01-07,HMRL-05,560,0
2026-01-07,HMRL-29,579,0
2026-01-07,HMRL-45,553,0
2026-01-07,HMRL-01,538,0
2026-01-07,HMRL-55,509,0
2026-01-07,HMRL-12,650,0
2026-01-07,HMRL-37,537,0
2026-01-07,HMRL-21,614,0
2026-01-07,HMRL-56,685,0
2026-01-07,HMRL-08,697,0
2026-01-07,HMRL-19,581,0
2026-01-06,HMRL-28,537,0
2026-01-06,HMRL-27,631,0
2026-01-06,HMRL-08,571,0
2026-01-06,HMRL-42,684,0
2026-01-06,HMRL-43,509,0
2026-01-06,HMRL-56,661,0
2026-01-06,HMRL-36,587,0
2026-01-06,HMRL-47,595,0
2026-01-06,HMRL-38,526,0
2026-01-06,HMRL-20,628,0
2026-01-06,HMRL-46,537,0
2026-01-06,HMRL-14,668,0
2026-01-06,HMRL-31,690,0
2026-01-06,HMRL-57,635,0
2026-01-06,HMRL-03,635,0
2026-01-06,HMRL-24,656,0
2026-01-06,HMRL-11,550,0
2026-01-06,HMRL-26,687,0
2026-01-06,HMRL-13,616,0
2026-01-06,HMRL-23,651,0
2026-01-06,HMRL-05,637,0
2026-01-06,HMRL-04,616,0
2026-01-06,HMRL-50,604,0
2026-01-06,HMRL-17,516,0
2026-01-06,HMRL-25,606,0
2026-01-06,HMRL-12,655,0
2026-01-06,HMRL-32,580,0
2026-01-06,HMRL-30,557,0
2026-01-06,HMRL-55,576,0
2026-01-06,HMRL-34,509,0
2026-01-06,HMRL-41,671,0
2026-01-06,HMRL-60,565,0
2026-01-06,HMRL-44,501,0
2026-01-06,HMRL-15,510,0
2026-01-06,HMRL-40,615,0
2026-01-06,HMRL-29,500,0
2026-01-06,HMRL-45,519,0
2026-01-06,HMRL-33,570,0
2026-01-06,HMRL-49,639,0
2026-01-06,HMRL-54,504,0
2026-01-06,HMRL-19,687,0
2026-01-06,HMRL-06,663,0
2026-01-06,HMRL-01,696,0
2026-01-06,HMRL-51,513,0
2026-01-06,HMRL-09,648,0
2026-01-06,HMRL-07,669,0
2026-01-06,HMRL-02,699,0
2026-01-06,HMRL-58,560,0
2026-01-06,HMRL-37,599,0
2026-01-05,HMRL-12,696,0
2026-01-05,HMRL-35,636,0
2026-01-05,HMRL-42,531,0
2026-01-05,HMRL-13,657,0
2026-01-05,HMRL-01,521,0
2026-01-05,HMRL-44,523,0
2026-01-05,HMRL-28,599,0
2026-01-05,HMRL-06,639,0
2026-01-05,HMRL-22,685,2
2026-01-05,HMRL-58,696,0
2026-01-05,HMRL-16,516,0
2026-01-05,HMRL-31,587,0
2026-01-05,HMRL-02,676,0
2026-01-05,HMRL-07,622,0
2026-01-05,HMRL-09,693,0
2026-01-05,HMRL-17,507,0
2026-01-05,HMRL-11,599,0
2026-01-05,HMRL-43,610,0
2026-01-05,HMRL-19,631,0
2026-01-05,HMRL-45,603,0
2026-01-05,HMRL-27,548,0
2026-01-05,HMRL-55,623,0
2026-01-05,HMRL-54,691,0
2026-01-05,HMRL-14,690,0
2026-01-05,HMRL-39,668,0
2026-01-05,HMRL-24,699,0
2026-01-05,HMRL-47,697,0
2026-01-05,HMRL-51,582,0
2026-01-05,HMRL-20,550,0
2026-01-05,HMRL-18,509,0
2026-01-05,HMRL-23,500,0
2026-01-05,HMRL-49,504,0
2026-01-05,HMRL-21,595,0
2026-01-05,HMRL-03,606,0
2026-01-05,HMRL-40,501,0
2026-01-05,HMRL-05,618,0
2026-01-05,HMRL-04,524,0
2026-01-05,HMRL-56,643,0
2026-01-05,HMRL-08,651,0
2026-01-05,HMRL-26,626,0
2026-01-05,HMRL-46,641,0
2026-01-05,HMRL-53,587,0
2026-01-05,HMRL-59,508,0
2026-01-05,HMRL-15,663,0
2026-01-05,HMRL-36,579,0
2026-01-05,HMRL-48,608,0
2026-01-05,HMRL-32,527,0
2026-01-04,HMRL-45,482,0
2026-01-04,HMRL-17,447,0
2026-01-04,HMRL-53,439,0
2026-01-04,HMRL-25,441,0
2026-01-04,HMRL-10,325,0
2026-01-04,HMRL-18,492,0
2026-01-04,HMRL-22,379,0
2026-01-04,HMRL-27,407,0
2026-01-04,HMRL-05,385,0
2026-01-04,HMRL-34,313,0
2026-01-04,HMRL-24,324,0
2026-01-04,HMRL-52,450,2
2026-01-04,HMRL-32,310,0
2026-01-04,HMRL-20,392,0
2026-01-04,HMRL-47,327,0
2026-01-04,HMRL-58,451,0
2026-01-04,HMRL-02,363,0
2026-01-04,HMRL-44,343,0
2026-01-04,HMRL-19,445,0
2026-01-04,HMRL-21,326,0
2026-01-04,HMRL-12,304,0
2026-01-04,HMRL-06,486,0
2026-01-04,HMRL-09,343,0
2026-01-04,HMRL-51,474,0
2026-01-04,HMRL-07,404,0
2026-01-04,HMRL-50,369,0
2026-01-04,HMRL-08,486,0
2026-01-04,HMRL-36,348,0
2026-01-04,HMRL-59,360,0
2026-01-04,HMRL-57,470,0
2026-01-04,HMRL-11,435,0
2026-01-04,HMRL-30,334,0
2026-01-04,HMRL-04,451,0
2026-01-04,HMRL-39,448,0
2026-01-04,HMRL-42,363,0
2026-01-04,HMRL-33,331,0
2026-01-04,HMRL-26,365,0
2026-01-04,HMRL-03,427,0
2026-01-04,HMRL-37,451,0
2026-01-04,HMRL-43,364,0
2026-01-04,HMRL-38,447,0
2026-01-04,HMRL-56,464,0
2026-01-04,HMRL-55,471,0
2026-01-04,HMRL-23,482,3
2026-01-03,HMRL-47,370,0
2026-01-03,HMRL-05,364,0
2026-01-03,HMRL-44,315,0
2026-01-03,HMRL-26,315,0
2026-01-03,HMRL-09,434,0
2026-01-03,HMRL-14,405,0
2026-01-03,HMRL-18,373,0
2026-01-03,HMRL-08,371,0
2026-01-03,HMRL-37,496,1
2026-01-03,HMRL-01,435,0
2026-01-03,HMRL-42,416,0
2026-01-03,HMRL-55,464,0
2026-01-03,HMRL-46,351,0
2026-01-03,HMRL-53,370,0
2026-01-03,HMRL-45,399,0
2026-01-03,HMRL-51,422,0
2026-01-03,HMRL-27,334,0
2026-01-03,HMRL-07,424,0
2026-01-03,HMRL-22,441,0
2026-01-03,HMRL-49,337,0
2026-01-03,HMRL-29,484,0
2026-01-03,HMRL-10,365,0
2026-01-03,HMRL-39,369,0
2026-01-03,HMRL-60,432,0
2026-01-03,HMRL-24,491,0
2026-01-03,HMRL-21,316,0
2026-01-03,HMRL-58,327,0
2026-01-03,HMRL-25,372,0
2026-01-03,HMRL-54,362,0
2026-01-03,HMRL-15,471,0
2026-01-03,HMRL-50,457,0
2026-01-03,HMRL-43,435,0
2026-01-03,HMRL-28,460,0
2026-01-03,HMRL-35,435,2
2026-01-03,HMRL-59,383,0
2026-01-03,HMRL-40,497,0
2026-01-03,HMRL-13,445,0
2026-01-03,HMRL-12,423,0
2026-01-03,HMRL-33,327,0
2026-01-03,HMRL-52,484,0
2026-01-03,HMRL-16,364,0
2026-01-03,HMRL-20,369,0
2026-01-02,HMRL-43,565,0
2026-01-02,HMRL-54,530,0
2026-01-02,HMRL-39,664,0
2026-01-02,HMRL-37,615,0
2026-01-02,HMRL-57,523,0
2026-01-02,HMRL-23,560,0
2026-01-02,HMRL-07,523,0
2026-01-02,HMRL-25,653,0
2026-01-02,HMRL-31,661,0
2026-01-02,HMRL-40,561,0
2026-01-02,HMRL-13,638,0
2026-01-02,HMRL-16,693,0
2026-01-02,HMRL-21,501,0
2026-01-02,HMRL-03,625,0
2026-01-02,HMRL-22,555,0
2026-01-02,HMRL-55,584,0
2026-01-02,HMRL-52,628,0
2026-01-02,HMRL-49,647,0
2026-01-02,HMRL-35,609,0
2026-01-02,HMRL-46,591,0
2026-01-02,HMRL-32,642,0
2026-01-02,HMRL-15,506,0
2026-01-02,HMRL-28,660,0
2026-01-02,HMRL-36,670,0
2026-01-02,HMRL-02,544,0
2026-01-02,HMRL-05,559,0
2026-01-02,HMRL-59,687,0
2026-01-02,HMRL-09,553,0
2026-01-02,HMRL-58,575,0
2026-01-02,HMRL-14,669,0
2026-01-02,HMRL-38,658,0
2026-01-02,HMRL-56,530,0
2026-01-02,HMRL-34,685,0
2026-01-02,HMRL-51,660,0
2026-01-02,HMRL-44,694,0
2026-01-02,HMRL-18,675,0
2026-01-02,HMRL-24,676,2
2026-01-02,HMRL-47,621,0
2026-01-02,HMRL-04,543,0
2026-01-02,HMRL-53,636,0
2026-01-02,HMRL-27,607,0
2026-01-02,HMRL-42,695,0
2026-01-02,HMRL-08,518,0
2026-01-02,HMRL-30,527,0
2026-01-02,HMRL-17,679,0
2026-01-02,HMRL-06,568,0
2026-01-02,HMRL-29,682,0
2026-01-02,HMRL-01,673,0
2026-01-01,HMRL-57,532,0
2026-01-01,HMRL-29,512,0
2026-01-01,HMRL-11,655,0
2026-01-01,HMRL-54,518,0
2026-01-01,HMRL-39,641,0
2026-01-01,HMRL-35,634,0
2026-01-01,HMRL-43,566,0
2026-01-01,HMRL-37,640,0
2026-01-01,HMRL-14,545,0
2026-01-01,HMRL-59,552,0
2026-01-01,HMRL-28,556,0
2026-01-01,HMRL-12,522,0
2026-01-01,HMRL-40,659,0
2026-01-01,HMRL-51,608,0
2026-01-01,HMRL-18,639,0
2026-01-01,HMRL-21,694,0
2026-01-01,HMRL-17,542,0
2026-01-01,HMRL-56,586,1
2026-01-01,HMRL-52,699,0
2026-01-01,HMRL-02,506,0
2026-01-01,HMRL-13,685,0
2026-01-01,HMRL-26,693,0
2026-01-01,HMRL-19,663,0
2026-01-01,HMRL-25,521,0
2026-01-01,HMRL-55,623,0
2026-01-01,HMRL-30,525,0
2026-01-01,HMRL-06,637,0
2026-01-01,HMRL-08,514,0
2026-01-01,HMRL-09,691,0
2026-01-01,HMRL-47,506,0
2026-01-01,HMRL-41,590,0
2026-01-01,HMRL-33,672,0
2026-01-01,HMRL-24,629,0
2026-01-01,HMRL-23,692,0
2026-01-01,HMRL-46,540,0
2026-01-01,HMRL-04,537,0
2026-01-01,HMRL-60,647,0
2026-01-01,HMRL-16,573,0
2026-01-01,HMRL-48,696,0
2026-01-01,HMRL-45,544,0
2026-01-01,HMRL-38,573,0
2026-01-01,HMRL-05,510,0
2026-01-01,HMRL-36,620,0
2026-01-01,HMRL-44,506,0
2026-01-01,HMRL-34,669,0
2026-01-01,HMRL-32,562,0
2026-01-01,HMRL-53,662,0
2025-12-31,HMRL-47,512,0
2025-12-31,HMRL-34,600,0
2025-12-31,HMRL-18,635,0
2025-12-31,HMRL-59,642,0
2025-12-31,HMRL-10,689,0
2025-12-31,HMRL-26,566,0
2025-12-31,HMRL-25,664,0
2025-12-31,HMRL-37,621,0
2025-12-31,HMRL-08,563,0
2025-12-31,HMRL-16,596,0
2025-12-31,HMRL-27,548,0
2025-12-31,HMRL-56,516,0
2025-12-31,HMRL-58,562,0
2025-12-31,HMRL-33,516,0
2025-12-31,HMRL-15,602,0
2025-12-31,HMRL-21,575,0
2025-12-31,HMRL-24,633,0
2025-12-31,HMRL-43,671,0
2025-12-31,HMRL-04,578,0
2025-12-31,HMRL-44,540,1
2025-12-31,HMRL-20,693,0
2025-12-31,HMRL-11,594,0
2025-12-31,HMRL-53,635,0
2025-12-31,HMRL-54,526,0
2025-12-31,HMRL-03,699,0
2025-12-31,HMRL-36,618,0
2025-12-31,HMRL-31,599,0
2025-12-31,HMRL-42,661,0
2025-12-31,HMRL-50,590,0
2025-12-31,HMRL-07,595,0
2025-12-31,HMRL-52,510,0
2025-12-31,HMRL-14,558,0
2025-12-31,HMRL-40,594,0
2025-12-31,HMRL-28,674,0
2025-12-31,HMRL-48,549,0
2025-12-31,HMRL-46,686,0
2025-12-31,HMRL-32,596,0
2025-12-31,HMRL-12,571,0
2025-12-31,HMRL-01,631,0
2025-12-31,HMRL-41,635,0
2025-12-31,HMRL-17,505,0
2025-12-31,HMRL-06,687,0
2025-12-31,HMRL-05,561,0
2025-12-31,HMRL-35,628,0
2025-12-31,HMRL-02,570,0
2025-12-31,HMRL-55,534,0
2025-12-31,HMRL-13,678,0
2025-12-30,HMRL-19,557,0
2025-12-30,HMRL-44,508,0
2025-12-30,HMRL-41,521,0
2025-12-30,HMRL-04,656,0
2025-12-30,HMRL-55,627,0
2025-12-30,HMRL-60,583,0
2025-12-30,HMRL-16,524,0
2025-12-30,HMRL-14,628,0
2025-12-30,HMRL-53,699,0
2025-12-30,HMRL-52,634,0
2025-12-30,HMRL-49,502,0
2025-12-30,HMRL-23,553,0
2025-12-30,HMRL-13,507,0
2025-12-30,HMRL-34,585,0
2025-12-30,HMRL-17,528,0
2025-12-30,HMRL-38,652,0
2025-12-30,HMRL-21,503,0
2025-12-30,HMRL-08,596,0
2025-12-30,HMRL-26,663,0
2025-12-30,HMRL-15,567,0
2025-12-30,HMRL-10,652,0
2025-12-30,HMRL-07,685,0
2025-12-30,HMRL-06,500,0
2025-12-30,HMRL-39,674,0
2025-12-30,HMRL-30,594,0
2025-12-30,HMRL-47,588,0
2025-12-30,HMRL-36,514,0
2025-12-30,HMRL-43,654,0
2025-12-30,HMRL-57,531,0
2025-12-30,HMRL-20,663,0
2025-12-30,HMRL-37,573,0
2025-12-30,HMRL-33,574,0
2025-12-30,HMRL-56,601,0
2025-12-30,HMRL-03,587,0
2025-12-30,HMRL-59,650,0
2025-12-30,HMRL-22,604,0
2025-12-30,HMRL-35,685,0
2025-12-30,HMRL-54,555,0
2025-12-30,HMRL-24,629,0
2025-12-30,HMRL-05,561,0
2025-12-30,HMRL-48,585,0
2025-12-30,HMRL-11,519,0
2025-12-29,HMRL-45,518,0
2025-12-29,HMRL-48,690,0
2025-12-29,HMRL-55,544,0
2025-12-29,HMRL-47,565,0
2025-12-29,HMRL-19,591,0
2025-12-29,HMRL-09,640,0
2025-12-29,HMRL-34,646,0
2025-12-29,HMRL-35,660,0
2025-12-29,HMRL-27,608,0
2025-12-29,HMRL-59,664,0
2025-12-29,HMRL-03,659,0
2025-12-29,HMRL-24,634,0
2025-12-29,HMRL-41,574,0
2025-12-29,HMRL-02,510,0
2025-12-29,HMRL-22,577,0
2025-12-29,HMRL-16,501,0
2025-12-29,HMRL-32,614,0
2025-12-29,HMRL-26,587,0
2025-12-29,HMRL-28,622,0
2025-12-29,HMRL-42,640,0
2025-12-29,HMRL-50,635,0
2025-12-29,HMRL-54,511,0
2025-12-29,HMRL-07,665,0
2025-12-29,HMRL-08,685,0
2025-12-29,HMRL-58,526,0
2025-12-29,HMRL-51,615,0
2025-12-29,HMRL-57,504,0
2025-12-29,HMRL-40,512,0
2025-12-29,HMRL-13,644,0
2025-12-29,HMRL-53,516,0
2025-12-29,HMRL-39,573,0
2025-12-29,HMRL-17,504,0
2025-12-29,HMRL-38,615,0
2025-12-29,HMRL-12,649,0
2025-12-29,HMRL-44,603,0
2025-12-29,HMRL-43,680,0
2025-12-29,HMRL-20,660,0
2025-12-29,HMRL-33,659,0
2025-12-29,HMRL-01,596,0
2025-12-29,HMRL-25,668,0
2025-12-29,HMRL-05,641,0
2025-12-29,HMRL-15,694,0
2025-12-28,HMRL-06,464,0
2025-12-28,HMRL-57,491,0
2025-12-28,HMRL-34,443,0
2025-12-28,HMRL-19,485,0
2025-12-28,HMRL-10,455,0
2025-12-28,HMRL-35,471,0
2025-12-28,HMRL-51,392,0
2025-12-28,HMRL-24,433,0
2025-12-28,HMRL-38,443,0
2025-12-28,HMRL-25,372,0
2025-12-28,HMRL-41,388,0
2025-12-28,HMRL-37,469,0
2025-12-28,HMRL-16,336,0
2025-12-28,HMRL-56,444,0
2025-12-28,HMRL-22,387,1
2025-12-28,HMRL-49,500,0
2025-12-28,HMRL-07,451,0
2025-12-28,HMRL-59,439,0
2025-12-28,HMRL-02,411,0
2025-12-28,HMRL-33,323,0
2025-12-28,HMRL-20,397,0
2025-12-28,HMRL-45,388,0
2025-12-28,HMRL-13,318,0
2025-12-28,HMRL-12,355,0
2025-12-28,HMRL-52,409,0
2025-12-28,HMRL-44,475,0
2025-12-28,HMRL-39,496,0
2025-12-28,HMRL-15,435,0
2025-12-28,HMRL-43,386,0
2025-12-28,HMRL-54,492,0
2025-12-28,HMRL-05,349,0
2025-12-28,HMRL-31,402,0
2025-12-28,HMRL-14,361,0
2025-12-28,HMRL-36,497,0
2025-12-28,HMRL-32,430,0
2025-12-28,HMRL-18,310,0
2025-12-28,HMRL-42,342,0
2025-12-28,HMRL-28,357,0
2025-12-28,HMRL-40,431,0
2025-12-28,HMRL-01,400,0
2025-12-28,HMRL-29,399,0
2025-12-28,HMRL-48,495,0
2025-12-28,HMRL-30,351,0
2025-12-28,HMRL-27,471,0
2025-12-28,HMRL-04,456,0
2025-12-28,HMRL-08,306,0
2025-12-28,HMRL-17,435,0
2025-12-28,HMRL-55,320,0
2025-12-28,HMRL-21,455,0
2025-12-27,HMRL-04,312,0
2025-12-27,HMRL-30,444,0
2025-12-27,HMRL-27,454,0
2025-12-27,HMRL-50,499,0
2025-12-27,HMRL-12,401,0
2025-12-27,HMRL-41,472,0
2025-12-27,HMRL-34,317,0
2025-12-27,HMRL-13,350,0
2025-12-27,HMRL-38,359,0
2025-12-27,HMRL-29,333,0
2025-12-27,HMRL-42,380,0
2025-12-27,HMRL-58,343,0
2025-12-27,HMRL-55,402,0
2025-12-27,HMRL-10,439,0
2025-12-27,HMRL-60,418,1
2025-12-27,HMRL-24,342,0
2025-12-27,HMRL-15,320,0
2025-12-27,HMRL-48,300,0
2025-12-27,HMRL-18,356,0
2025-12-27,HMRL-57,360,0
2025-12-27,HMRL-02,471,0
2025-12-27,HMRL-32,419,0
2025-12-27,HMRL-51,446,0
2025-12-27,HMRL-52,396,0
2025-12-27,HMRL-19,355,0
2025-12-27,HMRL-26,470,0
2025-12-27,HMRL-11,378,0
2025-12-27,HMRL-46,312,0
2025-12-27,HMRL-37,343,0
2025-12-27,HMRL-39,382,1
2025-12-27,HMRL-05,375,0
2025-12-27,HMRL-45,324,0
2025-12-27,HMRL-53,372,0
2025-12-27,HMRL-25,360,0
2025-12-27,HMRL-14,474,0
2025-12-27,HMRL-22,326,0
2025-12-27,HMRL-59,436,0
2025-12-27,HMRL-20,336,0
2025-12-27,HMRL-31,489,0
2025-12-27,HMRL-56,470,0
2025-12-27,HMRL-01,347,0
2025-12-27,HMRL-43,341,0
2025-12-27,HMRL-03,425,0
2025-12-27,HMRL-16,450,0
2025-12-27,HMRL-17,346,0
2025-12-27,HMRL-44,349,0
2025-12-27,HMRL-07,407,0
2025-12-26,HMRL-22,543,0
2025-12-26,HMRL-48,661,0
2025-12-26,HMRL-54,672,0
2025-12-26,HMRL-32,600,0
2025-12-26,HMRL-51,668,0
2025-12-26,HMRL-47,698,0
2025-12-26,HMRL-44,614,0
2025-12-26,HMRL-39,675,0
2025-12-26,HMRL-29,645,0
2025-12-26,HMRL-15,518,0
2025-12-26,HMRL-49,697,0
2025-12-26,HMRL-28,518,0
2025-12-26,HMRL-56,535,0
2025-12-26,HMRL-35,601,0
2025-12-26,HMRL-16,693,0
2025-12-26,HMRL-08,510,0
2025-12-26,HMRL-33,636,0
2025-12-26,HMRL-12,568,0
2025-12-26,HMRL-55,659,0
2025-12-26,HMRL-21,573,0
2025-12-26,HMRL-27,504,0
2025-12-26,HMRL-02,532,0
2025-12-26,HMRL-60,509,0
2025-12-26,HMRL-59,508,0
2025-12-26,HMRL-52,677,0
2025-12-26,HMRL-53,669,0
2025-12-26,HMRL-57,610,0
2025-12-26,HMRL-50,653,0
2025-12-26,HMRL-26,564,0
2025-12-26,HMRL-38,574,0
2025-12-26,HMRL-30,576,0
2025-12-26,HMRL-04,586,0
2025-12-26,HMRL-37,656,0
2025-12-26,HMRL-46,661,0
2025-12-26,HMRL-23,521,0
2025-12-26,HMRL-42,615,0
2025-12-26,HMRL-13,629,0
2025-12-26,HMRL-40,692,0
2025-12-26,HMRL-45,677,0
2025-12-26,HMRL-24,523,0
2025-12-26,HMRL-17,545,0
2025-12-26,HMRL-05,639,0
2025-12-26,HMRL-01,599,0
2025-12-26,HMRL-43,638,0
2025-12-26,HMRL-18,668,0
2025-12-26,HMRL-07,657,0
2025-12-26,HMRL-09,597,0
2025-12-26,HMRL-03,657,0
2025-12-26,HMRL-25,618,0
2025-12-26,HMRL-11,636,0
2025-12-25,HMRL-10,634,0
2025-12-25,HMRL-55,651,0
2025-12-25,HMRL-40,535,0
2025-12-25,HMRL-37,656,0
2025-12-25,HMRL-28,663,0
2025-12-25,HMRL-33,534,0
2025-12-25,HMRL-32,689,0
2025-12-25,HMRL-46,568,0
2025-12-25,HMRL-60,556,0
2025-12-25,HMRL-09,549,0
2025-12-25,HMRL-21,646,0
2025-12-25,HMRL-34,587,0
2025-12-25,HMRL-57,566,0
2025-12-25,HMRL-13,674,0
2025-12-25,HMRL-54,547,0
2025-12-25,HMRL-03,586,0
2025-12-25,HMRL-42,623,0
2025-12-25,HMRL-35,587,0
2025-12-25,HMRL-50,647,0
2025-12-25,HMRL-49,650,0
2025-12-25,HMRL-01,677,0
2025-12-25,HMRL-26,635,0
2025-12-25,HMRL-12,675,0
2025-12-25,HMRL-16,557,0
2025-12-25,HMRL-24,629,0
2025-12-25,HMRL-04,681,0
2025-12-25,HMRL-18,593,0
2025-12-25,HMRL-02,632,0
2025-12-25,HMRL-36,598,0
2025-12-25,HMRL-25,643,0
2025-12-25,HMRL-47,656,0
2025-12-25,HMRL-30,624,0
2025-12-25,HMRL-53,573,0
2025-12-25,HMRL-20,557,0
2025-12-25,HMRL-11,659,0
2025-12-25,HMRL-22,672,0
2025-12-25,HMRL-15,647,0
2025-12-25,HMRL-19,528,0
2025-12-25,HMRL-59,653,0
2025-12-25,HMRL-58,512,0
2025-12-25,HMRL-43,680,0
2025-12-25,HMRL-06,560,0
2025-12-25,HMRL-51,509,0
2025-12-25,HMRL-23,593,0
2025-12-25,HMRL-39,578,0
2025-12-25,HMRL-14,575,0
2025-12-25,HMRL-17,583,0
2025-12-25,HMRL-05,551,0
2025-12-25,HMRL-29,686,0
2025-12-25,HMRL-45,658,0
2025-12-24,HMRL-31,642,0
2025-12-24,HMRL-47,698,0
2025-12-24,HMRL-55,514,0
2025-12-24,HMRL-34,697,0
2025-12-24,HMRL-07,606,0
2025-12-24,HMRL-16,615,0
2025-12-24,HMRL-52,571,0
2025-12-24,HMRL-28,542,0
2025-12-24,HMRL-29,680,0
2025-12-24,HMRL-21,586,0
2025-12-24,HMRL-03,671,0
2025-12-24,HMRL-02,661,0
2025-12-24,HMRL-40,650,0
2025-12-24,HMRL-18,593,0
2025-12-24,HMRL-10,581,0
2025-12-24,HMRL-45,657,0
2025-12-24,HMRL-42,628,0
2025-12-24,HMRL-56,657,0
2025-12-24,HMRL-19,521,0
2025-12-24,HMRL-06,609,0
2025-12-24,HMRL-50,506,0
2025-12-24,HMRL-23,501,0
2025-12-24,HMRL-12,510,0
2025-12-24,HMRL-30,578,0
2025-12-24,HMRL-25,558,0
2025-12-24,HMRL-57,559,0
2025-12-24,HMRL-08,560,0
2025-12-24,HMRL-60,529,0
2025-12-24,HMRL-04,581,0
2025-12-24,HMRL-20,501,0
2025-12-24,HMRL-24,623,0
2025-12-24,HMRL-27,662,0
2025-12-24,HMRL-05,688,0
2025-12-24,HMRL-36,525,0
2025-12-24,HMRL-58,572,0
2025-12-24,HMRL-01,634,0
2025-12-24,HMRL-09,598,0
2025-12-24,HMRL-38,683,0
2025-12-24,HMRL-53,627,0
2025-12-24,HMRL-35,676,0
2025-12-24,HMRL-17,556,0
2025-12-24,HMRL-33,663,0
2025-12-24,HMRL-59,684,0
2025-12-24,HMRL-39,664,0
2025-12-24,HMRL-13,691,0
2025-12-24,HMRL-48,631,0
2025-12-24,HMRL-15,680,0
2025-12-24,HMRL-41,594,0
2025-12-23,HMRL-34,680,0
2025-12-23,HMRL-14,616,0
2025-12-23,HMRL-52,546,0
2025-12-23,HMRL-53,622,0
2025-12-23,HMRL-12,566,0
2025-12-23,HMRL-46,592,0
2025-12-23,HMRL-35,568,0
2025-12-23,HMRL-58,597,0
2025-12-23,HMRL-07,646,0
2025-12-23,HMRL-48,583,0
2025-12-23,HMRL-09,523,0
2025-12-23,HMRL-13,698,0
2025-12-23,HMRL-05,689,0
2025-12-23,HMRL-50,668,0
2025-12-23,HMRL-49,686,0
2025-12-23,HMRL-39,513,0
2025-12-23,HMRL-10,546,0
2025-12-23,HMRL-42,530,0
2025-12-23,HMRL-01,544,0
2025-12-23,HMRL-41,550,0
2025-12-23,HMRL-20,683,0
2025-12-23,HMRL-06,644,0
2025-12-23,HMRL-04,547,0
2025-12-23,HMRL-25,507,0
2025-12-23,HMRL-43,544,0
2025-12-23,HMRL-45,645,0
2025-12-23,HMRL-60,554,0
2025-12-23,HMRL-16,543,0
2025-12-23,HMRL-27,687,0
2025-12-23,HMRL-47,583,0
2025-12-23,HMRL-33,649,0
2025-12-23,HMRL-54,577,0
2025-12-23,HMRL-57,640,0
2025-12-23,HMRL-23,542,0
2025-12-23,HMRL-18,593,0
2025-12-23,HMRL-15,562,0
2025-12-23,HMRL-56,638,0
2025-12-23,HMRL-36,642,0
2025-12-23,HMRL-26,568,0
2025-12-23,HMRL-29,625,0
2025-12-23,HMRL-30,618,0
2025-12-23,HMRL-55,626,0
2025-12-23,HMRL-17,600,0
2025-12-22,HMRL-37,562,0
2025-12-22,HMRL-22,507,0
2025-12-22,HMRL-17,692,0
2025-12-22,HMRL-56,534,0
2025-12-22,HMRL-58,601,0
2025-12-22,HMRL-60,685,0
2025-12-22,HMRL-52,640,0
2025-12-22,HMRL-50,509,0
2025-12-22,HMRL-32,567,0
2025-12-22,HMRL-40,625,0
2025-12-22,HMRL-46,675,0
2025-12-22,HMRL-47,632,0
2025-12-22,HMRL-08,645,0
2025-12-22,HMRL-12,675,0
2025-12-22,HMRL-29,689,0
2025-12-22,HMRL-39,595,0
2025-12-22,HMRL-38,591,0
2025-12-22,HMRL-53,663,0
2025-12-22,HMRL-01,515,0
2025-12-22,HMRL-49,692,0
2025-12-22,HMRL-55,696,0
2025-12-22,HMRL-41,577,0
2025-12-22,HMRL-43,599,0
2025-12-22,HMRL-05,646,0
2025-12-22,HMRL-11,646,0
2025-12-22,HMRL-04,617,0
2025-12-22,HMRL-59,541,0
2025-12-22,HMRL-16,686,0
2025-12-22,HMRL-30,523,0
2025-12-22,HMRL-25,647,0
2025-12-22,HMRL-57,686,0
2025-12-22,HMRL-33,691,0
2025-12-22,HMRL-24,506,0
2025-12-22,HMRL-35,550,0
2025-12-22,HMRL-07,667,0
2025-12-22,HMRL-44,630,0
2025-12-22,HMRL-23,656,0
2025-12-22,HMRL-36,501,0
2025-12-22,HMRL-51,620,0
2025-12-22,HMRL-19,675,0
2025-12-22,HMRL-18,523,0
2025-12-22,HMRL-54,529,0
2025-12-21,HMRL-41,375,0
2025-12-21,HMRL-10,410,0
2025-12-21,HMRL-47,353,0
2025-12-21,HMRL-59,469,0
2025-12-21,HMRL-08,466,0
2025-12-21,HMRL-14,377,0
2025-12-21,HMRL-11,326,0
2025-12-21,HMRL-56,500,0
2025-12-21,HMRL-44,325,0
2025-12-21,HMRL-45,305,0
2025-12-21,HMRL-30,474,0
2025-12-21,HMRL-27,434,0
2025-12-21,HMRL-50,386,0
2025-12-21,HMRL-43,447,0
2025-12-21,HMRL-09,334,0
2025-12-21,HMRL-04,373,0
2025-12-21,HMRL-53,304,0
2025-12-21,HMRL-39,451,0
2025-12-21,HMRL-06,393,0
2025-12-21,HMRL-52,389,0
2025-12-21,HMRL-60,316,0
2025-12-21,HMRL-25,488,0
2025-12-21,HMRL-26,354,0
2025-12-21,HMRL-07,445,0
2025-12-21,HMRL-46,332,0
2025-12-21,HMRL-12,449,0
2025-12-21,HMRL-03,304,0
2025-12-21,HMRL-40,358,0
2025-12-21,HMRL-34,330,0
2025-12-21,HMRL-15,348,0
2025-12-21,HMRL-05,391,0
2025-12-21,HMRL-24,438,0
2025-12-21,HMRL-54,378,0
2025-12-21,HMRL-22,333,0
2025-12-21,HMRL-29,306,0
2025-12-21,HMRL-17,319,0
2025-12-21,HMRL-31,499,0
2025-12-21,HMRL-33,336,0
2025-12-21,HMRL-37,313,0
2025-12-21,HMRL-20,392,0
2025-12-21,HMRL-49,422,0
2025-12-21,HMRL-02,426,0
2025-12-20,HMRL-39,451,0
2025-12-20,HMRL-40,389,0
2025-12-20,HMRL-04,408,0
2025-12-20,HMRL-29,363,0
2025-12-20,HMRL-47,327,0
2025-12-20,HMRL-56,364,0
2025-12-20,HMRL-06,300,0
2025-12-20,HMRL-28,442,0
2025-12-20,HMRL-53,500,0
2025-12-20,HMRL-38,309,0
2025-12-20,HMRL-02,488,0
2025-12-20,HMRL-27,441,0
2025-12-20,HMRL-15,415,0
2025-12-20,HMRL-09,495,0
2025-12-20,HMRL-55,425,0
2025-12-20,HMRL-19,432,0
2025-12-20,HMRL-34,324,0
2025-12-20,HMRL-42,471,0
2025-12-20,HMRL-07,327,0
2025-12-20,HMRL-22,307,0
2025-12-20,HMRL-21,327,0
2025-12-20,HMRL-17,480,0
2025-12-20,HMRL-11,430,0
2025-12-20,HMRL-01,363,1
2025-12-20,HMRL-48,385,0
2025-12-20,HMRL-45,312,0
2025-12-20,HMRL-03,373,0
2025-12-20,HMRL-16,435,0
2025-12-20,HMRL-58,425,0
2025-12-20,HMRL-32,402,0
2025-12-20,HMRL-37,480,0
2025-12-20,HMRL-20,304,0
2025-12-20,HMRL-12,346,0
2025-12-20,HMRL-13,435,0
2025-12-20,HMRL-33,414,0
2025-12-20,HMRL-35,409,0
2025-12-20,HMRL-59,427,0
2025-12-20,HMRL-36,301,0
2025-12-20,HMRL-52,471,0
2025-12-20,HMRL-14,498,0
2025-12-20,HMRL-10,403,0
2025-12-20,HMRL-44,412,0
2025-12-20,HMRL-41,411,0
2025-12-20,HMRL-23,411,0
2025-12-19,HMRL-23,646,0
2025-12-19,HMRL-38,681,0
2025-12-19,HMRL-05,700,0
2025-12-19,HMRL-34,565,0
2025-12-19,HMRL-16,628,0
2025-12-19,HMRL-54,665,0
2025-12-19,HMRL-09,627,0
2025-12-19,HMRL-45,601,0
2025-12-19,HMRL-31,635,0
2025-12-19,HMRL-02,663,0
2025-12-19,HMRL-03,516,0
2025-12-19,HMRL-04,651,0
2025-12-19,HMRL-18,530,0
2025-12-19,HMRL-26,597,0
2025-12-19,HMRL-27,691,0
2025-12-19,HMRL-28,605,0
2025-12-19,HMRL-07,525,0
2025-12-19,HMRL-20,624,0
2025-12-19,HMRL-22,512,0
2025-12-19,HMRL-41,646,0
2025-12-19,HMRL-59,559,0
2025-12-19,HMRL-51,695,0
2025-12-19,HMRL-58,546,0
2025-12-19,HMRL-08,676,0
2025-12-19,HMRL-49,671,0
2025-12-19,HMRL-29,574,0
2025-12-19,HMRL-32,529,0
2025-12-19,HMRL-30,614,0
2025-12-19,HMRL-37,517,0
2025-12-19,HMRL-33,567,0
2025-12-19,HMRL-55,610,0
2025-12-19,HMRL-39,669,0
2025-12-19,HMRL-01,554,0
2025-12-19,HMRL-24,631,0
2025-12-19,HMRL-21,638,0
2025-12-19,HMRL-52,527,0
2025-12-19,HMRL-19,514,0
2025-12-19,HMRL-57,669,0
2025-12-19,HMRL-48,507,0
2025-12-19,HMRL-42,669,0
2025-12-19,HMRL-50,524,0
2025-12-19,HMRL-46,639,0
2025-12-19,HMRL-25,521,0
2025-12-18,HMRL-39,607,0
2025-12-18,HMRL-33,621,0
2025-12-18,HMRL-57,546,0
2025-12-18,HMRL-50,597,0
2025-12-18,HMRL-38,576,0
2025-12-18,HMRL-29,523,0
2025-12-18,HMRL-10,671,0
2025-12-18,HMRL-08,540,0
2025-12-18,HMRL-06,627,0
2025-12-18,HMRL-55,651,0
2025-12-18,HMRL-02,542,0
2025-12-18,HMRL-47,608,0
2025-12-18,HMRL-35,629,0
2025-12-18,HMRL-59,685,0
2025-12-18,HMRL-41,648,0
2025-12-18,HMRL-56,671,0
2025-12-18,HMRL-19,622,0
2025-12-18,HMRL-43,512,0
2025-12-18,HMRL-49,650,0
2025-12-18,HMRL-58,682,0
2025-12-18,HMRL-05,522,0
2025-12-18,HMRL-48,608,0
2025-12-18,HMRL-26,609,2
2025-12-18,HMRL-17,664,0
2025-12-18,HMRL-20,624,0
2025-12-18,HMRL-60,676,0
2025-12-18,HMRL-09,557,0
2025-12-18,HMRL-11,596,0
2025-12-18,HMRL-53,699,0
2025-12-18,HMRL-15,648,0
2025-12-18,HMRL-51,668,0
2025-12-18,HMRL-30,601,0
2025-12-18,HMRL-12,663,0
2025-12-18,HMRL-37,607,0
2025-12-18,HMRL-27,572,0
2025-12-18,HMRL-24,596,0
2025-12-18,HMRL-32,563,0
2025-12-18,HMRL-44,656,0
2025-12-18,HMRL-31,568,0
2025-12-18,HMRL-45,579,0
2025-12-18,HMRL-28,613,0
2025-12-18,HMRL-22,526,0
2025-12-18,HMRL-01,540,0
2025-12-18,HMRL-52,591,0
2025-12-18,HMRL-46,562,0
2025-12-18,HMRL-13,604,0
2025-12-18,HMRL-18,639,0
2025-12-18,HMRL-40,628,0
2025-12-18,HMRL-34,699,0
2025-12-18,HMRL-14,636,0
2025-12-17,HMRL-15,542,0
2025-12-17,HMRL-40,571,0
2025-12-17,HMRL-03,626,0
2025-12-17,HMRL-57,531,0
2025-12-17,HMRL-28,609,0
2025-12-17,HMRL-09,508,0
2025-12-17,HMRL-17,678,0
2025-12-17,HMRL-26,507,0
2025-12-17,HMRL-31,606,0
2025-12-17,HMRL-10,516,0
2025-12-17,HMRL-49,689,0
2025-12-17,HMRL-34,691,0
2025-12-17,HMRL-29,632,0
2025-12-17,HMRL-39,566,0
2025-12-17,HMRL-37,646,0
2025-12-17,HMRL-05,661,0
2025-12-17,HMRL-56,686,0
2025-12-17,HMRL-02,641,0
2025-12-17,HMRL-59,569,0
2025-12-17,HMRL-45,569,0
2025-12-17,HMRL-06,526,0
2025-12-17,HMRL-20,583,0
2025-12-17,HMRL-41,600,0
2025-12-17,HMRL-14,567,0
2025-12-17,HMRL-08,657,0
2025-12-17,HMRL-16,658,0
2025-12-17,HMRL-23,563,0
2025-12-17,HMRL-11,648,0
2025-12-17,HMRL-46,658,0
2025-12-17,HMRL-50,579,0
2025-12-17,HMRL-32,597,0
2025-12-17,HMRL-04,676,0
2025-12-17,HMRL-36,523,0
2025-12-17,HMRL-07,650,0
2025-12-17,HMRL-35,580,0
2025-12-17,HMRL-24,512,0
2025-12-17,HMRL-30,657,0
2025-12-17,HMRL-01,653,0
2025-12-17,HMRL-33,514,0
2025-12-17,HMRL-42,699,0
2025-12-17,HMRL-44,592,0
2025-12-17,HMRL-43,597,0
2025-12-17,HMRL-55,511,0
2025-12-17,HMRL-22,518,0
2025-12-17,HMRL-48,608,0
2025-12-17,HMRL-27,515,0
2025-12-17,HMRL-21,652,0
2025-12-17,HMRL-13,697,0
2025-12-17,HMRL-12,601,0
2025-12-17,HMRL-52,580,0
2025-12-16,HMRL-07,503,0
2025-12-16,HMRL-33,579,0
2025-12-16,HMRL-38,593,0
2025-12-16,HMRL-17,613,0
2025-12-16,HMRL-21,507,0
2025-12-16,HMRL-24,700,0
2025-12-16,HMRL-39,696,0
2025-12-16,HMRL-04,556,0
2025-12-16,HMRL-25,629,0
2025-12-16,HMRL-32,507,0
2025-12-16,HMRL-01,562,0
2025-12-16,HMRL-53,594,0
2025-12-16,HMRL-02,603,0
2025-12-16,HMRL-54,700,0
2025-12-16,HMRL-42,662,0
2025-12-16,HMRL-46,607,0
2025-12-16,HMRL-37,574,0
2025-12-16,HMRL-20,585,0
2025-12-16,HMRL-09,588,0
2025-12-16,HMRL-43,513,2
2025-12-16,HMRL-34,608,0
2025-12-16,HMRL-58,547,0
2025-12-16,HMRL-57,538,0
2025-12-16,HMRL-12,695,0
2025-12-16,HMRL-49,609,0
2025-12-16,HMRL-19,622,0
2025-12-16,HMRL-52,621,0
2025-12-16,HMRL-40,534,0
2025-12-16,HMRL-18,656,0
2025-12-16,HMRL-26,507,0
2025-12-16,HMRL-29,545,0
2025-12-16,HMRL-55,525,0
2025-12-16,HMRL-28,628,0
2025-12-16,HMRL-51,564,0
2025-12-16,HMRL-41,632,0
2025-12-16,HMRL-14,515,2
2025-12-16,HMRL-59,637,0
2025-12-16,HMRL-16,632,0
2025-12-16,HMRL-30,623,0
2025-12-16,HMRL-48,643,0
2025-12-16,HMRL-11,520,0
2025-12-16,HMRL-22,652,0
2025-12-16,HMRL-45,591,0
2025-12-16,HMRL-06,503,0
2025-12-15,HMRL-29,692,0
2025-12-15,HMRL-09,568,0
2025-12-15,HMRL-46,609,0
2025-12-15,HMRL-27,667,0
2025-12-15,HMRL-51,666,0
2025-12-15,HMRL-17,689,0
2025-12-15,HMRL-11,550,0
2025-12-15,HMRL-41,519,0
2025-12-15,HMRL-52,549,0
2025-12-15,HMRL-28,682,0
2025-12-15,HMRL-05,573,0
2025-12-15,HMRL-10,657,0
2025-12-15,HMRL-47,687,0
2025-12-15,HMRL-08,674,0
2025-12-15,HMRL-54,687,0
2025-12-15,HMRL-04,521,0
2025-12-15,HMRL-14,698,0
2025-12-15,HMRL-34,552,0
2025-12-15,HMRL-55,575,0
2025-12-15,HMRL-15,673,0
2025-12-15,HMRL-31,625,0
2025-12-15,HMRL-22,549,0
2025-12-15,HMRL-53,642,0
2025-12-15,HMRL-56,675,0
2025-12-15,HMRL-23,518,0
2025-12-15,HMRL-25,590,0
2025-12-15,HMRL-45,667,0
2025-12-15,HMRL-30,517,0
2025-12-15,HMRL-36,599,0
2025-12-15,HMRL-57,510,0
2025-12-15,HMRL-21,682,0
2025-12-15,HMRL-06,508,0
2025-12-15,HMRL-12,558,0
2025-12-15,HMRL-59,639,0
2025-12-15,HMRL-42,537,0
2025-12-15,HMRL-60,558,0
2025-12-15,HMRL-49,558,0
2025-12-15,HMRL-50,503,2
2025-12-15,HMRL-43,679,0
2025-12-15,HMRL-18,689,0
2025-12-15,HMRL-48,517,0
2025-12-15,HMRL-26,601,0
2025-12-15,HMRL-58,629,0
2025-12-15,HMRL-40,517,0
2025-12-15,HMRL-37,588,0
2025-12-15,HMRL-13,571,0
2025-12-14,HMRL-17,479,0
2025-12-14,HMRL-60,422,0
2025-12-14,HMRL-28,415,0
2025-12-14,HMRL-04,364,0
2025-12-14,HMRL-53,309,0
2025-12-14,HMRL-35,486,0
2025-12-14,HMRL-14,438,0
2025-12-14,HMRL-56,397,0
2025-12-14,HMRL-55,344,0
2025-12-14,HMRL-24,352,0
2025-12-14,HMRL-45,466,0
2025-12-14,HMRL-05,415,0
2025-12-14,HMRL-31,360,0
2025-12-14,HMRL-39,326,0
2025-12-14,HMRL-40,328,0
2025-12-14,HMRL-54,468,0
2025-12-14,HMRL-29,307,0
2025-12-14,HMRL-36,340,0
2025-12-14,HMRL-07,445,0
2025-12-14,HMRL-01,344,0
2025-12-14,HMRL-21,431,0
2025-12-14,HMRL-16,482,0
2025-12-14,HMRL-08,354,0
2025-12-14,HMRL-10,331,0
2025-12-14,HMRL-52,347,0
2025-12-14,HMRL-30,300,0
2025-12-14,HMRL-33,398,0
2025-12-14,HMRL-34,397,0
2025-12-14,HMRL-59,307,0
2025-12-14,HMRL-58,461,0
2025-12-14,HMRL-18,442,0
2025-12-14,HMRL-51,473,0
2025-12-14,HMRL-13,398,0
2025-12-14,HMRL-26,440,0
2025-12-14,HMRL-20,375,0
2025-12-14,HMRL-19,398,0
2025-12-14,HMRL-25,373,1
2025-12-14,HMRL-50,441,0
2025-12-14,HMRL-44,381,0
2025-12-14,HMRL-32,464,0
2025-12-14,HMRL-46,450,0
2025-12-14,HMRL-49,312,0
2025-12-14,HMRL-02,370,0
2025-12-14,HMRL-37,492,0
2025-12-14,HMRL-11,440,0
2025-12-14,HMRL-38,349,0
2025-12-14,HMRL-27,404,0
2025-12-13,HMRL-54,451,0
2025-12-13,HMRL-44,458,0
2025-12-13,HMRL-51,433,0
2025-12-13,HMRL-07,394,0
2025-12-13,HMRL-03,494,0
2025-12-13,HMRL-01,407,0
2025-12-13,HMRL-13,375,0
2025-12-13,HMRL-47,396,0
2025-12-13,HMRL-50,445,0
2025-12-13,HMRL-02,403,0
2025-12-13,HMRL-30,455,0
2025-12-13,HMRL-49,303,0
2025-12-13,HMRL-26,438,0
2025-12-13,HMRL-12,442,0
2025-12-13,HMRL-55,462,0
2025-12-13,HMRL-24,420,0
2025-12-13,HMRL-18,474,0
2025-12-13,HMRL-22,424,0
2025-12-13,HMRL-38,318,0
2025-12-13,HMRL-25,394,0
2025-12-13,HMRL-29,409,0
2025-12-13,HMRL-05,416,0
2025-12-13,HMRL-43,445,0
2025-12-13,HMRL-58,396,0
2025-12-13,HMRL-56,332,0
2025-12-13,HMRL-28,410,0
2025-12-13,HMRL-35,495,0
2025-12-13,HMRL-41,416,0
2025-12-13,HMRL-34,461,0
2025-12-13,HMRL-09,443,0
2025-12-13,HMRL-36,347,0
2025-12-13,HMRL-52,377,0
2025-12-13,HMRL-46,441,0
2025-12-13,HMRL-21,494,0
2025-12-13,HMRL-60,446,0
2025-12-13,HMRL-53,335,0
2025-12-13,HMRL-10,500,0
2025-12-13,HMRL-40,385,0
2025-12-13,HMRL-23,330,0
2025-12-13,HMRL-08,416,0
2025-12-13,HMRL-45,323,0
2025-12-13,HMRL-32,335,0
2025-12-13,HMRL-15,398,0
2025-12-13,HMRL-11,500,0
2025-12-13,HMRL-04,438,0
2025-12-13,HMRL-57,465,0
2025-12-13,HMRL-20,371,0
2025-12-12,HMRL-09,617,0
2025-12-12,HMRL-28,534,0
2025-12-12,HMRL-18,620,0
2025-12-12,HMRL-12,628,0
2025-12-12,HMRL-11,643,0
2025-12-12,HMRL-10,684,0
2025-12-12,HMRL-39,571,0
2025-12-12,HMRL-31,633,0
2025-12-12,HMRL-22,632,0
2025-12-12,HMRL-33,676,0
2025-12-12,HMRL-38,615,0
2025-12-12,HMRL-05,534,0
2025-12-12,HMRL-29,518,0
2025-12-12,HMRL-04,638,0
2025-12-12,HMRL-46,697,0
2025-12-12,HMRL-17,623,0
2025-12-12,HMRL-24,589,0
2025-12-12,HMRL-58,664,0
2025-12-12,HMRL-60,515,0
2025-12-12,HMRL-07,647,0
2025-12-12,HMRL-36,500,0
2025-12-12,HMRL-23,618,0
2025-12-12,HMRL-19,527,0
2025-12-12,HMRL-44,668,0
2025-12-12,HMRL-32,547,0
2025-12-12,HMRL-03,691,0
2025-12-12,HMRL-21,690,0
2025-12-12,HMRL-59,612,0
2025-12-12,HMRL-42,551,0
2025-12-12,HMRL-01,610,0
2025-12-12,HMRL-51,674,2
2025-12-12,HMRL-50,565,0
2025-12-12,HMRL-49,667,0
2025-12-12,HMRL-30,629,0
2025-12-12,HMRL-57,579,0
2025-12-12,HMRL-16,583,0
2025-12-12,HMRL-53,558,0
2025-12-12,HMRL-54,536,0
2025-12-12,HMRL-48,633,0
2025-12-12,HMRL-37,651,0
2025-12-12,HMRL-02,554,0
2025-12-12,HMRL-35,605,0
2025-12-12,HMRL-13,652,0
2025-12-12,HMRL-08,620,0
2025-12-12,HMRL-56,605,0
2025-12-12,HMRL-41,522,0
2025-12-12,HMRL-27,684,0
2025-12-12,HMRL-34,536,0
2025-12-11,HMRL-52,614,0
2025-12-11,HMRL-20,640,0
2025-12-11,HMRL-60,683,0
2025-12-11,HMRL-35,576,0
2025-12-11,HMRL-06,628,0
2025-12-11,HMRL-14,577,0
2025-12-11,HMRL-50,581,0
2025-12-11,HMRL-47,597,0
2025-12-11,HMRL-54,661,0
2025-12-11,HMRL-05,576,0
2025-12-11,HMRL-03,535,0
2025-12-11,HMRL-17,584,0
2025-12-11,HMRL-22,614,0
2025-12-11,HMRL-58,570,0
2025-12-11,HMRL-10,600,0
2025-12-11,HMRL-23,658,0
2025-12-11,HMRL-36,520,0
2025-12-11,HMRL-43,601,0
2025-12-11,HMRL-40,644,0
2025-12-11,HMRL-26,502,0
2025-12-11,HMRL-15,638,0
2025-12-11,HMRL-12,696,0
2025-12-11,HMRL-51,510,0
2025-12-11,HMRL-30,679,0
2025-12-11,HMRL-19,507,0
2025-12-11,HMRL-55,653,0
2025-12-11,HMRL-24,559,0
2025-12-11,HMRL-29,521,0
2025-12-11,HMRL-49,618,0
2025-12-11,HMRL-32,599,0
2025-12-11,HMRL-25,675,0
2025-12-11,HMRL-33,575,0
2025-12-11,HMRL-27,613,0
2025-12-11,HMRL-08,513,0
2025-12-11,HMRL-11,545,0
2025-12-11,HMRL-38,506,0
2025-12-11,HMRL-57,658,0
2025-12-11,HMRL-31,559,0
2025-12-11,HMRL-02,568,0
2025-12-11,HMRL-13,521,0
2025-12-11,HMRL-09,500,0
2025-12-11,HMRL-18,670,0
2025-12-11,HMRL-34,612,0
2025-12-11,HMRL-48,700,0
2025-12-11,HMRL-44,644,0
2025-12-10,HMRL-01,670,0
2025-12-10,HMRL-11,516,3
2025-12-10,HMRL-56,573,0
2025-12-10,HMRL-27,659,0
2025-12-10,HMRL-49,577,0
2025-12-10,HMRL-52,503,0
2025-12-10,HMRL-45,648,0
2025-12-10,HMRL-04,571,0
2025-12-10,HMRL-06,508,0
2025-12-10,HMRL-21,609,0
2025-12-10,HMRL-08,694,0
2025-12-10,HMRL-22,518,0
2025-12-10,HMRL-14,660,0
2025-12-10,HMRL-47,524,0
2025-12-10,HMRL-12,667,0
2025-12-10,HMRL-23,657,0
2025-12-10,HMRL-42,544,0
2025-12-10,HMRL-38,591,0
2025-12-10,HMRL-17,692,0
2025-12-10,HMRL-29,595,0
2025-12-10,HMRL-40,587,0
2025-12-10,HMRL-58,592,0
2025-12-10,HMRL-03,508,3
2025-12-10,HMRL-41,645,0
2025-12-10,HMRL-19,503,0
2025-12-10,HMRL-43,601,0
2025-12-10,HMRL-32,640,0
2025-12-10,HMRL-07,683,0
2025-12-10,HMRL-37,567,0
2025-12-10,HMRL-54,561,0
2025-12-10,HMRL-33,628,0
2025-12-10,HMRL-28,674,0
2025-12-10,HMRL-05,555,0
2025-12-10,HMRL-15,645,0
2025-12-10,HMRL-20,578,0
2025-12-10,HMRL-18,595,0
2025-12-10,HMRL-02,505,0
2025-12-10,HMRL-46,596,0
2025-12-10,HMRL-36,540,0
2025-12-10,HMRL-31,502,0
2025-12-10,HMRL-60,662,0
2025-12-10,HMRL-50,502,0
2025-12-09,HMRL-25,522,0
2025-12-09,HMRL-21,613,0
2025-12-09,HMRL-17,534,0
2025-12-09,HMRL-09,501,0
2025-12-09,HMRL-26,673,0
2025-12-09,HMRL-12,616,0
2025-12-09,HMRL-19,644,0
2025-12-09,HMRL-07,639,0
2025-12-09,HMRL-30,644,0
2025-12-09,HMRL-35,522,0
2025-12-09,HMRL-58,688,0
2025-12-09,HMRL-55,608,0
2025-12-09,HMRL-38,601,2
2025-12-09,HMRL-04,561,0
2025-12-09,HMRL-41,545,0
2025-12-09,HMRL-49,677,0
2025-12-09,HMRL-43,594,0
2025-12-09,HMRL-37,547,0
2025-12-09,HMRL-10,618,0
2025-12-09,HMRL-15,506,0
2025-12-09,HMRL-46,532,0
2025-12-09,HMRL-20,523,0
2025-12-09,HMRL-22,541,0
2025-12-09,HMRL-53,692,0
2025-12-09,HMRL-05,546,0
2025-12-09,HMRL-01,679,0
2025-12-09,HMRL-03,525,0
2025-12-09,HMRL-34,655,0
2025-12-09,HMRL-27,543,0
2025-12-09,HMRL-32,634,0
2025-12-09,HMRL-48,633,0
2025-12-09,HMRL-02,625,0
2025-12-09,HMRL-45,675,0
2025-12-09,HMRL-08,524,0
2025-12-09,HMRL-51,697,0
2025-12-09,HMRL-59,611,0
2025-12-09,HMRL-18,595,0
2025-12-09,HMRL-24,640,0
2025-12-09,HMRL-14,650,0
2025-12-09,HMRL-50,645,0
2025-12-09,HMRL-57,676,0
2025-12-09,HMRL-31,542,0
2025-12-09,HMRL-56,524,0
2025-12-09,HMRL-36,632,0
2025-12-09,HMRL-47,697,0
2025-12-08,HMRL-31,624,0
2025-12-08,HMRL-35,667,0
2025-12-08,HMRL-49,533,0
2025-12-08,HMRL-52,634,0
2025-12-08,HMRL-45,516,0
2025-12-08,HMRL-39,592,0
2025-12-08,HMRL-14,681,0
2025-12-08,HMRL-05,502,0
2025-12-08,HMRL-36,688,0
2025-12-08,HMRL-25,503,0
2025-12-08,HMRL-55,662,0
2025-12-08,HMRL-10,512,0
2025-12-08,HMRL-33,682,0
2025-12-08,HMRL-38,556,0
2025-12-08,HMRL-60,533,0
2025-12-08,HMRL-12,627,0
2025-12-08,HMRL-48,532,0
2025-12-08,HMRL-18,526,0
2025-12-08,HMRL-22,683,0
2025-12-08,HMRL-20,698,0
2025-12-08,HMRL-04,628,0
2025-12-08,HMRL-07,585,0
2025-12-08,HMRL-44,604,0
2025-12-08,HMRL-09,550,3
2025-12-08,HMRL-11,514,0
2025-12-08,HMRL-46,652,0
2025-12-08,HMRL-57,612,0
2025-12-08,HMRL-01,591,0
2025-12-08,HMRL-40,649,0
2025-12-08,HMRL-06,637,0
2025-12-08,HMRL-43,696,0
2025-12-08,HMRL-50,505,0
2025-12-08,HMRL-41,653,0
2025-12-08,HMRL-58,674,0
2025-12-08,HMRL-30,675,0
2025-12-08,HMRL-53,518,0
2025-12-08,HMRL-21,596,0
2025-12-08,HMRL-08,510,0
2025-12-08,HMRL-51,540,0
2025-12-08,HMRL-42,635,0
2025-12-08,HMRL-02,507,0
2025-12-08,HMRL-37,689,0
2025-12-08,HMRL-03,570,0
2025-12-08,HMRL-19,599,0
2025-12-08,HMRL-17,538,0
2025-12-07,HMRL-08,465,0
2025-12-07,HMRL-27,342,0
2025-12-07,HMRL-32,333,0
2025-12-07,HMRL-01,398,0
2025-12-07,HMRL-33,330,0
2025-12-07,HMRL-04,337,0
2025-12-07,HMRL-24,405,0
2025-12-07,HMRL-26,489,0
2025-12-07,HMRL-36,467,0
2025-12-07,HMRL-54,382,0
2025-12-07,HMRL-59,338,0
2025-12-07,HMRL-53,431,0
2025-12-07,HMRL-30,462,0
2025-12-07,HMRL-03,310,0
2025-12-07,HMRL-25,426,0
2025-12-07,HMRL-15,452,0
2025-12-07,HMRL-49,458,0
2025-12-07,HMRL-10,459,0
2025-12-07,HMRL-06,337,0
2025-12-07,HMRL-37,485,0
2025-12-07,HMRL-56,482,0
2025-12-07,HMRL-44,453,0
2025-12-07,HMRL-51,397,0
2025-12-07,HMRL-38,351,0
2025-12-07,HMRL-55,361,0
2025-12-07,HMRL-20,484,0
2025-12-07,HMRL-19,372,0
2025-12-07,HMRL-17,347,0
2025-12-07,HMRL-35,470,0
2025-12-07,HMRL-21,357,0
2025-12-07,HMRL-02,351,0
2025-12-07,HMRL-45,308,0
2025-12-07,HMRL-14,361,0
2025-12-07,HMRL-13,480,0
2025-12-07,HMRL-07,471,0
2025-12-07,HMRL-22,403,3
2025-12-07,HMRL-43,368,0
2025-12-07,HMRL-58,419,0
2025-12-07,HMRL-39,399,0
2025-12-07,HMRL-60,444,0
2025-12-07,HMRL-34,427,0
2025-12-07,HMRL-28,416,0
2025-12-07,HMRL-12,482,0
2025-12-07,HMRL-57,368,0
2025-12-07,HMRL-41,462,0
2025-12-06,HMRL-24,361,1
2025-12-06,HMRL-16,370,0
2025-12-06,HMRL-28,394,0
2025-12-06,HMRL-60,450,0
2025-12-06,HMRL-37,368,0
2025-12-06,HMRL-31,331,0
2025-12-06,HMRL-18,373,0
2025-12-06,HMRL-26,367,0
2025-12-06,HMRL-25,449,0
2025-12-06,HMRL-47,340,0
2025-12-06,HMRL-39,329,0
2025-12-06,HMRL-33,381,0
2025-12-06,HMRL-52,354,0
2025-12-06,HMRL-05,314,0
2025-12-06,HMRL-58,405,0
2025-12-06,HMRL-14,497,0
2025-12-06,HMRL-54,326,0
2025-12-06,HMRL-09,474,0
2025-12-06,HMRL-06,307,0
2025-12-06,HMRL-12,475,0
2025-12-06,HMRL-22,426,0
2025-12-06,HMRL-19,391,0
2025-12-06,HMRL-57,336,0
2025-12-06,HMRL-02,320,0
2025-12-06,HMRL-35,440,0
2025-12-06,HMRL-01,442,0
2025-12-06,HMRL-40,340,0
2025-12-06,HMRL-20,468,0
2025-12-06,HMRL-42,345,0
2025-12-06,HMRL-27,429,0
2025-12-06,HMRL-11,366,0
2025-12-06,HMRL-32,474,0
2025-12-06,HMRL-48,473,0
2025-12-06,HMRL-13,328,0
2025-12-06,HMRL-49,464,0
2025-12-06,HMRL-51,465,0
2025-12-06,HMRL-30,473,0
2025-12-06,HMRL-41,387,0
2025-12-06,HMRL-50,337,0
2025-12-06,HMRL-55,413,0
2025-12-06,HMRL-21,333,0
2025-12-06,HMRL-10,402,0
2025-12-06,HMRL-15,404,0
2025-12-06,HMRL-29,419,0
2025-12-06,HMRL-04,315,0
2025-12-05,HMRL-60,635,0
2025-12-05,HMRL-49,677,0
2025-12-05,HMRL-41,542,0
2025-12-05,HMRL-45,550,0
2025-12-05,HMRL-23,596,0
2025-12-05,HMRL-53,589,0
2025-12-05,HMRL-10,632,0
2025-12-05,HMRL-55,545,0
2025-12-05,HMRL-29,506,0
2025-12-05,HMRL-35,547,0
2025-12-05,HMRL-05,661,0
2025-12-05,HMRL-02,700,0
2025-12-05,HMRL-24,532,0
2025-12-05,HMRL-21,657,0
2025-12-05,HMRL-42,668,0
2025-12-05,HMRL-34,560,0
2025-12-05,HMRL-43,538,0
2025-12-05,HMRL-03,697,0
2025-12-05,HMRL-44,558,0
2025-12-05,HMRL-59,548,0
2025-12-05,HMRL-54,654,0
2025-12-05,HMRL-31,500,0
2025-12-05,HMRL-12,621,0
2025-12-05,HMRL-09,700,0
2025-12-05,HMRL-50,700,0
2025-12-05,HMRL-20,533,0
2025-12-05,HMRL-38,609,0
2025-12-05,HMRL-47,589,0
2025-12-05,HMRL-30,620,0
2025-12-05,HMRL-22,512,0
2025-12-05,HMRL-28,617,0
2025-12-05,HMRL-07,655,0
2025-12-05,HMRL-04,530,0
2025-12-05,HMRL-14,540,0
2025-12-05,HMRL-01,551,0
2025-12-05,HMRL-51,525,0
2025-12-05,HMRL-40,601,0
2025-12-05,HMRL-08,665,0
2025-12-05,HMRL-19,641,0
2025-12-05,HMRL-32,642,0
2025-12-05,HMRL-52,661,0
2025-12-05,HMRL-13,680,0
2025-12-04,HMRL-43,554,0
2025-12-04,HMRL-51,512,0
2025-12-04,HMRL-54,562,0
2025-12-04,HMRL-41,662,0
2025-12-04,HMRL-28,622,0
2025-12-04,HMRL-46,562,0
2025-12-04,HMRL-49,665,0
2025-12-04,HMRL-17,514,0
2025-12-04,HMRL-35,675,0
2025-12-04,HMRL-53,570,0
2025-12-04,HMRL-50,560,0
2025-12-04,HMRL-26,558,0
2025-12-04,HMRL-31,578,0
2025-12-04,HMRL-13,667,0
2025-12-04,HMRL-21,538,0
2025-12-04,HMRL-29,556,0
2025-12-04,HMRL-59,544,0
2025-12-04,HMRL-09,514,0
2025-12-04,HMRL-10,573,0
2025-12-04,HMRL-14,558,0
2025-12-04,HMRL-57,684,0
2025-12-04,HMRL-42,593,0
2025-12-04,HMRL-39,580,0
2025-12-04,HMRL-11,621,0
2025-12-04,HMRL-33,645,0
2025-12-04,HMRL-02,544,0
2025-12-04,HMRL-07,668,0
2025-12-04,HMRL-19,522,0
2025-12-04,HMRL-44,684,0
2025-12-04,HMRL-05,519,0
2025-12-04,HMRL-12,672,0
2025-12-04,HMRL-18,609,0
2025-12-04,HMRL-22,645,0
2025-12-04,HMRL-24,523,0
2025-12-04,HMRL-36,596,0
2025-12-04,HMRL-48,554,0
2025-12-04,HMRL-23,615,0
2025-12-04,HMRL-56,591,0
2025-12-04,HMRL-27,515,0
2025-12-04,HMRL-55,500,0
2025-12-04,HMRL-06,504,0
2025-12-04,HMRL-20,611,0
2025-12-04,HMRL-30,670,0
2025-12-04,HMRL-47,666,0
2025-12-04,HMRL-52,534,0
2025-12-04,HMRL-34,522,0
2025-12-04,HMRL-03,518,0
2025-12-04,HMRL-38,646,0
2025-12-04,HMRL-58,683,0
2025-12-03,HMRL-30,672,0
2025-12-03,HMRL-35,648,0
2025-12-03,HMRL-37,546,0
2025-12-03,HMRL-42,537,0
2025-12-03,HMRL-60,517,0
2025-12-03,HMRL-26,506,0
2025-12-03,HMRL-03,624,0
2025-12-03,HMRL-58,569,0
2025-12-03,HMRL-34,644,0
2025-12-03,HMRL-31,572,0
2025-12-03,HMRL-14,682,0
2025-12-03,HMRL-05,643,0
2025-12-03,HMRL-11,578,0
2025-12-03,HMRL-28,670,0
2025-12-03,HMRL-32,627,0
2025-12-03,HMRL-51,646,0
2025-12-03,HMRL-15,615,0
2025-12-03,HMRL-06,522,0
2025-12-03,HMRL-39,551,0
2025-12-03,HMRL-12,588,0
2025-12-03,HMRL-09,508,0
2025-12-03,HMRL-29,584,0
2025-12-03,HMRL-25,590,0
2025-12-03,HMRL-02,556,0
2025-12-03,HMRL-56,509,0
2025-12-03,HMRL-22,598,0
2025-12-03,HMRL-52,644,0
2025-12-03,HMRL-45,547,0
2025-12-03,HMRL-27,612,0
2025-12-03,HMRL-41,662,0
2025-12-03,HMRL-08,591,0
2025-12-03,HMRL-46,678,0
2025-12-03,HMRL-21,582,0
2025-12-03,HMRL-07,677,0
2025-12-03,HMRL-47,619,0
2025-12-03,HMRL-59,545,0
2025-12-03,HMRL-19,528,0
2025-12-03,HMRL-23,541,0
2025-12-03,HMRL-10,672,0
2025-12-03,HMRL-57,576,0
2025-12-03,HMRL-04,520,0
2025-12-03,HMRL-54,657,0
2025-12-03,HMRL-13,634,0
2025-12-03,HMRL-48,643,0
2025-12-03,HMRL-38,695,0
2025-12-03,HMRL-20,600,0
2025-12-03,HMRL-01,572,0
2025-12-03,HMRL-40,611,0
2025-12-02,HMRL-49,685,0
2025-12-02,HMRL-17,555,0
2025-12-02,HMRL-56,671,0
2025-12-02,HMRL-19,664,0
2025-12-02,HMRL-48,633,0
2025-12-02,HMRL-15,569,0
2025-12-02,HMRL-20,540,0
2025-12-02,HMRL-46,502,0
2025-12-02,HMRL-59,694,0
2025-12-02,HMRL-51,533,0
2025-12-02,HMRL-05,622,0
2025-12-02,HMRL-54,622,0
2025-12-02,HMRL-40,632,0
2025-12-02,HMRL-08,573,0
2025-12-02,HMRL-26,700,0
2025-12-02,HMRL-37,586,0
2025-12-02,HMRL-39,649,0
2025-12-02,HMRL-38,699,0
2025-12-02,HMRL-16,562,0
2025-12-02,HMRL-44,645,0
2025-12-02,HMRL-42,577,0
2025-12-02,HMRL-52,516,0
2025-12-02,HMRL-18,656,0
2025-12-02,HMRL-29,513,0
2025-12-02,HMRL-57,536,0
2025-12-02,HMRL-55,591,0
2025-12-02,HMRL-43,699,0
2025-12-02,HMRL-27,687,0
2025-12-02,HMRL-41,585,0
2025-12-02,HMRL-01,591,0
2025-12-02,HMRL-32,652,0
2025-12-02,HMRL-25,584,0
2025-12-02,HMRL-22,660,0
2025-12-02,HMRL-33,620,0
2025-12-02,HMRL-28,642,0
2025-12-02,HMRL-23,520,0
2025-12-02,HMRL-34,656,0
2025-12-02,HMRL-06,517,0
2025-12-02,HMRL-50,592,0
2025-12-02,HMRL-47,548,0
2025-12-02,HMRL-02,583,0
2025-12-02,HMRL-36,556,0
2025-12-02,HMRL-11,557,0
2025-12-02,HMRL-30,640,0
2025-12-02,HMRL-14,552,0
2025-12-02,HMRL-03,546,0
2025-12-02,HMRL-10,604,0
2025-12-01,HMRL-03,548,0
2025-12-01,HMRL-55,577,0
2025-12-01,HMRL-16,581,0
2025-12-01,HMRL-13,593,0
2025-12-01,HMRL-20,541,0
2025-12-01,HMRL-30,643,0
2025-12-01,HMRL-19,571,0
2025-12-01,HMRL-12,586,0
2025-12-01,HMRL-17,692,0
2025-12-01,HMRL-27,692,0
2025-12-01,HMRL-14,540,0
2025-12-01,HMRL-42,534,0
2025-12-01,HMRL-07,539,0
2025-12-01,HMRL-02,559,0
2025-12-01,HMRL-56,584,0
2025-12-01,HMRL-15,527,0
2025-12-01,HMRL-43,502,0
2025-12-01,HMRL-29,556,0
2025-12-01,HMRL-38,604,0
2025-12-01,HMRL-51,517,0
2025-12-01,HMRL-33,531,0
2025-12-01,HMRL-26,609,0
2025-12-01,HMRL-35,593,0
2025-12-01,HMRL-47,502,0
2025-12-01,HMRL-60,609,0
2025-12-01,HMRL-21,622,0
2025-12-01,HMRL-10,588,0
2025-12-01,HMRL-18,580,0
2025-12-01,HMRL-25,691,0
2025-12-01,HMRL-32,594,0
2025-12-01,HMRL-54,520,0
2025-12-01,HMRL-37,544,0
2025-12-01,HMRL-05,688,0
2025-12-01,HMRL-39,697,0
2025-12-01,HMRL-49,624,0
2025-12-01,HMRL-36,507,0
2025-12-01,HMRL-41,683,0
2025-12-01,HMRL-22,533,0
2025-12-01,HMRL-58,617,0
2025-12-01,HMRL-45,648,0
2025-12-01,HMRL-34,697,0
2025-12-01,HMRL-31,541,0
2025-12-01,HMRL-24,669,0
2025-12-01,HMRL-09,574,0
2025-11-30,HMRL-53,365,0
2025-11-30,HMRL-57,485,0
2025-11-30,HMRL-47,363,0
2025-11-30,HMRL-27,460,0
2025-11-30,HMRL-54,446,0
2025-11-30,HMRL-17,319,0
2025-11-30,HMRL-43,325,0
2025-11-30,HMRL-35,322,0
2025-11-30,HMRL-30,330,0
2025-11-30,HMRL-58,431,0
2025-11-30,HMRL-50,476,0
2025-11-30,HMRL-07,490,0
2025-11-30,HMRL-31,471,0
2025-11-30,HMRL-42,318,0
2025-11-30,HMRL-41,312,0
2025-11-30,HMRL-45,424,0
2025-11-30,HMRL-32,309,0
2025-11-30,HMRL-21,357,0
2025-11-30,HMRL-55,390,0
2025-11-30,HMRL-59,458,0
2025-11-30,HMRL-49,477,0
2025-11-30,HMRL-39,453,0
2025-11-30,HMRL-12,495,0
2025-11-30,HMRL-51,326,0
2025-11-30,HMRL-04,336,0
2025-11-30,HMRL-25,399,0
2025-11-30,HMRL-24,363,0
2025-11-30,HMRL-15,416,0
2025-11-30,HMRL-29,305,0
2025-11-30,HMRL-05,374,0
2025-11-30,HMRL-26,328,0
2025-11-30,HMRL-22,396,0
2025-11-30,HMRL-16,475,0
2025-11-30,HMRL-56,451,0
2025-11-30,HMRL-48,397,0
2025-11-30,HMRL-11,349,0
2025-11-30,HMRL-37,489,0
2025-11-30,HMRL-03,477,0
2025-11-30,HMRL-06,350,0
2025-11-30,HMRL-52,374,0
2025-11-30,HMRL-60,413,0
2025-11-30,HMRL-02,304,0
2025-11-30,HMRL-20,432,0
2025-11-30,HMRL-13,453,0
2025-11-30,HMRL-34,384,0
2025-11-30,HMRL-28,342,0
2025-11-30,HMRL-09,474,0
2025-11-30,HMRL-46,429,0
2025-11-30,HMRL-38,318,0
2025-11-29,HMRL-13,382,0
2025-11-29,HMRL-51,496,0
2025-11-29,HMRL-44,310,0
2025-11-29,HMRL-29,381,0
2025-11-29,HMRL-32,470,0
2025-11-29,HMRL-17,402,0
2025-11-29,HMRL-40,362,0
2025-11-29,HMRL-45,484,0
2025-11-29,HMRL-12,465,0
2025-11-29,HMRL-26,459,0
2025-11-29,HMRL-28,470,0
2025-11-29,HMRL-41,346,0
2025-11-29,HMRL-43,385,0
2025-11-29,HMRL-14,459,0
2025-11-29,HMRL-11,465,0
2025-11-29,HMRL-39,386,0
2025-11-29,HMRL-21,352,0
2025-11-29,HMRL-27,357,0
2025-11-29,HMRL-15,494,0
2025-11-29,HMRL-18,311,0
2025-11-29,HMRL-52,436,0
2025-11-29,HMRL-57,357,0
2025-11-29,HMRL-56,340,0
2025-11-29,HMRL-31,345,0
2025-11-29,HMRL-58,324,0
2025-11-29,HMRL-46,344,0
2025-11-29,HMRL-35,395,0
2025-11-29,HMRL-23,430,0
2025-11-29,HMRL-10,328,0
2025-11-29,HMRL-01,437,0
2025-11-29,HMRL-47,411,0
2025-11-29,HMRL-03,437,0
2025-11-29,HMRL-60,402,0
2025-11-29,HMRL-54,302,0
2025-11-29,HMRL-49,449,0
2025-11-29,HMRL-53,383,0
2025-11-29,HMRL-05,437,0
2025-11-29,HMRL-20,378,0
2025-11-29,HMRL-24,472,1
2025-11-29,HMRL-37,345,0
2025-11-29,HMRL-48,428,0
2025-11-29,HMRL-19,427,0
2025-11-29,HMRL-06,434,0
2025-11-29,HMRL-22,380,0
2025-11-29,HMRL-38,498,0
2025-11-29,HMRL-02,399,0
2025-11-29,HMRL-42,372,0
2025-11-28,HMRL-48,524,0
2025-11-28,HMRL-20,631,0
2025-11-28,HMRL-50,528,0
2025-11-28,HMRL-60,505,1
2025-11-28,HMRL-08,608,0
2025-11-28,HMRL-39,688,0
2025-11-28,HMRL-28,543,0
2025-11-28,HMRL-47,515,2
2025-11-28,HMRL-09,691,0
2025-11-28,HMRL-14,586,0
2025-11-28,HMRL-19,601,0
2025-11-28,HMRL-43,524,0
2025-11-28,HMRL-12,583,0
2025-11-28,HMRL-56,569,0
2025-11-28,HMRL-40,635,0
2025-11-28,HMRL-10,640,0
2025-11-28,HMRL-54,590,0
2025-11-28,HMRL-45,541,0
2025-11-28,HMRL-57,657,0
2025-11-28,HMRL-05,699,0
2025-11-28,HMRL-13,656,0
2025-11-28,HMRL-42,636,0
2025-11-28,HMRL-02,541,0
2025-11-28,HMRL-59,693,0
2025-11-28,HMRL-41,562,0
2025-11-28,HMRL-03,545,0
2025-11-28,HMRL-58,552,0
2025-11-28,HMRL-11,628,0
2025-11-28,HMRL-17,598,0
2025-11-28,HMRL-18,552,0
2025-11-28,HMRL-07,623,0
2025-11-28,HMRL-26,691,0
2025-11-28,HMRL-04,586,0
2025-11-28,HMRL-49,661,0
2025-11-28,HMRL-24,692,0
2025-11-28,HMRL-16,603,0
2025-11-28,HMRL-32,616,0
2025-11-28,HMRL-34,611,0
2025-11-28,HMRL-44,698,0
2025-11-28,HMRL-35,519,0
2025-11-28,HMRL-25,669,0
2025-11-28,HMRL-15,540,0
2025-11-28,HMRL-36,557,0
2025-11-28,HMRL-51,539,0
2025-11-28,HMRL-52,638,0
2025-11-28,HMRL-27,687,0
2025-11-28,HMRL-55,589,0
2025-11-28,HMRL-37,618,0
2025-11-27,HMRL-34,638,0
2025-11-27,HMRL-31,589,0
2025-11-27,HMRL-21,545,0
2025-11-27,HMRL-46,504,0
2025-11-27,HMRL-49,687,0
2025-11-27,HMRL-48,600,0
2025-11-27,HMRL-45,678,0
2025-11-27,HMRL-02,602,0
2025-11-27,HMRL-26,695,0
2025-11-27,HMRL-59,590,0
2025-11-27,HMRL-32,524,0
2025-11-27,HMRL-25,614,0
2025-11-27,HMRL-07,657,0
2025-11-27,HMRL-42,644,0
2025-11-27,HMRL-03,541,0
2025-11-27,HMRL-28,557,0
2025-11-27,HMRL-41,671,0
2025-11-27,HMRL-24,662,0
2025-11-27,HMRL-38,576,0
2025-11-27,HMRL-11,648,0
2025-11-27,HMRL-01,505,0
2025-11-27,HMRL-35,660,0
2025-11-27,HMRL-60,695,0
2025-11-27,HMRL-55,608,0
2025-11-27,HMRL-18,577,0
2025-11-27,HMRL-16,658,0
2025-11-27,HMRL-05,505,0
2025-11-27,HMRL-09,641,0
2025-11-27,HMRL-30,617,0
2025-11-27,HMRL-20,674,0
2025-11-27,HMRL-15,643,0
2025-11-27,HMRL-14,658,0
2025-11-27,HMRL-04,572,0
2025-11-27,HMRL-50,519,0
2025-11-27,HMRL-17,549,0
2025-11-27,HMRL-23,629,0
2025-11-27,HMRL-54,528,0
2025-11-27,HMRL-12,562,0
2025-11-27,HMRL-19,617,0
2025-11-27,HMRL-29,661,0
2025-11-27,HMRL-22,602,0
2025-11-27,HMRL-36,637,0
2025-11-27,HMRL-08,527,0
2025-11-26,HMRL-50,623,0
2025-11-26,HMRL-38,638,0
2025-11-26,HMRL-35,658,0
2025-11-26,HMRL-02,621,0
2025-11-26,HMRL-17,690,0
2025-11-26,HMRL-19,641,0
2025-11-26,HMRL-21,560,2
2025-11-26,HMRL-01,614,0
2025-11-26,HMRL-51,503,0
2025-11-26,HMRL-39,673,0
2025-11-26,HMRL-11,599,0
2025-11-26,HMRL-43,603,0
2025-11-26,HMRL-41,699,0
2025-11-26,HMRL-33,665,0
2025-11-26,HMRL-26,591,0
2025-11-26,HMRL-53,524,0
2025-11-26,HMRL-54,696,0
2025-11-26,HMRL-60,612,0
2025-11-26,HMRL-08,670,0
2025-11-26,HMRL-03,575,0
2025-11-26,HMRL-49,645,1
2025-11-26,HMRL-46,684,0
2025-11-26,HMRL-09,667,0
2025-11-26,HMRL-30,620,0
2025-11-26,HMRL-48,664,0
2025-11-26,HMRL-52,507,0
2025-11-26,HMRL-58,692,0
2025-11-26,HMRL-55,595,0
2025-11-26,HMRL-04,531,0
2025-11-26,HMRL-45,575,0
2025-11-26,HMRL-27,564,0
2025-11-26,HMRL-18,652,0
2025-11-26,HMRL-06,600,0
2025-11-26,HMRL-59,670,0
2025-11-26,HMRL-29,608,0
2025-11-26,HMRL-37,602,0
2025-11-26,HMRL-12,595,0
2025-11-26,HMRL-56,509,0
2025-11-26,HMRL-32,699,0
2025-11-26,HMRL-42,582,0
2025-11-26,HMRL-31,656,0
2025-11-26,HMRL-34,622,0
2025-11-26,HMRL-47,608,0
2025-11-26,HMRL-07,547,0
2025-11-26,HMRL-57,546,0
2025-11-26,HMRL-28,502,0
2025-11-25,HMRL-60,532,0
2025-11-25,HMRL-41,523,0
2025-11-25,HMRL-42,517,0
2025-11-25,HMRL-43,699,0
2025-11-25,HMRL-19,699,0
2025-11-25,HMRL-29,662,0
2025-11-25,HMRL-51,626,0
2025-11-25,HMRL-02,697,0
2025-11-25,HMRL-17,664,0
2025-11-25,HMRL-32,563,0
2025-11-25,HMRL-20,642,0
2025-11-25,HMRL-31,672,0
2025-11-25,HMRL-25,583,0
2025-11-25,HMRL-50,649,0
2025-11-25,HMRL-35,543,0
2025-11-25,HMRL-56,588,0
2025-11-25,HMRL-44,580,0
2025-11-25,HMRL-21,529,0
2025-11-25,HMRL-24,583,0
2025-11-25,HMRL-39,657,0
2025-11-25,HMRL-15,517,2
2025-11-25,HMRL-59,635,0
2025-11-25,HMRL-28,512,0
2025-11-25,HMRL-57,653,0
2025-11-25,HMRL-11,614,0
2025-11-25,HMRL-07,568,0
2025-11-25,HMRL-40,695,0
2025-11-25,HMRL-34,554,0
2025-11-25,HMRL-37,536,0
2025-11-25,HMRL-01,635,0
2025-11-25,HMRL-16,687,0
2025-11-25,HMRL-27,618,0
2025-11-25,HMRL-03,648,0
2025-11-25,HMRL-05,646,0
2025-11-25,HMRL-10,566,0
2025-11-25,HMRL-36,654,0
2025-11-25,HMRL-58,585,0
2025-11-25,HMRL-12,630,0
2025-11-25,HMRL-46,556,0
2025-11-25,HMRL-04,635,0
2025-11-25,HMRL-06,521,0
2025-11-25,HMRL-53,517,0
2025-11-25,HMRL-49,561,0
2025-11-25,HMRL-08,633,0
2025-11-25,HMRL-13,546,0
2025-11-24,HMRL-33,591,0
2025-11-24,HMRL-31,622,0
2025-11-24,HMRL-60,571,0
2025-11-24,HMRL-35,627,0
2025-11-24,HMRL-12,622,0
2025-11-24,HMRL-52,596,0
2025-11-24,HMRL-36,651,0
2025-11-24,HMRL-05,650,0
2025-11-24,HMRL-23,579,0
2025-11-24,HMRL-51,601,0
2025-11-24,HMRL-56,654,0
2025-11-24,HMRL-59,596,0
2025-11-24,HMRL-57,610,0
2025-11-24,HMRL-49,587,0
2025-11-24,HMRL-13,649,0
2025-11-24,HMRL-01,676,0
2025-11-24,HMRL-19,652,0
2025-11-24,HMRL-54,622,0
2025-11-24,HMRL-28,504,0
2025-11-24,HMRL-50,559,0
2025-11-24,HMRL-21,675,0
2025-11-24,HMRL-53,541,0
2025-11-24,HMRL-40,521,0
2025-11-24,HMRL-41,604,0
2025-11-24,HMRL-08,574,0
2025-11-24,HMRL-29,543,0
2025-11-24,HMRL-20,599,0
2025-11-24,HMRL-27,631,0
2025-11-24,HMRL-38,576,0
2025-11-24,HMRL-58,671,0
2025-11-24,HMRL-22,617,0
2025-11-24,HMRL-07,612,0
2025-11-24,HMRL-11,594,0
2025-11-24,HMRL-24,625,0
2025-11-24,HMRL-43,681,0
2025-11-24,HMRL-16,693,0
2025-11-24,HMRL-17,632,0
2025-11-24,HMRL-02,651,0
2025-11-24,HMRL-04,612,0
2025-11-24,HMRL-47,618,0
2025-11-24,HMRL-44,655,0
2025-11-24,HMRL-30,669,0
2025-11-23,HMRL-53,456,0
2025-11-23,HMRL-09,425,0
2025-11-23,HMRL-20,320,0
2025-11-23,HMRL-34,386,0
2025-11-23,HMRL-35,305,0
2025-11-23,HMRL-13,458,0
2025-11-23,HMRL-41,484,0
2025-11-23,HMRL-39,342,0
2025-11-23,HMRL-29,413,0
2025-11-23,HMRL-06,312,0
2025-11-23,HMRL-30,337,0
2025-11-23,HMRL-01,408,0
2025-11-23,HMRL-22,449,0
2025-11-23,HMRL-38,395,0
2025-11-23,HMRL-57,468,0
2025-11-23,HMRL-58,429,0
2025-11-23,HMRL-17,305,0
2025-11-23,HMRL-48,418,0
2025-11-23,HMRL-07,303,0
2025-11-23,HMRL-18,471,0
2025-11-23,HMRL-14,332,0
2025-11-23,HMRL-28,305,0
2025-11-23,HMRL-32,331,0
2025-11-23,HMRL-11,361,0
2025-11-23,HMRL-46,320,2
2025-11-23,HMRL-26,436,0
2025-11-23,HMRL-36,446,0
2025-11-23,HMRL-42,378,0
2025-11-23,HMRL-51,380,0
2025-11-23,HMRL-47,362,0
2025-11-23,HMRL-24,310,0
2025-11-23,HMRL-33,476,0
2025-11-23,HMRL-21,436,0
2025-11-23,HMRL-49,428,0
2025-11-23,HMRL-52,310,0
2025-11-23,HMRL-44,315,0
2025-11-23,HMRL-25,376,0
2025-11-23,HMRL-37,418,0
2025-11-23,HMRL-40,317,0
2025-11-23,HMRL-54,478,0
2025-11-23,HMRL-04,435,0
2025-11-23,HMRL-03,397,0
2025-11-23,HMRL-08,335,0
2025-11-22,HMRL-14,400,0
2025-11-22,HMRL-45,457,0
2025-11-22,HMRL-23,430,0
2025-11-22,HMRL-33,420,0
2025-11-22,HMRL-47,416,0
2025-11-22,HMRL-39,452,0
2025-11-22,HMRL-26,496,0
2025-11-22,HMRL-37,404,2
2025-11-22,HMRL-16,375,0
2025-11-22,HMRL-60,321,0
2025-11-22,HMRL-58,365,0
2025-11-22,HMRL-52,480,0
2025-11-22,HMRL-40,319,0
2025-11-22,HMRL-04,478,0
2025-11-22,HMRL-46,382,0
2025-11-22,HMRL-01,352,0
2025-11-22,HMRL-41,462,0
2025-11-22,HMRL-22,404,0
2025-11-22,HMRL-35,310,0
2025-11-22,HMRL-21,331,0
2025-11-22,HMRL-28,439,0
2025-11-22,HMRL-06,354,0
2025-11-22,HMRL-24,407,0
2025-11-22,HMRL-19,334,0
2025-11-22,HMRL-29,430,0
2025-11-22,HMRL-49,367,0
2025-11-22,HMRL-55,473,0
2025-11-22,HMRL-43,329,0
2025-11-22,HMRL-25,448,0
2025-11-22,HMRL-27,381,0
2025-11-22,HMRL-13,305,0
2025-11-22,HMRL-08,447,0
2025-11-22,HMRL-53,407,0
2025-11-22,HMRL-42,366,0
2025-11-22,HMRL-48,468,0
2025-11-22,HMRL-34,460,0
2025-11-22,HMRL-12,300,0
2025-11-22,HMRL-38,344,0
2025-11-22,HMRL-56,495,0
2025-11-22,HMRL-57,457,0
2025-11-22,HMRL-30,495,0
2025-11-22,HMRL-10,381,0
2025-11-22,HMRL-36,389,0
2025-11-21,HMRL-54,564,0
2025-11-21,HMRL-60,683,0
2025-11-21,HMRL-50,528,0
2025-11-21,HMRL-22,589,0
2025-11-21,HMRL-35,663,0
2025-11-21,HMRL-48,505,0
2025-11-21,HMRL-30,532,0
2025-11-21,HMRL-09,589,0
2025-11-21,HMRL-32,542,0
2025-11-21,HMRL-08,567,1
2025-11-21,HMRL-59,559,0
2025-11-21,HMRL-18,656,0
2025-11-21,HMRL-13,615,0
2025-11-21,HMRL-02,501,0
2025-11-21,HMRL-42,571,0
2025-11-21,HMRL-28,676,0
2025-11-21,HMRL-36,651,0
2025-11-21,HMRL-44,569,0
2025-11-21,HMRL-51,555,0
2025-11-21,HMRL-07,595,0
2025-11-21,HMRL-25,561,0
2025-11-21,HMRL-49,664,0
2025-11-21,HMRL-03,682,0
2025-11-21,HMRL-55,525,0
2025-11-21,HMRL-20,536,0
2025-11-21,HMRL-14,570,0
2025-11-21,HMRL-33,619,1
2025-11-21,HMRL-05,642,0
2025-11-21,HMRL-52,690,0
2025-11-21,HMRL-41,565,0
2025-11-21,HMRL-39,647,0
2025-11-21,HMRL-16,546,0
2025-11-21,HMRL-15,520,0
2025-11-21,HMRL-21,576,0
2025-11-21,HMRL-24,547,0
2025-11-21,HMRL-12,567,0
2025-11-21,HMRL-17,677,0
2025-11-21,HMRL-46,554,0
2025-11-21,HMRL-23,525,0
2025-11-21,HMRL-31,659,0
2025-11-21,HMRL-37,597,0
2025-11-21,HMRL-10,525,0
2025-11-21,HMRL-29,555,0
2025-11-21,HMRL-45,639,0
2025-11-21,HMRL-01,677,0
2025-11-20,HMRL-60,522,0
2025-11-20,HMRL-10,699,0
2025-11-20,HMRL-50,541,0
2025-11-20,HMRL-03,552,0
2025-11-20,HMRL-57,597,0
2025-11-20,HMRL-39,690,0
2025-11-20,HMRL-22,519,0
2025-11-20,HMRL-58,626,0
2025-11-20,HMRL-51,530,1
2025-11-20,HMRL-16,580,0
2025-11-20,HMRL-26,681,0
2025-11-20,HMRL-27,690,0
2025-11-20,HMRL-47,528,0
2025-11-20,HMRL-09,528,0
2025-11-20,HMRL-05,640,0
2025-11-20,HMRL-37,517,0
2025-11-20,HMRL-24,501,0
2025-11-20,HMRL-13,578,0
2025-11-20,HMRL-49,513,0
2025-11-20,HMRL-35,537,0
2025-11-20,HMRL-38,694,0
2025-11-20,HMRL-02,533,0
2025-11-20,HMRL-01,536,0
2025-11-20,HMRL-54,601,0
2025-11-20,HMRL-30,554,0
2025-11-20,HMRL-31,569,0
2025-11-20,HMRL-21,536,0
2025-11-20,HMRL-55,670,0
2025-11-20,HMRL-04,649,0
2025-11-20,HMRL-32,689,0
2025-11-20,HMRL-52,621,0
2025-11-20,HMRL-08,596,0
2025-11-20,HMRL-46,553,0
2025-11-20,HMRL-11,607,0
2025-11-20,HMRL-53,590,0
2025-11-20,HMRL-19,557,0
2025-11-20,HMRL-40,620,0
2025-11-20,HMRL-44,666,0
2025-11-20,HMRL-15,576,0
2025-11-20,HMRL-07,506,0
2025-11-20,HMRL-20,673,0
2025-11-20,HMRL-45,588,0
2025-11-19,HMRL-38,642,0
2025-11-19,HMRL-35,644,0
2025-11-19,HMRL-23,508,0
2025-11-19,HMRL-08,658,0
2025-11-19,HMRL-25,533,0
2025-11-19,HMRL-03,576,0
2025-11-19,HMRL-09,688,0
2025-11-19,HMRL-07,635,0
2025-11-19,HMRL-53,696,0
2025-11-19,HMRL-37,551,0
2025-11-19,HMRL-43,686,0
2025-11-19,HMRL-57,550,0
2025-11-19,HMRL-21,558,0
2025-11-19,HMRL-59,568,0
2025-11-19,HMRL-60,569,0
2025-11-19,HMRL-06,510,0
2025-11-19,HMRL-11,530,0
2025-11-19,HMRL-28,635,0
2025-11-19,HMRL-47,570,0
2025-11-19,HMRL-26,537,0
2025-11-19,HMRL-19,502,0
2025-11-19,HMRL-39,542,0
2025-11-19,HMRL-42,686,0
2025-11-19,HMRL-27,690,0
2025-11-19,HMRL-17,503,0
2025-11-19,HMRL-31,584,0
2025-11-19,HMRL-50,555,0
2025-11-19,HMRL-33,640,0
2025-11-19,HMRL-51,563,0
2025-11-19,HMRL-05,690,0
2025-11-19,HMRL-52,603,0
2025-11-19,HMRL-15,651,0
2025-11-19,HMRL-13,501,0
2025-11-19,HMRL-02,696,0
2025-11-19,HMRL-01,523,0
2025-11-19,HMRL-36,530,0
2025-11-19,HMRL-56,500,2
2025-11-19,HMRL-54,523,0
2025-11-19,HMRL-10,692,0
2025-11-19,HMRL-29,538,0
2025-11-19,HMRL-58,535,0
2025-11-19,HMRL-41,551,0
2025-11-19,HMRL-24,689,0
2025-11-19,HMRL-49,672,0
2025-11-19,HMRL-48,697,0
2025-11-19,HMRL-14,617,0
2025-11-19,HMRL-44,658,0
2025-11-18,HMRL-20,670,0
2025-11-18,HMRL-35,582,0
2025-11-18,HMRL-54,571,0
2025-11-18,HMRL-06,507,0
2025-11-18,HMRL-55,596,0
2025-11-18,HMRL-36,655,0
2025-11-18,HMRL-28,572,0
2025-11-18,HMRL-31,680,0
2025-11-18,HMRL-17,603,0
2025-11-18,HMRL-25,537,0
2025-11-18,HMRL-16,524,0
2025-11-18,HMRL-03,664,0
2025-11-18,HMRL-04,535,0
2025-11-18,HMRL-02,638,0
2025-11-18,HMRL-39,676,0
2025-11-18,HMRL-38,535,0
2025-11-18,HMRL-33,631,0
2025-11-18,HMRL-18,696,0
2025-11-18,HMRL-15,500,0
2025-11-18,HMRL-50,600,0
2025-11-18,HMRL-58,635,0
2025-11-18,HMRL-08,517,0
2025-11-18,HMRL-07,676,0
2025-11-18,HMRL-41,534,0
2025-11-18,HMRL-29,591,0
2025-11-18,HMRL-57,549,0
2025-11-18,HMRL-45,540,0
2025-11-18,HMRL-59,556,0
2025-11-18,HMRL-21,616,0
2025-11-18,HMRL-49,540,0
2025-11-18,HMRL-22,697,0
2025-11-18,HMRL-60,535,0
2025-11-18,HMRL-43,584,0
2025-11-18,HMRL-32,529,0
2025-11-18,HMRL-12,517,0
2025-11-18,HMRL-23,661,0
2025-11-18,HMRL-09,588,0
2025-11-18,HMRL-11,573,0
2025-11-18,HMRL-52,601,0
2025-11-18,HMRL-05,508,0
2025-11-18,HMRL-19,556,0
2025-11-18,HMRL-10,506,0
2025-11-18,HMRL-27,562,0
2025-11-18,HMRL-01,617,0
2025-11-18,HMRL-34,522,0
2025-11-18,HMRL-51,690,0
2025-11-18,HMRL-40,551,0
2025-11-17,HMRL-37,687,0
2025-11-17,HMRL-48,538,0
2025-11-17,HMRL-41,589,0
2025-11-17,HMRL-28,607,0
2025-11-17,HMRL-05,604,0
2025-11-17,HMRL-23,541,0
2025-11-17,HMRL-06,693,0
2025-11-17,HMRL-09,673,0
2025-11-17,HMRL-02,617,0
2025-11-17,HMRL-42,546,0
2025-11-17,HMRL-17,500,0
2025-11-17,HMRL-35,607,0
2025-11-17,HMRL-46,599,0
2025-11-17,HMRL-24,678,0
2025-11-17,HMRL-01,539,0
2025-11-17,HMRL-32,570,0
2025-11-17,HMRL-57,659,0
2025-11-17,HMRL-44,604,0
2025-11-17,HMRL-21,613,0
2025-11-17,HMRL-15,569,0
2025-11-17,HMRL-50,575,0
2025-11-17,HMRL-20,520,0
2025-11-17,HMRL-25,648,0
2025-11-17,HMRL-03,503,3
2025-11-17,HMRL-39,527,0
2025-11-17,HMRL-12,577,0
2025-11-17,HMRL-10,623,0
2025-11-17,HMRL-29,537,0
2025-11-17,HMRL-27,580,0
2025-11-17,HMRL-08,553,0
2025-11-17,HMRL-43,578,0
2025-11-17,HMRL-51,689,0
2025-11-17,HMRL-34,640,0
2025-11-17,HMRL-13,528,0
2025-11-17,HMRL-59,586,0
2025-11-17,HMRL-04,610,0
2025-11-17,HMRL-36,654,0
2025-11-17,HMRL-60,591,0
2025-11-17,HMRL-11,565,0
2025-11-17,HMRL-31,544,0
2025-11-17,HMRL-26,676,0
2025-11-17,HMRL-49,572,0
2025-11-17,HMRL-16,522,0
2025-11-17,HMRL-07,525,0
2025-11-16,HMRL-50,363,0
2025-11-16,HMRL-13,330,0
2025-11-16,HMRL-35,313,0
2025-11-16,HMRL-36,490,0
2025-11-16,HMRL-06,408,2
2025-11-16,HMRL-34,427,0
2025-11-16,HMRL-10,482,0
2025-11-16,HMRL-30,429,0
2025-11-16,HMRL-16,314,0
2025-11-16,HMRL-01,315,0
2025-11-16,HMRL-43,351,0
2025-11-16,HMRL-28,414,0
2025-11-16,HMRL-15,451,0
2025-11-16,HMRL-20,312,0
2025-11-16,HMRL-48,370,0
2025-11-16,HMRL-22,376,0
2025-11-16,HMRL-44,421,0
2025-11-16,HMRL-38,361,0
2025-11-16,HMRL-19,476,0
2025-11-16,HMRL-33,325,0
2025-11-16,HMRL-41,419,0
2025-11-16,HMRL-12,442,0
2025-11-16,HMRL-05,499,0
2025-11-16,HMRL-55,461,0
2025-11-16,HMRL-37,339,0
2025-11-16,HMRL-18,390,0
2025-11-16,HMRL-27,457,0
2025-11-16,HMRL-02,313,0
2025-11-16,HMRL-26,366,0
2025-11-16,HMRL-59,465,0
2025-11-16,HMRL-09,462,0
2025-11-16,HMRL-49,434,0
2025-11-16,HMRL-25,393,0
2025-11-16,HMRL-51,460,0
2025-11-16,HMRL-39,352,0
2025-11-16,HMRL-04,387,0
2025-11-16,HMRL-29,435,0
2025-11-16,HMRL-40,330,2
2025-11-16,HMRL-56,442,0
2025-11-16,HMRL-03,413,0
2025-11-16,HMRL-45,300,0
2025-11-16,HMRL-32,499,0
2025-11-16,HMRL-54,494,0
2025-11-16,HMRL-07,328,0
2025-11-16,HMRL-53,327,0
2025-11-16,HMRL-23,441,0
2025-11-16,HMRL-31,328,0
2025-11-16,HMRL-42,420,0
2025-11-16,HMRL-21,339,0
2025-11-15,HMRL-44,400,0
2025-11-15,HMRL-39,398,0
2025-11-15,HMRL-57,495,0
2025-11-15,HMRL-49,390,0
2025-11-15,HMRL-38,366,0
2025-11-15,HMRL-41,420,1
2025-11-15,HMRL-25,474,0
2025-11-15,HMRL-17,316,0
2025-11-15,HMRL-31,476,0
2025-11-15,HMRL-32,447,0
2025-11-15,HMRL-50,393,0
2025-11-15,HMRL-08,336,0
2025-11-15,HMRL-35,314,0
2025-11-15,HMRL-13,404,0
2025-11-15,HMRL-51,337,0
2025-11-15,HMRL-22,301,0
2025-11-15,HMRL-15,302,0
2025-11-15,HMRL-03,393,2
2025-11-15,HMRL-29,466,0
2025-11-15,HMRL-27,366,0
2025-11-15,HMRL-36,340,0
2025-11-15,HMRL-07,354,0
2025-11-15,HMRL-01,477,0
2025-11-15,HMRL-12,437,0
2025-11-15,HMRL-19,447,0
2025-11-15,HMRL-56,438,0
2025-11-15,HMRL-24,428,0
2025-11-15,HMRL-23,377,0
2025-11-15,HMRL-30,489,0
2025-11-15,HMRL-28,319,0
2025-11-15,HMRL-53,380,0
2025-11-15,HMRL-02,311,0
2025-11-15,HMRL-48,394,0
2025-11-15,HMRL-06,396,0
2025-11-15,HMRL-21,393,0
2025-11-15,HMRL-09,482,0
2025-11-15,HMRL-45,399,0
2025-11-15,HMRL-10,403,0
2025-11-15,HMRL-59,362,0
2025-11-15,HMRL-05,457,0
2025-11-15,HMRL-34,359,0
2025-11-15,HMRL-47,323,0
2025-11-15,HMRL-55,383,0
2025-11-15,HMRL-18,494,0
2025-11-15,HMRL-04,427,0
2025-11-14,HMRL-32,575,0
2025-11-14,HMRL-33,611,0
2025-11-14,HMRL-53,594,0
2025-11-14,HMRL-52,608,0
2025-11-14,HMRL-38,619,0
2025-11-14,HMRL-51,591,0
2025-11-14,HMRL-28,617,0
2025-11-14,HMRL-08,628,0
2025-11-14,HMRL-21,592,0
2025-11-14,HMRL-31,567,0
2025-11-14,HMRL-16,623,0
2025-11-14,HMRL-36,664,0
2025-11-14,HMRL-22,623,0
2025-11-14,HMRL-57,515,0
2025-11-14,HMRL-58,624,0
2025-11-14,HMRL-09,558,0
2025-11-14,HMRL-35,698,0
2025-11-14,HMRL-05,613,0
2025-11-14,HMRL-29,518,0
2025-11-14,HMRL-60,628,0
2025-11-14,HMRL-48,680,0
2025-11-14,HMRL-07,546,0
2025-11-14,HMRL-45,541,0
2025-11-14,HMRL-15,585,0
2025-11-14,HMRL-24,692,0
2025-11-14,HMRL-41,635,0
2025-11-14,HMRL-59,537,0
2025-11-14,HMRL-39,547,0
2025-11-14,HMRL-40,576,0
2025-11-14,HMRL-12,614,0
2025-11-14,HMRL-56,564,0
2025-11-14,HMRL-43,614,0
2025-11-14,HMRL-13,596,0
2025-11-14,HMRL-47,536,0
2025-11-14,HMRL-02,517,0
2025-11-14,HMRL-25,680,0
2025-11-14,HMRL-44,586,0
2025-11-14,HMRL-20,640,0
2025-11-14,HMRL-37,602,0
2025-11-14,HMRL-06,677,0
2025-11-14,HMRL-46,654,0
2025-11-14,HMRL-54,635,0
2025-11-14,HMRL-01,629,0
2025-11-14,HMRL-42,655,2
2025-11-13,HMRL-52,628,0
2025-11-13,HMRL-17,618,0
2025-11-13,HMRL-34,586,0
2025-11-13,HMRL-58,540,0
2025-11-13,HMRL-26,519,0
2025-11-13,HMRL-38,507,0
2025-11-13,HMRL-44,700,0
2025-11-13,HMRL-15,537,0
2025-11-13,HMRL-12,622,0
2025-11-13,HMRL-04,603,0
2025-11-13,HMRL-45,533,0
2025-11-13,HMRL-22,552,0
2025-11-13,HMRL-24,680,0
2025-11-13,HMRL-16,664,0
2025-11-13,HMRL-59,526,0
2025-11-13,HMRL-01,519,0
2025-11-13,HMRL-23,594,0
2025-11-13,HMRL-02,625,0
2025-11-13,HMRL-57,530,0
2025-11-13,HMRL-39,527,0
2025-11-13,HMRL-10,514,0
2025-11-13,HMRL-31,540,0
2025-11-13,HMRL-13,639,0
2025-11-13,HMRL-37,573,0
2025-11-13,HMRL-27,641,0
2025-11-13,HMRL-06,641,0
2025-11-13,HMRL-21,595,0
2025-11-13,HMRL-29,526,0
2025-11-13,HMRL-28,648,0
2025-11-13,HMRL-41,545,0
2025-11-13,HMRL-09,546,0
2025-11-13,HMRL-25,645,0
2025-11-13,HMRL-50,503,0
2025-11-13,HMRL-11,568,0
2025-11-13,HMRL-07,601,0
2025-11-13,HMRL-49,519,0
2025-11-13,HMRL-42,518,0
2025-11-13,HMRL-36,694,0
2025-11-13,HMRL-14,520,0
2025-11-13,HMRL-53,549,0
2025-11-13,HMRL-43,699,0
2025-11-13,HMRL-47,502,0
2025-11-12,HMRL-38,626,0
2025-11-12,HMRL-13,522,0
2025-11-12,HMRL-14,646,0
2025-11-12,HMRL-12,599,0
2025-11-12,HMRL-27,666,3
2025-11-12,HMRL-54,644,0
2025-11-12,HMRL-30,515,0
2025-11-12,HMRL-57,610,0
2025-11-12,HMRL-17,615,0
2025-11-12,HMRL-18,584,0
2025-11-12,HMRL-25,616,0
2025-11-12,HMRL-37,641,0
2025-11-12,HMRL-15,591,0
2025-11-12,HMRL-08,650,0
2025-11-12,HMRL-29,659,0
2025-11-12,HMRL-11,650,0
2025-11-12,HMRL-49,615,0
2025-11-12,HMRL-51,629,0
2025-11-12,HMRL-46,611,0
2025-11-12,HMRL-28,500,0
2025-11-12,HMRL-16,626,0
2025-11-12,HMRL-36,692,0
2025-11-12,HMRL-01,505,0
2025-11-12,HMRL-35,639,1
2025-11-12,HMRL-48,526,0
2025-11-12,HMRL-03,543,0
2025-11-12,HMRL-26,542,0
2025-11-12,HMRL-21,519,0
2025-11-12,HMRL-52,698,0
2025-11-12,HMRL-02,576,0
2025-11-12,HMRL-06,560,0
2025-11-12,HMRL-42,571,0
2025-11-12,HMRL-53,646,0
2025-11-12,HMRL-20,649,0
2025-11-12,HMRL-24,540,0
2025-11-12,HMRL-56,549,0
2025-11-12,HMRL-43,544,0
2025-11-12,HMRL-45,591,0
2025-11-12,HMRL-04,595,0
2025-11-12,HMRL-50,584,0
2025-11-12,HMRL-47,515,0
2025-11-12,HMRL-33,686,0
2025-11-12,HMRL-05,586,0
2025-11-12,HMRL-39,683,0
2025-11-12,HMRL-55,508,0
2025-11-12,HMRL-59,603,0
2025-11-11,HMRL-52,623,0
2025-11-11,HMRL-36,650,0
2025-11-11,HMRL-19,540,0
2025-11-11,HMRL-45,546,0
2025-11-11,HMRL-51,568,0
2025-11-11,HMRL-14,644,0
2025-11-11,HMRL-40,614,0
2025-11-11,HMRL-13,525,0
2025-11-11,HMRL-49,546,0
2025-11-11,HMRL-50,519,0
2025-11-11,HMRL-16,525,0
2025-11-11,HMRL-53,559,0
2025-11-11,HMRL-11,532,0
2025-11-11,HMRL-58,570,0
2025-11-11,HMRL-56,538,0
2025-11-11,HMRL-26,630,0
2025-11-11,HMRL-48,602,0
2025-11-11,HMRL-38,526,0
2025-11-11,HMRL-28,536,0
2025-11-11,HMRL-09,658,0
2025-11-11,HMRL-01,614,0
2025-11-11,HMRL-35,558,0
2025-11-11,HMRL-02,540,0
2025-11-11,HMRL-23,636,0
2025-11-11,HMRL-39,580,0
2025-11-11,HMRL-15,569,0
2025-11-11,HMRL-08,527,0
2025-11-11,HMRL-41,584,0
2025-11-11,HMRL-18,581,0
2025-11-11,HMRL-25,553,0
2025-11-11,HMRL-33,535,0
2025-11-11,HMRL-03,663,0
2025-11-11,HMRL-06,560,0
2025-11-11,HMRL-47,512,0
2025-11-11,HMRL-43,613,0
2025-11-11,HMRL-59,651,0
2025-11-11,HMRL-44,535,0
2025-11-11,HMRL-20,654,0
2025-11-11,HMRL-60,595,0
2025-11-11,HMRL-24,564,0
2025-11-11,HMRL-37,539,0
2025-11-11,HMRL-05,628,0
2025-11-11,HMRL-57,681,0
2025-11-11,HMRL-04,660,0
2025-11-11,HMRL-27,582,0
2025-11-11,HMRL-17,638,0
2025-11-11,HMRL-34,651,0
2025-11-11,HMRL-07,501,0
2025-11-11,HMRL-31,638,0
2025-11-11,HMRL-32,510,0
2025-11-10,HMRL-54,668,0
2025-11-10,HMRL-37,543,0
2025-11-10,HMRL-13,555,0
2025-11-10,HMRL-14,663,0
2025-11-10,HMRL-16,688,0
2025-11-10,HMRL-49,649,0
2025-11-10,HMRL-11,642,0
2025-11-10,HMRL-38,546,0
2025-11-10,HMRL-53,502,0
2025-11-10,HMRL-36,636,0
2025-11-10,HMRL-28,686,0
2025-11-10,HMRL-23,662,0
2025-11-10,HMRL-07,693,0
2025-11-10,HMRL-55,576,0
2025-11-10,HMRL-40,641,0
2025-11-10,HMRL-04,650,0
2025-11-10,HMRL-60,546,0
2025-11-10,HMRL-22,523,0
2025-11-10,HMRL-30,543,0
2025-11-10,HMRL-35,562,0
2025-11-10,HMRL-19,522,0
2025-11-10,HMRL-50,646,0
2025-11-10,HMRL-18,502,0
2025-11-10,HMRL-45,655,0
2025-11-10,HMRL-34,606,0
2025-11-10,HMRL-43,677,0
2025-11-10,HMRL-33,534,0
2025-11-10,HMRL-47,500,0
2025-11-10,HMRL-58,587,0
2025-11-10,HMRL-27,513,0
2025-11-10,HMRL-24,592,0
2025-11-10,HMRL-52,547,1
2025-11-10,HMRL-06,665,1
2025-11-10,HMRL-25,657,1
2025-11-10,HMRL-44,521,0
2025-11-10,HMRL-51,562,0
2025-11-10,HMRL-57,551,0
2025-11-10,HMRL-31,545,0
2025-11-10,HMRL-56,576,0
2025-11-10,HMRL-05,523,0
2025-11-10,HMRL-32,651,0
2025-11-10,HMRL-39,501,0
2025-11-10,HMRL-01,607,0
2025-11-10,HMRL-17,635,0
2025-11-10,HMRL-09,624,0
2025-11-10,HMRL-48,582,0
2025-11-10,HMRL-08,602,0
2025-11-10,HMRL-03,675,0
2025-11-09,HMRL-31,351,0
2025-11-09,HMRL-28,399,0
2025-11-09,HMRL-56,373,0
2025-11-09,HMRL-09,491,0
2025-11-09,HMRL-26,345,0
2025-11-09,HMRL-19,468,0
2025-11-09,HMRL-14,433,0
2025-11-09,HMRL-46,407,0
2025-11-09,HMRL-34,492,1
2025-11-09,HMRL-53,353,0
2025-11-09,HMRL-23,454,0
2025-11-09,HMRL-01,459,0
2025-11-09,HMRL-49,371,0
2025-11-09,HMRL-37,317,0
2025-11-09,HMRL-21,387,0
2025-11-09,HMRL-15,440,0
2025-11-09,HMRL-30,322,0
2025-11-09,HMRL-12,426,0
2025-11-09,HMRL-13,444,0
2025-11-09,HMRL-18,376,0
2025-11-09,HMRL-59,310,0
2025-11-09,HMRL-06,373,0
2025-11-09,HMRL-29,413,0
2025-11-09,HMRL-40,497,0
2025-11-09,HMRL-10,496,0
2025-11-09,HMRL-45,356,0
2025-11-09,HMRL-08,409,0
2025-11-09,HMRL-54,350,0
2025-11-09,HMRL-42,399,0
2025-11-09,HMRL-58,414,0
2025-11-09,HMRL-33,302,0
2025-11-09,HMRL-04,375,0
2025-11-09,HMRL-48,394,0
2025-11-09,HMRL-51,396,0
2025-11-09,HMRL-60,335,0
2025-11-09,HMRL-20,445,0
2025-11-09,HMRL-57,344,0
2025-11-09,HMRL-36,411,0
2025-11-09,HMRL-03,368,0
2025-11-09,HMRL-44,300,0
2025-11-09,HMRL-50,358,0
2025-11-09,HMRL-05,386,0
2025-11-08,HMRL-31,419,0
2025-11-08,HMRL-48,399,0
2025-11-08,HMRL-18,403,0
2025-11-08,HMRL-12,500,0
2025-11-08,HMRL-06,477,0
2025-11-08,HMRL-26,395,0
2025-11-08,HMRL-47,491,0
2025-11-08,HMRL-58,308,0
2025-11-08,HMRL-16,338,0
2025-11-08,HMRL-21,478,0
2025-11-08,HMRL-50,328,0
2025-11-08,HMRL-38,385,0
2025-11-08,HMRL-39,443,0
2025-11-08,HMRL-02,374,0
2025-11-08,HMRL-03,393,0
2025-11-08,HMRL-49,409,2
2025-11-08,HMRL-15,358,0
2025-11-08,HMRL-60,413,0
2025-11-08,HMRL-35,408,0
2025-11-08,HMRL-05,362,0
2025-11-08,HMRL-17,401,0
2025-11-08,HMRL-28,412,0
2025-11-08,HMRL-04,305,0
2025-11-08,HMRL-20,420,0
2025-11-08,HMRL-32,330,0
2025-11-08,HMRL-27,334,0
2025-11-08,HMRL-07,346,0
2025-11-08,HMRL-19,421,0
2025-11-08,HMRL-44,464,0
2025-11-08,HMRL-36,320,0
2025-11-08,HMRL-40,497,0
2025-11-08,HMRL-30,430,0
2025-11-08,HMRL-09,410,0
2025-11-08,HMRL-59,428,0
2025-11-08,HMRL-34,473,0
2025-11-08,HMRL-43,311,0
2025-11-08,HMRL-54,492,0
2025-11-08,HMRL-13,406,0
2025-11-08,HMRL-23,474,0
2025-11-08,HMRL-46,478,0
2025-11-08,HMRL-53,458,0
2025-11-08,HMRL-25,428,0
2025-11-08,HMRL-57,402,1
2025-11-08,HMRL-14,463,0
2025-11-08,HMRL-42,305,0
2025-11-08,HMRL-33,463,0
2025-11-08,HMRL-55,335,0
2025-11-07,HMRL-45,607,0
2025-11-07,HMRL-30,696,0
2025-11-07,HMRL-04,559,0
2025-11-07,HMRL-17,617,0
2025-11-07,HMRL-42,501,0
2025-11-07,HMRL-55,578,0
2025-11-07,HMRL-36,543,0
2025-11-07,HMRL-28,574,0
2025-11-07,HMRL-49,552,0
2025-11-07,HMRL-60,651,0
2025-11-07,HMRL-52,670,0
2025-11-07,HMRL-05,522,0
2025-11-07,HMRL-35,560,0
2025-11-07,HMRL-26,577,0
2025-11-07,HMRL-44,663,0
2025-11-07,HMRL-29,504,0
2025-11-07,HMRL-02,591,0
2025-11-07,HMRL-27,656,0
2025-11-07,HMRL-47,615,0
2025-11-07,HMRL-14,545,0
2025-11-07,HMRL-12,637,0
2025-11-07,HMRL-58,500,0
2025-11-07,HMRL-50,655,0
2025-11-07,HMRL-56,569,0
2025-11-07,HMRL-11,631,0
2025-11-07,HMRL-01,571,0
2025-11-07,HMRL-31,562,0
2025-11-07,HMRL-13,678,0
2025-11-07,HMRL-40,677,0
2025-11-07,HMRL-25,689,1
2025-11-07,HMRL-43,528,0
2025-11-07,HMRL-57,628,0
2025-11-07,HMRL-59,501,0
2025-11-07,HMRL-20,596,0
2025-11-07,HMRL-03,569,0
2025-11-07,HMRL-22,673,0
2025-11-07,HMRL-19,665,0
2025-11-07,HMRL-18,693,0
2025-11-07,HMRL-06,513,0
2025-11-07,HMRL-16,666,0
2025-11-07,HMRL-39,697,0
2025-11-07,HMRL-23,685,0
2025-11-07,HMRL-38,667,0
2025-11-06,HMRL-01,664,0
2025-11-06,HMRL-13,661,0
2025-11-06,HMRL-29,519,0
2025-11-06,HMRL-50,500,0
2025-11-06,HMRL-03,651,0
2025-11-06,HMRL-08,684,0
2025-11-06,HMRL-31,598,0
2025-11-06,HMRL-04,543,0
2025-11-06,HMRL-39,603,0
2025-11-06,HMRL-10,503,0
2025-11-06,HMRL-27,635,0
2025-11-06,HMRL-41,504,0
2025-11-06,HMRL-20,530,0
2025-11-06,HMRL-56,662,0
2025-11-06,HMRL-58,544,0
2025-11-06,HMRL-53,607,0
2025-11-06,HMRL-14,567,0
2025-11-06,HMRL-02,555,0
2025-11-06,HMRL-33,652,0
2025-11-06,HMRL-49,666,0
2025-11-06,HMRL-35,564,0
2025-11-06,HMRL-47,633,0
2025-11-06,HMRL-34,624,0
2025-11-06,HMRL-05,520,0
2025-11-06,HMRL-30,688,0
2025-11-06,HMRL-11,669,0
2025-11-06,HMRL-26,536,0
2025-11-06,HMRL-51,668,0
2025-11-06,HMRL-40,555,0
2025-11-06,HMRL-48,504,0
2025-11-06,HMRL-44,539,0
2025-11-06,HMRL-18,617,0
2025-11-06,HMRL-06,502,0
2025-11-06,HMRL-21,568,0
2025-11-06,HMRL-25,603,0
2025-11-06,HMRL-42,680,0
2025-11-06,HMRL-38,666,0
2025-11-06,HMRL-17,500,0
2025-11-06,HMRL-32,693,0
2025-11-06,HMRL-60,596,0
2025-11-06,HMRL-57,695,0
2025-11-06,HMRL-15,578,0
2025-11-06,HMRL-37,678,0
2025-11-06,HMRL-23,565,0
2025-11-06,HMRL-22,520,0
2025-11-06,HMRL-24,612,0
2025-11-06,HMRL-52,699,0
2025-11-05,HMRL-16,648,0
2025-11-05,HMRL-56,624,0
2025-11-05,HMRL-26,670,0
2025-11-05,HMRL-53,534,0
2025-11-05,HMRL-45,565,0
2025-11-05,HMRL-18,634,0
2025-11-05,HMRL-54,542,0
2025-11-05,HMRL-33,644,0
2025-11-05,HMRL-35,502,0
2025-11-05,HMRL-10,601,0
2025-11-05,HMRL-08,645,0
2025-11-05,HMRL-23,545,0
2025-11-05,HMRL-46,588,0
2025-11-05,HMRL-37,651,0
2025-11-05,HMRL-29,653,0
2025-11-05,HMRL-32,539,0
2025-11-05,HMRL-60,688,0
2025-11-05,HMRL-34,687,0
2025-11-05,HMRL-24,555,0
2025-11-05,HMRL-55,641,0
2025-11-05,HMRL-58,602,0
2025-11-05,HMRL-27,618,0
2025-11-05,HMRL-51,615,0
2025-11-05,HMRL-13,595,0
2025-11-05,HMRL-09,611,0
2025-11-05,HMRL-15,565,0
2025-11-05,HMRL-28,512,0
2025-11-05,HMRL-03,564,0
2025-11-05,HMRL-25,563,0
2025-11-05,HMRL-47,551,0
2025-11-05,HMRL-40,690,0
2025-11-05,HMRL-52,695,0
2025-11-05,HMRL-20,539,0
2025-11-05,HMRL-59,603,0
2025-11-05,HMRL-43,517,0
2025-11-05,HMRL-17,512,0
2025-11-05,HMRL-14,668,0
2025-11-05,HMRL-38,602,0
2025-11-05,HMRL-19,657,0
2025-11-05,HMRL-57,517,0
2025-11-05,HMRL-05,578,0
2025-11-05,HMRL-12,669,0
2025-11-04,HMRL-56,507,0
2025-11-04,HMRL-19,624,0
2025-11-04,HMRL-47,609,0
2025-11-04,HMRL-37,526,0
2025-11-04,HMRL-05,566,0
2025-11-04,HMRL-14,658,0
2025-11-04,HMRL-20,645,0
2025-11-04,HMRL-08,698,0
2025-11-04,HMRL-02,508,0
2025-11-04,HMRL-55,594,0
2025-11-04,HMRL-34,533,0
2025-11-04,HMRL-57,521,0
2025-11-04,HMRL-32,593,0
2025-11-04,HMRL-21,500,0
2025-11-04,HMRL-10,604,0
2025-11-04,HMRL-41,634,0
2025-11-04,HMRL-35,585,0
2025-11-04,HMRL-31,539,0
2025-11-04,HMRL-09,666,0
2025-11-04,HMRL-03,664,0
2025-11-04,HMRL-38,574,0
2025-11-04,HMRL-44,501,0
2025-11-04,HMRL-28,578,0
2025-11-04,HMRL-58,530,0
2025-11-04,HMRL-25,581,0
2025-11-04,HMRL-54,518,0
2025-11-04,HMRL-11,623,0
2025-11-04,HMRL-42,580,0
2025-11-04,HMRL-59,524,0
2025-11-04,HMRL-30,626,0
2025-11-04,HMRL-01,543,3
2025-11-04,HMRL-50,589,0
2025-11-04,HMRL-39,693,0
2025-11-04,HMRL-23,669,0
2025-11-04,HMRL-49,511,0
2025-11-04,HMRL-60,585,0
2025-11-04,HMRL-52,690,0
2025-11-04,HMRL-17,652,0
2025-11-04,HMRL-06,651,0
2025-11-04,HMRL-53,623,0
2025-11-04,HMRL-29,617,0
2025-11-04,HMRL-26,547,0
2025-11-03,HMRL-18,590,0
2025-11-03,HMRL-55,588,0
2025-11-03,HMRL-29,689,0
2025-11-03,HMRL-19,688,0
2025-11-03,HMRL-36,582,0
2025-11-03,HMRL-39,615,0
2025-11-03,HMRL-01,683,0
2025-11-03,HMRL-50,600,0
2025-11-03,HMRL-60,563,0
2025-11-03,HMRL-32,529,0
2025-11-03,HMRL-28,512,0
2025-11-03,HMRL-02,621,0
2025-11-03,HMRL-58,650,0
2025-11-03,HMRL-35,503,0
2025-11-03,HMRL-27,581,0
2025-11-03,HMRL-09,530,0
2025-11-03,HMRL-15,504,0
2025-11-03,HMRL-21,563,0
2025-11-03,HMRL-05,682,0
2025-11-03,HMRL-54,545,0
2025-11-03,HMRL-31,638,0
2025-11-03,HMRL-46,597,0
2025-11-03,HMRL-43,541,0
2025-11-03,HMRL-42,689,0
2025-11-03,HMRL-37,561,0
2025-11-03,HMRL-40,639,0
2025-11-03,HMRL-03,675,0
2025-11-03,HMRL-23,660,0
2025-11-03,HMRL-06,690,0
2025-11-03,HMRL-16,638,0
2025-11-03,HMRL-33,540,0
2025-11-03,HMRL-08,586,0
2025-11-03,HMRL-22,597,0
2025-11-03,HMRL-51,611,0
2025-11-03,HMRL-52,552,0
2025-11-03,HMRL-57,684,0
2025-11-03,HMRL-12,684,0
2025-11-03,HMRL-34,551,0
2025-11-03,HMRL-45,619,0
2025-11-03,HMRL-24,505,0
2025-11-03,HMRL-13,629,0
2025-11-03,HMRL-07,695,0
2025-11-03,HMRL-53,610,0
2025-11-03,HMRL-49,629,0
2025-11-03,HMRL-30,654,0
2025-11-03,HMRL-26,510,0
2025-11-02,HMRL-44,475,0
2025-11-02,HMRL-46,340,0
2025-11-02,HMRL-08,380,0
2025-11-02,HMRL-39,420,0
2025-11-02,HMRL-45,421,0
2025-11-02,HMRL-40,369,0
2025-11-02,HMRL-06,371,0
2025-11-02,HMRL-35,485,0
2025-11-02,HMRL-47,314,0
2025-11-02,HMRL-56,473,0
2025-11-02,HMRL-41,497,0
2025-11-02,HMRL-19,463,0
2025-11-02,HMRL-15,320,0
2025-11-02,HMRL-54,316,0
2025-11-02,HMRL-52,490,0
2025-11-02,HMRL-13,386,0
2025-11-02,HMRL-60,447,0
2025-11-02,HMRL-10,424,0
2025-11-02,HMRL-25,404,0
2025-11-02,HMRL-42,404,0
2025-11-02,HMRL-07,383,0
2025-11-02,HMRL-55,447,0
2025-11-02,HMRL-22,300,0
2025-11-02,HMRL-53,303,0
2025-11-02,HMRL-18,398,0
2025-11-02,HMRL-38,304,0
2025-11-02,HMRL-04,424,0
2025-11-02,HMRL-37,414,2
2025-11-02,HMRL-11,432,0
2025-11-02,HMRL-26,384,0
2025-11-02,HMRL-51,313,0
2025-11-02,HMRL-58,310,0
2025-11-02,HMRL-59,361,0
2025-11-02,HMRL-33,302,0
2025-11-02,HMRL-34,333,0
2025-11-02,HMRL-31,464,0
2025-11-02,HMRL-20,462,0
2025-11-02,HMRL-21,302,0
2025-11-02,HMRL-30,450,0
2025-11-02,HMRL-02,355,0
2025-11-02,HMRL-43,451,0
2025-11-02,HMRL-48,342,1
2025-11-01,HMRL-10,311,0
2025-11-01,HMRL-24,491,0
2025-11-01,HMRL-09,454,0
2025-11-01,HMRL-02,373,0
2025-11-01,HMRL-39,357,0
2025-11-01,HMRL-17,331,0
2025-11-01,HMRL-22,461,0
2025-11-01,HMRL-11,483,0
2025-11-01,HMRL-45,399,0
2025-11-01,HMRL-13,389,0
2025-11-01,HMRL-50,372,0
2025-11-01,HMRL-30,372,0
2025-11-01,HMRL-59,401,0
2025-11-01,HMRL-37,340,0
2025-11-01,HMRL-49,452,0
2025-11-01,HMRL-52,394,0
2025-11-01,HMRL-56,426,0
2025-11-01,HMRL-48,313,0
2025-11-01,HMRL-15,404,0
2025-11-01,HMRL-08,360,0
2025-11-01,HMRL-47,404,0
2025-11-01,HMRL-12,407,0
2025-11-01,HMRL-26,379,0
2025-11-01,HMRL-03,307,0
2025-11-01,HMRL-04,375,0
2025-11-01,HMRL-35,463,0
2025-11-01,HMRL-28,407,0
2025-11-01,HMRL-40,403,0
2025-11-01,HMRL-58,316,0
2025-11-01,HMRL-34,393,0
2025-11-01,HMRL-42,350,0
2025-11-01,HMRL-44,317,0
2025-11-01,HMRL-27,473,0
2025-11-01,HMRL-16,323,0
2025-11-01,HMRL-60,324,0
2025-11-01,HMRL-54,313,0
2025-11-01,HMRL-53,412,0
2025-11-01,HMRL-32,395,0
2025-11-01,HMRL-23,365,0
2025-11-01,HMRL-21,353,0
2025-11-01,HMRL-19,383,0
2025-11-01,HMRL-05,445,0
2025-10-31,HMRL-17,697,0
2025-10-31,HMRL-47,562,0
2025-10-31,HMRL-48,677,0
2025-10-31,HMRL-24,621,0
2025-10-31,HMRL-14,522,0
2025-10-31,HMRL-07,562,0
2025-10-31,HMRL-44,664,0
2025-10-31,HMRL-52,547,0
2025-10-31,HMRL-21,654,0
2025-10-31,HMRL-45,625,0
2025-10-31,HMRL-30,548,0
2025-10-31,HMRL-38,536,0
2025-10-31,HMRL-04,654,0
2025-10-31,HMRL-53,554,0
2025-10-31,HMRL-50,534,0
2025-10-31,HMRL-08,603,0
2025-10-31,HMRL-37,510,0
2025-10-31,HMRL-06,643,0
2025-10-31,HMRL-42,582,0
2025-10-31,HMRL-34,541,0
2025-10-31,HMRL-54,617,0
2025-10-31,HMRL-35,651,0
2025-10-31,HMRL-26,566,0
2025-10-31,HMRL-28,621,0
2025-10-31,HMRL-20,659,0
2025-10-31,HMRL-49,540,0
2025-10-31,HMRL-56,636,0
2025-10-31,HMRL-40,666,0
2025-10-31,HMRL-22,534,0
2025-10-31,HMRL-13,546,0
2025-10-31,HMRL-29,676,0
2025-10-31,HMRL-58,516,0
2025-10-31,HMRL-18,548,0
2025-10-31,HMRL-51,544,0
2025-10-31,HMRL-55,575,0
2025-10-31,HMRL-11,576,0
2025-10-31,HMRL-23,518,0
2025-10-31,HMRL-36,634,0
2025-10-31,HMRL-16,655,0
2025-10-31,HMRL-09,584,0
2025-10-31,HMRL-33,521,0
2025-10-31,HMRL-15,568,0
2025-10-31,HMRL-31,532,0
2025-10-31,HMRL-01,514,0
2025-10-31,HMRL-12,613,0
2025-10-31,HMRL-25,645,0
2025-10-31,HMRL-27,659,0
2025-10-31,HMRL-60,556,0
2025-10-30,HMRL-46,585,0
2025-10-30,HMRL-54,543,0
2025-10-30,HMRL-26,577,0
2025-10-30,HMRL-51,573,0
2025-10-30,HMRL-19,509,0
2025-10-30,HMRL-16,681,0
2025-10-30,HMRL-14,513,0
2025-10-30,HMRL-44,626,0
2025-10-30,HMRL-10,672,0
2025-10-30,HMRL-12,611,0
2025-10-30,HMRL-50,694,0
2025-10-30,HMRL-49,542,0
2025-10-30,HMRL-28,607,0
2025-10-30,HMRL-41,645,0
2025-10-30,HMRL-52,610,0
2025-10-30,HMRL-09,503,0
2025-10-30,HMRL-32,562,0
2025-10-30,HMRL-29,548,0
2025-10-30,HMRL-30,669,0
2025-10-30,HMRL-42,662,0
2025-10-30,HMRL-59,603,0
2025-10-30,HMRL-40,567,0
2025-10-30,HMRL-05,686,0
2025-10-30,HMRL-27,568,0
2025-10-30,HMRL-33,624,0
2025-10-30,HMRL-03,553,0
2025-10-30,HMRL-58,555,0
2025-10-30,HMRL-34,678,0
2025-10-30,HMRL-20,673,0
2025-10-30,HMRL-24,647,0
2025-10-30,HMRL-55,681,0
2025-10-30,HMRL-01,653,0
2025-10-30,HMRL-36,565,0
2025-10-30,HMRL-15,680,0
2025-10-30,HMRL-43,508,0
2025-10-30,HMRL-07,658,0
2025-10-30,HMRL-18,580,0
2025-10-30,HMRL-57,679,0
2025-10-30,HMRL-02,553,0
2025-10-30,HMRL-08,606,0
2025-10-30,HMRL-13,611,0
2025-10-30,HMRL-22,532,0
2025-10-29,HMRL-38,683,0
2025-10-29,HMRL-17,629,0
2025-10-29,HMRL-58,516,0
2025-10-29,HMRL-25,698,0
2025-10-29,HMRL-07,536,0
2025-10-29,HMRL-09,532,0
2025-10-29,HMRL-56,634,0
2025-10-29,HMRL-11,666,0
2025-10-29,HMRL-46,584,0
2025-10-29,HMRL-36,574,0
2025-10-29,HMRL-60,598,0
2025-10-29,HMRL-52,687,0
2025-10-29,HMRL-35,685,0
2025-10-29,HMRL-42,664,0
2025-10-29,HMRL-05,578,0
2025-10-29,HMRL-43,647,0
2025-10-29,HMRL-54,569,0
2025-10-29,HMRL-22,692,0
2025-10-29,HMRL-40,631,0
2025-10-29,HMRL-19,613,0
2025-10-29,HMRL-51,645,0
2025-10-29,HMRL-45,599,0
2025-10-29,HMRL-15,673,0
2025-10-29,HMRL-59,500,0
2025-10-29,HMRL-02,613,0
2025-10-29,HMRL-01,601,0
2025-10-29,HMRL-49,512,0
2025-10-29,HMRL-12,515,0
2025-10-29,HMRL-29,536,0
2025-10-29,HMRL-14,598,0
2025-10-29,HMRL-24,501,0
2025-10-29,HMRL-23,582,0
2025-10-29,HMRL-06,581,0
2025-10-29,HMRL-34,675,0
2025-10-29,HMRL-44,571,0
2025-10-29,HMRL-41,670,0
2025-10-29,HMRL-37,602,0
2025-10-29,HMRL-32,692,0
2025-10-29,HMRL-10,626,0
2025-10-29,HMRL-16,544,0
2025-10-29,HMRL-39,610,0
2025-10-29,HMRL-28,501,0
2025-10-29,HMRL-57,586,0
2025-10-29,HMRL-53,606,0
2025-10-29,HMRL-13,533,0
2025-10-28,HMRL-23,659,0
2025-10-28,HMRL-05,568,0
2025-10-28,HMRL-27,554,0
2025-10-28,HMRL-25,605,0
2025-10-28,HMRL-60,677,0
2025-10-28,HMRL-17,512,0
2025-10-28,HMRL-21,688,0
2025-10-28,HMRL-07,507,0
2025-10-28,HMRL-10,698,0
2025-10-28,HMRL-12,691,0
2025-10-28,HMRL-55,648,1
2025-10-28,HMRL-20,663,0
2025-10-28,HMRL-50,652,0
2025-10-28,HMRL-59,647,0
2025-10-28,HMRL-33,534,0
2025-10-28,HMRL-38,586,0
2025-10-28,HMRL-40,642,0
2025-10-28,HMRL-31,553,0
2025-10-28,HMRL-19,656,0
2025-10-28,HMRL-01,503,0
2025-10-28,HMRL-52,510,0
2025-10-28,HMRL-13,590,0
2025-10-28,HMRL-39,596,0
2025-10-28,HMRL-34,625,0
2025-10-28,HMRL-58,630,0
2025-10-28,HMRL-35,503,0
2025-10-28,HMRL-28,627,0
2025-10-28,HMRL-02,557,0
2025-10-28,HMRL-15,673,0
2025-10-28,HMRL-36,660,0
2025-10-28,HMRL-11,511,0
2025-10-28,HMRL-43,610,1
2025-10-28,HMRL-16,564,0
2025-10-28,HMRL-46,666,0
2025-10-28,HMRL-24,511,0
2025-10-28,HMRL-03,523,0
2025-10-28,HMRL-32,635,0
2025-10-28,HMRL-41,695,0
2025-10-28,HMRL-08,633,0
2025-10-28,HMRL-14,504,0
2025-10-28,HMRL-53,579,0
2025-10-28,HMRL-29,558,0
2025-10-27,HMRL-43,632,0
2025-10-27,HMRL-30,613,0
2025-10-27,HMRL-31,500,0
2025-10-27,HMRL-19,546,0
2025-10-27,HMRL-35,554,0
2025-10-27,HMRL-28,664,0
2025-10-27,HMRL-59,522,0
2025-10-27,HMRL-24,635,0
2025-10-27,HMRL-40,695,0
2025-10-27,HMRL-53,638,0
2025-10-27,HMRL-08,575,0
2025-10-27,HMRL-60,597,0
2025-10-27,HMRL-20,587,0
2025-10-27,HMRL-05,606,0
2025-10-27,HMRL-33,651,0
2025-10-27,HMRL-55,607,0
2025-10-27,HMRL-18,560,0
2025-10-27,HMRL-34,685,0
2025-10-27,HMRL-11,667,0
2025-10-27,HMRL-13,615,0
2025-10-27,HMRL-01,648,0
2025-10-27,HMRL-46,543,0
2025-10-27,HMRL-49,673,0
2025-10-27,HMRL-09,514,1
2025-10-27,HMRL-21,695,0
2025-10-27,HMRL-38,580,0
2025-10-27,HMRL-26,682,0
2025-10-27,HMRL-39,663,0
2025-10-27,HMRL-44,671,0
2025-10-27,HMRL-04,571,0
2025-10-27,HMRL-57,614,0
2025-10-27,HMRL-14,680,0
2025-10-27,HMRL-06,660,0
2025-10-27,HMRL-50,607,0
2025-10-27,HMRL-36,580,0
2025-10-27,HMRL-25,634,1
2025-10-27,HMRL-27,639,0
2025-10-27,HMRL-45,675,0
2025-10-27,HMRL-29,553,0
2025-10-27,HMRL-52,516,0
2025-10-27,HMRL-12,516,0
2025-10-27,HMRL-32,654,0
2025-10-27,HMRL-41,594,0
2025-10-27,HMRL-37,655,0
2025-10-27,HMRL-23,660,0
2025-10-27,HMRL-51,603,0
2025-10-27,HMRL-07,553,0
2025-10-27,HMRL-15,640,0
2025-10-27,HMRL-47,605,0
2025-10-26,HMRL-56,330,0
2025-10-26,HMRL-10,356,0
2025-10-26,HMRL-02,337,0
2025-10-26,HMRL-44,336,0
2025-10-26,HMRL-31,455,0
2025-10-26,HMRL-26,357,0
2025-10-26,HMRL-06,480,0
2025-10-26,HMRL-59,411,0
2025-10-26,HMRL-16,455,0
2025-10-26,HMRL-38,311,0
2025-10-26,HMRL-55,380,0
2025-10-26,HMRL-57,417,0
2025-10-26,HMRL-07,405,0
2025-10-26,HMRL-12,500,0
2025-10-26,HMRL-08,357,0
2025-10-26,HMRL-41,348,0
2025-10-26,HMRL-43,476,0
2025-10-26,HMRL-39,424,0
2025-10-26,HMRL-58,489,0
2025-10-26,HMRL-45,343,0
2025-10-26,HMRL-22,468,0
2025-10-26,HMRL-54,355,0
2025-10-26,HMRL-36,384,0
2025-10-26,HMRL-35,310,0
2025-10-26,HMRL-48,496,0
2025-10-26,HMRL-53,473,0
2025-10-26,HMRL-34,391,0
2025-10-26,HMRL-25,323,0
2025-10-26,HMRL-51,458,0
2025-10-26,HMRL-17,489,0
2025-10-26,HMRL-33,370,0
2025-10-26,HMRL-05,371,0
2025-10-26,HMRL-27,379,0
2025-10-26,HMRL-50,430,0
2025-10-26,HMRL-01,326,0
2025-10-26,HMRL-21,379,2
2025-10-26,HMRL-52,313,0
2025-10-26,HMRL-28,479,0
2025-10-26,HMRL-13,339,0
2025-10-26,HMRL-40,465,0
2025-10-26,HMRL-20,312,0
2025-10-26,HMRL-42,437,0
2025-10-25,HMRL-21,334,0
2025-10-25,HMRL-41,422,0
2025-10-25,HMRL-49,427,0
2025-10-25,HMRL-26,353,0
2025-10-25,HMRL-53,390,0
2025-10-25,HMRL-50,427,0
2025-10-25,HMRL-35,480,0
2025-10-25,HMRL-39,453,0
2025-10-25,HMRL-05,471,0
2025-10-25,HMRL-48,412,0
2025-10-25,HMRL-03,430,0
2025-10-25,HMRL-38,443,0
2025-10-25,HMRL-59,353,0
2025-10-25,HMRL-29,334,0
2025-10-25,HMRL-47,322,0
2025-10-25,HMRL-40,394,0
2025-10-25,HMRL-46,469,0
2025-10-25,HMRL-54,341,0
2025-10-25,HMRL-04,358,0
2025-10-25,HMRL-10,376,0
2025-10-25,HMRL-15,488,0
2025-10-25,HMRL-20,440,0
2025-10-25,HMRL-18,489,0
2025-10-25,HMRL-23,363,0
2025-10-25,HMRL-28,399,0
2025-10-25,HMRL-33,353,0
2025-10-25,HMRL-19,398,0
2025-10-25,HMRL-17,481,0
2025-10-25,HMRL-27,345,0
2025-10-25,HMRL-16,388,0
2025-10-25,HMRL-34,446,0
2025-10-25,HMRL-57,372,0
2025-10-25,HMRL-51,460,0
2025-10-25,HMRL-01,489,0
2025-10-25,HMRL-25,456,0
2025-10-25,HMRL-08,316,0
2025-10-25,HMRL-14,386,0
2025-10-25,HMRL-24,342,0
2025-10-25,HMRL-36,403,0
2025-10-25,HMRL-32,318,0
2025-10-25,HMRL-55,373,0
2025-10-25,HMRL-37,325,0
2025-10-25,HMRL-07,495,0
2025-10-24,HMRL-43,500,0
2025-10-24,HMRL-31,580,0
2025-10-24,HMRL-25,561,0
2025-10-24,HMRL-45,508,0
2025-10-24,HMRL-04,532,0
2025-10-24,HMRL-46,678,0
2025-10-24,HMRL-38,568,0
2025-10-24,HMRL-17,639,2
2025-10-24,HMRL-36,553,0
2025-10-24,HMRL-14,608,0
2025-10-24,HMRL-57,607,0
2025-10-24,HMRL-32,658,0
2025-10-24,HMRL-29,524,0
2025-10-24,HMRL-19,615,0
2025-10-24,HMRL-02,583,0
2025-10-24,HMRL-09,577,0
2025-10-24,HMRL-54,603,0
2025-10-24,HMRL-50,575,0
2025-10-24,HMRL-35,562,0
2025-10-24,HMRL-26,589,0
2025-10-24,HMRL-47,601,0
2025-10-24,HMRL-16,611,0
2025-10-24,HMRL-13,535,0
2025-10-24,HMRL-55,596,0
2025-10-24,HMRL-10,528,0
2025-10-24,HMRL-28,563,0
2025-10-24,HMRL-23,532,0
2025-10-24,HMRL-37,517,0
2025-10-24,HMRL-58,700,0
2025-10-24,HMRL-34,688,0
2025-10-24,HMRL-27,597,0
2025-10-24,HMRL-06,662,0
2025-10-24,HMRL-56,649,0
2025-10-24,HMRL-18,663,0
2025-10-24,HMRL-07,675,0
2025-10-24,HMRL-51,567,0
2025-10-24,HMRL-44,576,0
2025-10-24,HMRL-15,506,0
2025-10-24,HMRL-59,640,0
2025-10-24,HMRL-42,545,0
2025-10-24,HMRL-20,585,0
2025-10-24,HMRL-24,686,0
2025-10-24,HMRL-49,553,0
2025-10-24,HMRL-30,700,0
2025-10-24,HMRL-53,699,0
2025-10-24,HMRL-33,674,0
2025-10-23,HMRL-26,611,0
2025-10-23,HMRL-31,631,0
2025-10-23,HMRL-10,678,0
2025-10-23,HMRL-12,595,0
2025-10-23,HMRL-35,515,0
2025-10-23,HMRL-56,678,0
2025-10-23,HMRL-15,562,0
2025-10-23,HMRL-37,552,0
2025-10-23,HMRL-01,583,0
2025-10-23,HMRL-20,516,0
2025-10-23,HMRL-59,610,0
2025-10-23,HMRL-49,605,0
2025-10-23,HMRL-16,526,0
2025-10-23,HMRL-54,503,0
2025-10-23,HMRL-05,640,0
2025-10-23,HMRL-17,511,0
2025-10-23,HMRL-24,603,0
2025-10-23,HMRL-18,581,0
2025-10-23,HMRL-25,532,0
2025-10-23,HMRL-06,616,0
2025-10-23,HMRL-44,604,0
2025-10-23,HMRL-50,666,0
2025-10-23,HMRL-19,536,0
2025-10-23,HMRL-13,648,0
2025-10-23,HMRL-58,562,0
2025-10-23,HMRL-23,684,2
2025-10-23,HMRL-41,545,0
2025-10-23,HMRL-08,550,0
2025-10-23,HMRL-45,547,0
2025-10-23,HMRL-55,547,0
2025-10-23,HMRL-60,610,0
2025-10-23,HMRL-38,665,0
2025-10-23,HMRL-47,585,0
2025-10-23,HMRL-32,504,0
2025-10-23,HMRL-27,535,0
2025-10-23,HMRL-28,689,0
2025-10-23,HMRL-29,574,0
2025-10-23,HMRL-11,506,0
2025-10-23,HMRL-07,622,0
2025-10-23,HMRL-03,565,0
2025-10-23,HMRL-46,650,0
2025-10-23,HMRL-52,504,0
2025-10-23,HMRL-36,602,0
2025-10-23,HMRL-40,563,0
2025-10-23,HMRL-39,689,0
2025-10-23,HMRL-51,532,0
2025-10-23,HMRL-04,534,0
2025-10-23,HMRL-33,508,0
2025-10-23,HMRL-53,559,0
2025-10-23,HMRL-48,650,0
2025-10-22,HMRL-04,547,0
2025-10-22,HMRL-24,576,0
2025-10-22,HMRL-25,576,0
2025-10-22,HMRL-09,609,0
2025-10-22,HMRL-42,544,0
2025-10-22,HMRL-02,631,0
2025-10-22,HMRL-07,549,0
2025-10-22,HMRL-43,690,1
2025-10-22,HMRL-48,591,0
2025-10-22,HMRL-40,692,0
2025-10-22,HMRL-49,671,0
2025-10-22,HMRL-03,562,0
2025-10-22,HMRL-05,646,0
2025-10-22,HMRL-08,660,0
2025-10-22,HMRL-14,659,0
2025-10-22,HMRL-17,559,0
2025-10-22,HMRL-35,698,0
2025-10-22,HMRL-20,676,0
2025-10-22,HMRL-46,598,0
2025-10-22,HMRL-15,603,0
2025-10-22,HMRL-37,585,0
2025-10-22,HMRL-54,516,0
2025-10-22,HMRL-13,695,0
2025-10-22,HMRL-41,540,0
2025-10-22,HMRL-12,563,0
2025-10-22,HMRL-59,630,2
2025-10-22,HMRL-36,606,0
2025-10-22,HMRL-58,568,0
2025-10-22,HMRL-47,594,0
2025-10-22,HMRL-26,603,0
2025-10-22,HMRL-39,678,0
2025-10-22,HMRL-06,573,0
2025-10-22,HMRL-32,699,0
2025-10-22,HMRL-44,569,0
2025-10-22,HMRL-53,600,0
2025-10-22,HMRL-57,581,0
2025-10-22,HMRL-11,586,0
2025-10-22,HMRL-56,648,0
2025-10-22,HMRL-22,679,0
2025-10-22,HMRL-10,532,0
2025-10-22,HMRL-27,696,0
2025-10-22,HMRL-52,586,0
2025-10-22,HMRL-30,539,0
2025-10-22,HMRL-21,681,0
2025-10-21,HMRL-32,672,0
2025-10-21,HMRL-38,521,0
2025-10-21,HMRL-10,700,0
2025-10-21,HMRL-20,550,0
2025-10-21,HMRL-07,522,0
2025-10-21,HMRL-22,553,0
2025-10-21,HMRL-31,597,0
2025-10-21,HMRL-06,698,0
2025-10-21,HMRL-11,501,0
2025-10-21,HMRL-42,570,0
2025-10-21,HMRL-30,608,0
2025-10-21,HMRL-51,641,0
2025-10-21,HMRL-45,504,0
2025-10-21,HMRL-27,535,0
2025-10-21,HMRL-13,570,0
2025-10-21,HMRL-41,530,0
2025-10-21,HMRL-36,531,0
2025-10-21,HMRL-15,601,0
2025-10-21,HMRL-21,651,0
2025-10-21,HMRL-18,700,0
2025-10-21,HMRL-14,601,0
2025-10-21,HMRL-19,664,0
2025-10-21,HMRL-47,536,0
2025-10-21,HMRL-44,662,0
2025-10-21,HMRL-55,679,0
2025-10-21,HMRL-33,692,0
2025-10-21,HMRL-28,548,0
2025-10-21,HMRL-16,617,0
2025-10-21,HMRL-02,649,0
2025-10-21,HMRL-40,650,0
2025-10-21,HMRL-26,576,0
2025-10-21,HMRL-04,646,0
2025-10-21,HMRL-46,670,0
2025-10-21,HMRL-24,546,0
2025-10-21,HMRL-48,679,0
2025-10-21,HMRL-05,683,0
2025-10-21,HMRL-58,617,0
2025-10-21,HMRL-39,604,0
2025-10-21,HMRL-35,672,0
2025-10-21,HMRL-23,640,0
2025-10-21,HMRL-08,584,0
2025-10-21,HMRL-50,528,2
2025-10-21,HMRL-03,527,0
2025-10-21,HMRL-54,697,0
2025-10-21,HMRL-29,529,0
2025-10-21,HMRL-53,683,0
2025-10-21,HMRL-17,654,0
2025-10-21,HMRL-37,649,1
2025-10-20,HMRL-15,538,0
2025-10-20,HMRL-60,606,0
2025-10-20,HMRL-18,530,0
2025-10-20,HMRL-58,639,0
2025-10-20,HMRL-14,691,0
2025-10-20,HMRL-31,658,0
2025-10-20,HMRL-43,563,0
2025-10-20,HMRL-27,531,0
2025-10-20,HMRL-55,697,0
2025-10-20,HMRL-54,628,0
2025-10-20,HMRL-56,584,0
2025-10-20,HMRL-44,566,0
2025-10-20,HMRL-57,515,0
2025-10-20,HMRL-35,550,0
2025-10-20,HMRL-07,622,0
2025-10-20,HMRL-19,671,0
2025-10-20,HMRL-03,651,0
2025-10-20,HMRL-37,639,0
2025-10-20,HMRL-47,520,0
2025-10-20,HMRL-17,623,0
2025-10-20,HMRL-06,679,0
2025-10-20,HMRL-04,626,0
2025-10-20,HMRL-05,534,0
2025-10-20,HMRL-28,525,0
2025-10-20,HMRL-32,579,0
2025-10-20,HMRL-50,504,0
2025-10-20,HMRL-49,577,0
2025-10-20,HMRL-38,671,0
2025-10-20,HMRL-41,541,0
2025-10-20,HMRL-30,633,0
2025-10-20,HMRL-48,667,0
2025-10-20,HMRL-34,523,0
2025-10-20,HMRL-39,636,0
2025-10-20,HMRL-13,661,0
2025-10-20,HMRL-01,534,0
2025-10-20,HMRL-10,678,2
2025-10-20,HMRL-45,554,0
2025-10-20,HMRL-21,621,0
2025-10-20,HMRL-24,594,0
2025-10-20,HMRL-29,575,0
2025-10-20,HMRL-26,548,0
2025-10-20,HMRL-02,561,0
2025-10-20,HMRL-25,520,0
2025-10-20,HMRL-40,577,0
2025-10-20,HMRL-22,528,0
2025-10-19,HMRL-08,449,0
2025-10-19,HMRL-51,480,0
2025-10-19,HMRL-37,433,0
2025-10-19,HMRL-19,391,0
2025-10-19,HMRL-11,454,0
2025-10-19,HMRL-16,445,0
2025-10-19,HMRL-42,453,0
2025-10-19,HMRL-10,314,0
2025-10-19,HMRL-60,460,0
2025-10-19,HMRL-23,387,0
2025-10-19,HMRL-57,389,0
2025-10-19,HMRL-04,402,0
2025-10-19,HMRL-05,393,0
2025-10-19,HMRL-46,375,0
2025-10-19,HMRL-55,347,0
2025-10-19,HMRL-06,485,0
2025-10-19,HMRL-22,339,0
2025-10-19,HMRL-14,334,0
2025-10-19,HMRL-44,392,0
2025-10-19,HMRL-49,306,0
2025-10-19,HMRL-27,302,0
2025-10-19,HMRL-39,469,0
2025-10-19,HMRL-28,467,0
2025-10-19,HMRL-12,328,0
2025-10-19,HMRL-25,301,0
2025-10-19,HMRL-48,396,0
2025-10-19,HMRL-40,407,0
2025-10-19,HMRL-17,366,1
2025-10-19,HMRL-59,413,0
2025-10-19,HMRL-56,326,0
2025-10-19,HMRL-45,300,0
2025-10-19,HMRL-31,405,0
2025-10-19,HMRL-30,453,0
2025-10-19,HMRL-36,494,0
2025-10-19,HMRL-21,334,0
2025-10-19,HMRL-47,301,0
2025-10-19,HMRL-24,343,0
2025-10-19,HMRL-53,484,0
2025-10-19,HMRL-03,389,0
2025-10-19,HMRL-01,468,0
2025-10-19,HMRL-35,358,0
2025-10-19,HMRL-58,337,0
2025-10-19,HMRL-32,442,0
2025-10-19,HMRL-34,303,0
2025-10-19,HMRL-54,420,0
2025-10-19,HMRL-15,339,0
2025-10-19,HMRL-50,391,0
2025-10-19,HMRL-52,451,0
2025-10-18,HMRL-01,307,0
2025-10-18,HMRL-18,438,0
2025-10-18,HMRL-06,376,0
2025-10-18,HMRL-03,373,0
2025-10-18,HMRL-47,482,0
2025-10-18,HMRL-49,362,0
2025-10-18,HMRL-36,456,0
2025-10-18,HMRL-59,494,0
2025-10-18,HMRL-29,495,0
2025-10-18,HMRL-39,324,0
2025-10-18,HMRL-08,367,0
2025-10-18,HMRL-15,442,0
2025-10-18,HMRL-24,416,0
2025-10-18,HMRL-07,460,0
2025-10-18,HMRL-46,309,0
2025-10-18,HMRL-50,464,0
2025-10-18,HMRL-16,442,0
2025-10-18,HMRL-23,357,0
2025-10-18,HMRL-02,388,0
2025-10-18,HMRL-21,443,0
2025-10-18,HMRL-13,306,0
2025-10-18,HMRL-41,358,0
2025-10-18,HMRL-52,449,0
2025-10-18,HMRL-10,470,0
2025-10-18,HMRL-11,356,0
2025-10-18,HMRL-34,458,0
2025-10-18,HMRL-09,483,0
2025-10-18,HMRL-60,361,0
2025-10-18,HMRL-28,403,0
2025-10-18,HMRL-37,303,0
2025-10-18,HMRL-04,384,0
2025-10-18,HMRL-51,388,0
2025-10-18,HMRL-43,500,0
2025-10-18,HMRL-22,446,0
2025-10-18,HMRL-12,496,1
2025-10-18,HMRL-44,347,0
2025-10-18,HMRL-53,488,0
2025-10-18,HMRL-42,410,0
2025-10-18,HMRL-20,312,0
2025-10-18,HMRL-55,391,0
2025-10-18,HMRL-17,433,0
2025-10-18,HMRL-45,439,0
2025-10-17,HMRL-05,546,0
2025-10-17,HMRL-47,502,0
2025-10-17,HMRL-04,672,0
2025-10-17,HMRL-25,690,0
2025-10-17,HMRL-22,564,0
2025-10-17,HMRL-27,577,0
2025-10-17,HMRL-30,696,0
2025-10-17,HMRL-16,681,0
2025-10-17,HMRL-15,528,0
2025-10-17,HMRL-29,587,0
2025-10-17,HMRL-49,601,0
2025-10-17,HMRL-18,583,0
2025-10-17,HMRL-24,580,0
2025-10-17,HMRL-51,649,0
2025-10-17,HMRL-03,598,0
2025-10-17,HMRL-06,627,0
2025-10-17,HMRL-26,596,0
2025-10-17,HMRL-21,594,0
2025-10-17,HMRL-10,561,0
2025-10-17,HMRL-59,554,0
2025-10-17,HMRL-55,536,0
2025-10-17,HMRL-45,586,0
2025-10-17,HMRL-52,574,0
2025-10-17,HMRL-40,556,0
2025-10-17,HMRL-36,582,0
2025-10-17,HMRL-60,535,0
2025-10-17,HMRL-20,557,0
2025-10-17,HMRL-58,535,0
2025-10-17,HMRL-09,600,0
2025-10-17,HMRL-12,676,0
2025-10-17,HMRL-08,523,0
2025-10-17,HMRL-43,525,0
2025-10-17,HMRL-01,540,0
2025-10-17,HMRL-17,533,0
2025-10-17,HMRL-32,618,0
2025-10-17,HMRL-07,696,0
2025-10-17,HMRL-53,530,0
2025-10-17,HMRL-13,561,0
2025-10-17,HMRL-34,603,0
2025-10-17,HMRL-56,553,0
2025-10-17,HMRL-39,501,0
2025-10-17,HMRL-23,532,0
2025-10-17,HMRL-42,692,0
2025-10-17,HMRL-44,559,0
2025-10-17,HMRL-50,628,0
2025-10-17,HMRL-54,591,0
2025-10-17,HMRL-19,607,0
2025-10-17,HMRL-38,649,0
2025-10-16,HMRL-14,521,0
2025-10-16,HMRL-24,666,0
2025-10-16,HMRL-40,619,0
2025-10-16,HMRL-15,636,0
2025-10-16,HMRL-32,572,0
2025-10-16,HMRL-39,574,0
2025-10-16,HMRL-56,573,0
2025-10-16,HMRL-06,613,1
2025-10-16,HMRL-55,657,0
2025-10-16,HMRL-04,693,0
2025-10-16,HMRL-01,673,0
2025-10-16,HMRL-51,526,0
2025-10-16,HMRL-42,671,0
2025-10-16,HMRL-02,627,0
2025-10-16,HMRL-12,607,0
2025-10-16,HMRL-38,587,0
2025-10-16,HMRL-48,620,0
2025-10-16,HMRL-22,694,0
2025-10-16,HMRL-28,532,0
2025-10-16,HMRL-07,641,0
2025-10-16,HMRL-25,679,0
2025-10-16,HMRL-10,622,0
2025-10-16,HMRL-46,604,0
2025-10-16,HMRL-43,684,0
2025-10-16,HMRL-58,539,0
2025-10-16,HMRL-18,517,0
2025-10-16,HMRL-54,600,0
2025-10-16,HMRL-05,640,0
2025-10-16,HMRL-59,613,0
2025-10-16,HMRL-45,622,0
2025-10-16,HMRL-20,552,0
2025-10-16,HMRL-52,534,0
2025-10-16,HMRL-50,675,0
2025-10-16,HMRL-34,638,0
2025-10-16,HMRL-57,539,0
2025-10-16,HMRL-19,662,0
2025-10-16,HMRL-30,572,0
2025-10-16,HMRL-33,594,0
2025-10-16,HMRL-08,627,0
2025-10-16,HMRL-44,573,0
2025-10-16,HMRL-29,655,0
2025-10-16,HMRL-31,505,2
2025-10-16,HMRL-41,562,0
2025-10-16,HMRL-23,586,0
2025-10-16,HMRL-37,562,0
2025-10-15,HMRL-37,679,0
2025-10-15,HMRL-59,574,0
2025-10-15,HMRL-45,613,0
2025-10-15,HMRL-10,556,0
2025-10-15,HMRL-56,594,0
2025-10-15,HMRL-16,546,0
2025-10-15,HMRL-58,580,0
2025-10-15,HMRL-54,556,0
2025-10-15,HMRL-05,563,0
2025-10-15,HMRL-14,593,0
2025-10-15,HMRL-57,580,0
2025-10-15,HMRL-17,598,0
2025-10-15,HMRL-28,605,0
2025-10-15,HMRL-23,612,0
2025-10-15,HMRL-39,650,0
2025-10-15,HMRL-43,542,0
2025-10-15,HMRL-41,647,0
2025-10-15,HMRL-33,594,0
2025-10-15,HMRL-25,505,0
2025-10-15,HMRL-42,660,0
2025-10-15,HMRL-40,501,0
2025-10-15,HMRL-51,648,0
2025-10-15,HMRL-09,645,0
2025-10-15,HMRL-31,598,0
2025-10-15,HMRL-35,585,0
2025-10-15,HMRL-49,536,0
2025-10-15,HMRL-07,513,0
2025-10-15,HMRL-32,696,0
2025-10-15,HMRL-13,614,0
2025-10-15,HMRL-26,682,0
2025-10-15,HMRL-22,652,0
2025-10-15,HMRL-55,689,0
2025-10-15,HMRL-46,505,0
2025-10-15,HMRL-11,649,0
2025-10-15,HMRL-19,565,0
2025-10-15,HMRL-03,568,0
2025-10-15,HMRL-27,518,0
2025-10-15,HMRL-34,528,0
2025-10-15,HMRL-36,700,0
2025-10-15,HMRL-52,501,0
2025-10-15,HMRL-02,550,0
2025-10-15,HMRL-04,626,0
2025-10-15,HMRL-60,676,0
2025-10-15,HMRL-38,679,0
2025-10-15,HMRL-01,678,2
2025-10-15,HMRL-48,626,0
2025-10-15,HMRL-47,618,0
2025-10-15,HMRL-53,535,0
2025-10-15,HMRL-06,633,0
2025-10-15,HMRL-44,667,0
2025-10-14,HMRL-42,684,0
2025-10-14,HMRL-40,574,0
2025-10-14,HMRL-34,568,0
2025-10-14,HMRL-09,564,0
2025-10-14,HMRL-06,639,0
2025-10-14,HMRL-19,692,0
2025-10-14,HMRL-29,615,0
2025-10-14,HMRL-36,597,1
2025-10-14,HMRL-44,542,0
2025-10-14,HMRL-10,676,0
2025-10-14,HMRL-50,603,0
2025-10-14,HMRL-16,689,0
2025-10-14,HMRL-13,678,0
2025-10-14,HMRL-54,502,0
2025-10-14,HMRL-60,663,0
2025-10-14,HMRL-51,655,0
2025-10-14,HMRL-04,611,0
2025-10-14,HMRL-37,653,0
2025-10-14,HMRL-18,643,0
2025-10-14,HMRL-21,607,0
2025-10-14,HMRL-05,683,0
2025-10-14,HMRL-26,529,0
2025-10-14,HMRL-32,537,0
2025-10-14,HMRL-39,594,0
2025-10-14,HMRL-47,523,0
2025-10-14,HMRL-01,555,0
2025-10-14,HMRL-43,667,0
2025-10-14,HMRL-48,500,2
2025-10-14,HMRL-27,574,0
2025-10-14,HMRL-41,621,0
2025-10-14,HMRL-08,635,0
2025-10-14,HMRL-22,681,0
2025-10-14,HMRL-59,638,0
2025-10-14,HMRL-58,555,0
2025-10-14,HMRL-38,687,0
2025-10-14,HMRL-17,663,0
2025-10-14,HMRL-14,688,0
2025-10-14,HMRL-07,517,0
2025-10-14,HMRL-35,561,0
2025-10-14,HMRL-52,630,0
2025-10-14,HMRL-03,675,0
2025-10-14,HMRL-28,584,0
2025-10-14,HMRL-55,662,0
2025-10-14,HMRL-53,570,0
2025-10-14,HMRL-02,555,0
2025-10-13,HMRL-21,682,0
2025-10-13,HMRL-23,669,0
2025-10-13,HMRL-33,605,1
2025-10-13,HMRL-04,684,0
2025-10-13,HMRL-13,507,0
2025-10-13,HMRL-03,637,0
2025-10-13,HMRL-40,548,0
2025-10-13,HMRL-41,664,0
2025-10-13,HMRL-01,650,0
2025-10-13,HMRL-07,583,0
2025-10-13,HMRL-26,538,0
2025-10-13,HMRL-34,563,0
2025-10-13,HMRL-60,561,0
2025-10-13,HMRL-25,648,0
2025-10-13,HMRL-19,697,0
2025-10-13,HMRL-29,541,0
2025-10-13,HMRL-08,599,0
2025-10-13,HMRL-32,536,0
2025-10-13,HMRL-45,698,0
2025-10-13,HMRL-36,585,0
2025-10-13,HMRL-17,517,0
2025-10-13,HMRL-55,638,0
2025-10-13,HMRL-06,608,0
2025-10-13,HMRL-39,624,0
2025-10-13,HMRL-10,553,1
2025-10-13,HMRL-30,551,1
2025-10-13,HMRL-51,587,0
2025-10-13,HMRL-50,618,0
2025-10-13,HMRL-14,693,0
2025-10-13,HMRL-16,651,0
2025-10-13,HMRL-59,665,0
2025-10-13,HMRL-57,581,0
2025-10-13,HMRL-43,689,0
2025-10-13,HMRL-37,542,0
2025-10-13,HMRL-42,632,0
2025-10-13,HMRL-12,576,0
2025-10-13,HMRL-54,561,0
2025-10-13,HMRL-56,548,0
2025-10-13,HMRL-28,501,0
2025-10-13,HMRL-24,644,0
2025-10-13,HMRL-22,532,0
2025-10-13,HMRL-58,502,0
2025-10-13,HMRL-27,695,0
2025-10-13,HMRL-31,642,0
2025-10-13,HMRL-35,542,0
2025-10-13,HMRL-44,621,0
2025-10-13,HMRL-38,691,0
2025-10-13,HMRL-53,529,0
2025-10-13,HMRL-47,694,0
2025-10-12,HMRL-21,396,0
2025-10-12,HMRL-09,456,0
2025-10-12,HMRL-45,497,0
2025-10-12,HMRL-47,497,0
2025-10-12,HMRL-31,375,0
2025-10-12,HMRL-42,474,0
2025-10-12,HMRL-33,360,0
2025-10-12,HMRL-25,499,0
2025-10-12,HMRL-13,304,0
2025-10-12,HMRL-01,393,0
2025-10-12,HMRL-50,372,0
2025-10-12,HMRL-39,472,0
2025-10-12,HMRL-04,482,0
2025-10-12,HMRL-51,499,0
2025-10-12,HMRL-29,351,0
2025-10-12,HMRL-06,346,0
2025-10-12,HMRL-10,322,0
2025-10-12,HMRL-05,494,0
2025-10-12,HMRL-48,459,0
2025-10-12,HMRL-44,417,0
2025-10-12,HMRL-18,422,0
2025-10-12,HMRL-41,407,0
2025-10-12,HMRL-52,426,0
2025-10-12,HMRL-19,450,0
2025-10-12,HMRL-37,384,1
2025-10-12,HMRL-32,311,1
2025-10-12,HMRL-14,338,0
2025-10-12,HMRL-55,307,0
2025-10-12,HMRL-23,334,0
2025-10-12,HMRL-24,443,0
2025-10-12,HMRL-22,353,0
2025-10-12,HMRL-16,419,0
2025-10-12,HMRL-28,453,0
2025-10-12,HMRL-27,442,0
2025-10-12,HMRL-35,352,0
2025-10-12,HMRL-30,373,0
2025-10-12,HMRL-15,482,0
2025-10-12,HMRL-46,425,0
2025-10-12,HMRL-54,453,0
2025-10-12,HMRL-20,372,0
2025-10-12,HMRL-34,420,0
2025-10-12,HMRL-53,364,0
2025-10-12,HMRL-26,481,0
2025-10-12,HMRL-36,405,0
2025-10-11,HMRL-55,322,0
2025-10-11,HMRL-19,443,0
2025-10-11,HMRL-44,371,0
2025-10-11,HMRL-54,336,0
2025-10-11,HMRL-16,329,0
2025-10-11,HMRL-52,466,0
2025-10-11,HMRL-10,314,0
2025-10-11,HMRL-02,478,0
2025-10-11,HMRL-14,360,0
2025-10-11,HMRL-06,407,0
2025-10-11,HMRL-32,355,0
2025-10-11,HMRL-45,482,0
2025-10-11,HMRL-09,351,0
2025-10-11,HMRL-43,322,0
2025-10-11,HMRL-27,314,0
2025-10-11,HMRL-28,450,1
2025-10-11,HMRL-24,450,0
2025-10-11,HMRL-57,441,0
2025-10-11,HMRL-34,329,0
2025-10-11,HMRL-47,379,0
2025-10-11,HMRL-20,436,0
2025-10-11,HMRL-26,344,0
2025-10-11,HMRL-35,359,0
2025-10-11,HMRL-22,371,0
2025-10-11,HMRL-17,453,0
2025-10-11,HMRL-11,459,0
2025-10-11,HMRL-50,459,0
2025-10-11,HMRL-48,312,0
2025-10-11,HMRL-59,480,0
2025-10-11,HMRL-01,413,0
2025-10-11,HMRL-53,322,0
2025-10-11,HMRL-39,406,0
2025-10-11,HMRL-30,436,0
2025-10-11,HMRL-23,306,0
2025-10-11,HMRL-58,321,0
2025-10-11,HMRL-37,335,0
2025-10-11,HMRL-25,409,0
2025-10-11,HMRL-05,389,0
2025-10-11,HMRL-31,494,0
2025-10-11,HMRL-18,499,0
2025-10-11,HMRL-13,478,0
2025-10-11,HMRL-49,496,0
2025-10-11,HMRL-03,300,0
2025-10-11,HMRL-41,483,0
2025-10-11,HMRL-40,322,0
2025-10-11,HMRL-56,440,0
2025-10-11,HMRL-29,472,0
2025-10-11,HMRL-51,362,0
2025-10-10,HMRL-60,698,0
2025-10-10,HMRL-13,541,0
2025-10-10,HMRL-39,602,0
2025-10-10,HMRL-29,540,0
2025-10-10,HMRL-40,610,0
2025-10-10,HMRL-33,631,0
2025-10-10,HMRL-19,631,0
2025-10-10,HMRL-09,549,0
2025-10-10,HMRL-07,601,0
2025-10-10,HMRL-36,601,0
2025-10-10,HMRL-38,583,0
2025-10-10,HMRL-08,640,0
2025-10-10,HMRL-48,654,0
2025-10-10,HMRL-20,682,0
2025-10-10,HMRL-53,655,0
2025-10-10,HMRL-43,649,0
2025-10-10,HMRL-28,581,0
2025-10-10,HMRL-58,527,0
2025-10-10,HMRL-15,587,0
2025-10-10,HMRL-31,622,0
2025-10-10,HMRL-27,611,0
2025-10-10,HMRL-23,654,0
2025-10-10,HMRL-02,597,0
2025-10-10,HMRL-52,640,0
2025-10-10,HMRL-26,642,0
2025-10-10,HMRL-32,689,0
2025-10-10,HMRL-44,581,0
2025-10-10,HMRL-41,681,0
2025-10-10,HMRL-37,574,0
2025-10-10,HMRL-17,612,0
2025-10-10,HMRL-16,699,0
2025-10-10,HMRL-30,623,0
2025-10-10,HMRL-59,548,0
2025-10-10,HMRL-05,535,0
2025-10-10,HMRL-22,590,0
2025-10-10,HMRL-55,589,0
2025-10-10,HMRL-18,636,0
2025-10-10,HMRL-35,520,0
2025-10-10,HMRL-14,578,0
2025-10-10,HMRL-49,510,0
2025-10-10,HMRL-51,698,1
2025-10-10,HMRL-24,547,0
2025-10-10,HMRL-25,652,0
2025-10-10,HMRL-12,546,0
2025-10-10,HMRL-01,614,0
2025-10-10,HMRL-50,625,0
2025-10-10,HMRL-54,618,0
2025-10-10,HMRL-11,660,0
2025-10-10,HMRL-45,504,0
2025-10-09,HMRL-02,598,0
2025-10-09,HMRL-08,608,0
2025-10-09,HMRL-07,679,0
2025-10-09,HMRL-47,615,0
2025-10-09,HMRL-10,620,0
2025-10-09,HMRL-22,688,0
2025-10-09,HMRL-41,506,0
2025-10-09,HMRL-01,583,0
2025-10-09,HMRL-05,700,0
2025-10-09,HMRL-42,664,0
2025-10-09,HMRL-33,578,0
2025-10-09,HMRL-26,669,0
2025-10-09,HMRL-54,594,0
2025-10-09,HMRL-03,673,0
2025-10-09,HMRL-32,626,0
2025-10-09,HMRL-18,684,0
2025-10-09,HMRL-11,626,0
2025-10-09,HMRL-37,592,0
2025-10-09,HMRL-60,564,0
2025-10-09,HMRL-49,556,0
2025-10-09,HMRL-39,685,0
2025-10-09,HMRL-23,609,0
2025-10-09,HMRL-56,637,0
2025-10-09,HMRL-12,607,0
2025-10-09,HMRL-44,631,0
2025-10-09,HMRL-15,691,0
2025-10-09,HMRL-13,629,0
2025-10-09,HMRL-27,575,0
2025-10-09,HMRL-14,558,0
2025-10-09,HMRL-50,590,0
2025-10-09,HMRL-04,609,0
2025-10-09,HMRL-21,606,0
2025-10-09,HMRL-45,555,0
2025-10-09,HMRL-53,600,0
2025-10-09,HMRL-34,632,0
2025-10-09,HMRL-06,539,0
2025-10-09,HMRL-51,617,0
2025-10-09,HMRL-31,634,0
2025-10-09,HMRL-16,630,0
2025-10-09,HMRL-29,574,0
2025-10-09,HMRL-58,697,0
2025-10-09,HMRL-40,604,0
2025-10-09,HMRL-52,656,0
2025-10-09,HMRL-09,668,0
2025-10-09,HMRL-25,564,0
2025-10-08,HMRL-39,585,0
2025-10-08,HMRL-45,589,0
2025-10-08,HMRL-22,509,0
2025-10-08,HMRL-56,676,0
2025-10-08,HMRL-35,501,0
2025-10-08,HMRL-03,587,0
2025-10-08,HMRL-23,643,0
2025-10-08,HMRL-02,553,0
2025-10-08,HMRL-49,516,0
2025-10-08,HMRL-47,618,0
2025-10-08,HMRL-20,697,0
2025-10-08,HMRL-21,672,0
2025-10-08,HMRL-04,557,0
2025-10-08,HMRL-24,658,0
2025-10-08,HMRL-55,694,0
2025-10-08,HMRL-60,520,0
2025-10-08,HMRL-12,685,0
2025-10-08,HMRL-57,528,0
2025-10-08,HMRL-18,668,0
2025-10-08,HMRL-26,507,0
2025-10-08,HMRL-30,542,0
2025-10-08,HMRL-11,547,0
2025-10-08,HMRL-01,567,0
2025-10-08,HMRL-48,611,0
2025-10-08,HMRL-40,597,0
2025-10-08,HMRL-13,670,0
2025-10-08,HMRL-42,677,0
2025-10-08,HMRL-44,557,0
2025-10-08,HMRL-43,641,0
2025-10-08,HMRL-19,589,0
2025-10-08,HMRL-53,587,0
2025-10-08,HMRL-54,566,0
2025-10-08,HMRL-15,610,0
2025-10-08,HMRL-28,654,0
2025-10-08,HMRL-08,660,0
2025-10-08,HMRL-51,559,0
2025-10-08,HMRL-16,520,0
2025-10-08,HMRL-05,577,0
2025-10-08,HMRL-31,591,0
2025-10-08,HMRL-59,675,0
2025-10-08,HMRL-09,616,0
2025-10-08,HMRL-33,695,0
2025-10-08,HMRL-38,621,0
2025-10-08,HMRL-41,527,0
2025-10-08,HMRL-34,551,0
2025-10-08,HMRL-36,564,0
2025-10-08,HMRL-07,535,0
2025-10-08,HMRL-46,670,0
2025-10-07,HMRL-24,680,0
2025-10-07,HMRL-28,612,0
2025-10-07,HMRL-47,525,0
2025-10-07,HMRL-58,694,0
2025-10-07,HMRL-49,700,0
2025-10-07,HMRL-48,698,0
2025-10-07,HMRL-11,642,0
2025-10-07,HMRL-56,509,0
2025-10-07,HMRL-59,588,0
2025-10-07,HMRL-17,523,0
2025-10-07,HMRL-07,666,0
2025-10-07,HMRL-12,537,0
2025-10-07,HMRL-52,562,0
2025-10-07,HMRL-02,593,0
2025-10-07,HMRL-33,641,0
2025-10-07,HMRL-51,684,0
2025-10-07,HMRL-34,563,0
2025-10-07,HMRL-08,620,0
2025-10-07,HMRL-46,594,0
2025-10-07,HMRL-29,619,0
2025-10-07,HMRL-26,656,1
2025-10-07,HMRL-54,574,0
2025-10-07,HMRL-01,691,0
2025-10-07,HMRL-04,566,0
2025-10-07,HMRL-55,521,0
2025-10-07,HMRL-15,681,0
2025-10-07,HMRL-06,576,0
2025-10-07,HMRL-36,657,0
2025-10-07,HMRL-16,521,0
2025-10-07,HMRL-38,675,0
2025-10-07,HMRL-40,540,0
2025-10-07,HMRL-42,649,0
2025-10-07,HMRL-43,530,0
2025-10-07,HMRL-20,527,0
2025-10-07,HMRL-27,604,0
2025-10-07,HMRL-39,649,0
2025-10-07,HMRL-03,672,0
2025-10-07,HMRL-14,654,0
2025-10-07,HMRL-32,700,0
2025-10-07,HMRL-57,516,0
2025-10-07,HMRL-10,554,0
2025-10-07,HMRL-25,630,0
2025-10-07,HMRL-21,609,0
2025-10-07,HMRL-19,657,0
2025-10-07,HMRL-05,513,0
2025-10-07,HMRL-35,625,0
2025-10-07,HMRL-23,658,0
2025-10-07,HMRL-60,525,0
2025-10-07,HMRL-45,563,0
2025-10-06,HMRL-51,656,0
2025-10-06,HMRL-21,579,0
2025-10-06,HMRL-29,514,0
2025-10-06,HMRL-14,580,0
2025-10-06,HMRL-44,615,0
2025-10-06,HMRL-30,512,0
2025-10-06,HMRL-28,699,0
2025-10-06,HMRL-50,699,0
2025-10-06,HMRL-31,552,0
2025-10-06,HMRL-08,675,0
2025-10-06,HMRL-53,673,0
2025-10-06,HMRL-02,660,1
2025-10-06,HMRL-23,537,0
2025-10-06,HMRL-09,608,0
2025-10-06,HMRL-37,524,2
2025-10-06,HMRL-33,640,0
2025-10-06,HMRL-56,614,0
2025-10-06,HMRL-58,512,0
2025-10-06,HMRL-32,580,0
2025-10-06,HMRL-01,562,0
2025-10-06,HMRL-43,515,0
2025-10-06,HMRL-19,579,0
2025-10-06,HMRL-48,500,0
2025-10-06,HMRL-06,637,0
2025-10-06,HMRL-24,543,0
2025-10-06,HMRL-13,560,0
2025-10-06,HMRL-04,697,0
2025-10-06,HMRL-17,550,0
2025-10-06,HMRL-18,519,0
2025-10-06,HMRL-11,672,0
2025-10-06,HMRL-49,531,0
2025-10-06,HMRL-41,663,0
2025-10-06,HMRL-26,606,0
2025-10-06,HMRL-46,560,0
2025-10-06,HMRL-40,673,0
2025-10-06,HMRL-05,522,0
2025-10-06,HMRL-59,679,0
2025-10-06,HMRL-35,562,0
2025-10-06,HMRL-45,653,1
2025-10-06,HMRL-60,651,0
2025-10-06,HMRL-42,665,0
2025-10-06,HMRL-16,623,0
2025-10-06,HMRL-20,510,0
2025-10-05,HMRL-45,386,0
2025-10-05,HMRL-46,329,0
2025-10-05,HMRL-07,416,0
2025-10-05,HMRL-50,320,0
2025-10-05,HMRL-04,414,0
2025-10-05,HMRL-31,329,0
2025-10-05,HMRL-01,472,0
2025-10-05,HMRL-30,406,0
2025-10-05,HMRL-08,408,0
2025-10-05,HMRL-28,390,0
2025-10-05,HMRL-16,334,0
2025-10-05,HMRL-18,495,0
2025-10-05,HMRL-36,498,0
2025-10-05,HMRL-24,356,0
2025-10-05,HMRL-02,395,0
2025-10-05,HMRL-42,353,0
2025-10-05,HMRL-43,350,0
2025-10-05,HMRL-35,434,0
2025-10-05,HMRL-39,373,0
2025-10-05,HMRL-21,311,0
2025-10-05,HMRL-58,335,0
2025-10-05,HMRL-12,467,0
2025-10-05,HMRL-14,494,0
2025-10-05,HMRL-53,470,0
2025-10-05,HMRL-54,317,0
2025-10-05,HMRL-34,400,0
2025-10-05,HMRL-47,345,0
2025-10-05,HMRL-06,352,0
2025-10-05,HMRL-52,300,0
2025-10-05,HMRL-29,474,0
2025-10-05,HMRL-25,417,0
2025-10-05,HMRL-19,324,0
2025-10-05,HMRL-37,344,0
2025-10-05,HMRL-03,326,0
2025-10-05,HMRL-20,375,0
2025-10-05,HMRL-09,328,0
2025-10-05,HMRL-41,436,0
2025-10-05,HMRL-10,353,0
2025-10-05,HMRL-60,406,0
2025-10-05,HMRL-51,306,0
2025-10-05,HMRL-22,399,0
2025-10-05,HMRL-38,437,0
2025-10-05,HMRL-57,399,0
2025-10-05,HMRL-05,423,0
2025-10-05,HMRL-13,355,0
2025-10-05,HMRL-33,443,0
2025-10-04,HMRL-01,371,0
2025-10-04,HMRL-02,432,0
2025-10-04,HMRL-18,322,0
2025-10-04,HMRL-35,414,0
2025-10-04,HMRL-15,497,0
2025-10-04,HMRL-32,402,0
2025-10-04,HMRL-44,422,0
2025-10-04,HMRL-39,414,0
2025-10-04,HMRL-42,486,0
2025-10-04,HMRL-56,486,0
2025-10-04,HMRL-26,364,0
2025-10-04,HMRL-47,422,0
2025-10-04,HMRL-51,448,0
2025-10-04,HMRL-45,459,0
2025-10-04,HMRL-06,380,0
2025-10-04,HMRL-23,334,0
2025-10-04,HMRL-37,331,0
2025-10-04,HMRL-12,439,0
2025-10-04,HMRL-10,385,0
2025-10-04,HMRL-53,391,0
2025-10-04,HMRL-08,324,0
2025-10-04,HMRL-11,436,0
2025-10-04,HMRL-31,302,0
2025-10-04,HMRL-04,426,0
2025-10-04,HMRL-25,475,0
2025-10-04,HMRL-22,480,0
2025-10-04,HMRL-48,362,0
2025-10-04,HMRL-58,404,0
2025-10-04,HMRL-05,324,0
2025-10-04,HMRL-59,418,0
2025-10-04,HMRL-30,393,0
2025-10-04,HMRL-09,414,0
2025-10-04,HMRL-38,490,0
2025-10-04,HMRL-13,406,0
2025-10-04,HMRL-24,452,0
2025-10-04,HMRL-57,405,0
2025-10-04,HMRL-55,443,0
2025-10-04,HMRL-19,322,0
2025-10-04,HMRL-54,354,0
2025-10-04,HMRL-03,476,0
2025-10-04,HMRL-33,465,0
2025-10-04,HMRL-34,449,0
2025-10-04,HMRL-46,342,0
2025-10-04,HMRL-50,329,0
2025-10-04,HMRL-20,464,0
2025-10-03,HMRL-05,555,0
2025-10-03,HMRL-28,539,0
2025-10-03,HMRL-32,582,0
2025-10-03,HMRL-23,587,0
2025-10-03,HMRL-13,569,0
2025-10-03,HMRL-51,689,0
2025-10-03,HMRL-44,642,0
2025-10-03,HMRL-45,517,0
2025-10-03,HMRL-11,565,0
2025-10-03,HMRL-08,607,0
2025-10-03,HMRL-25,527,0
2025-10-03,HMRL-15,546,0
2025-10-03,HMRL-53,603,0
2025-10-03,HMRL-56,531,0
2025-10-03,HMRL-27,601,0
2025-10-03,HMRL-55,653,0
2025-10-03,HMRL-16,566,0
2025-10-03,HMRL-60,553,0
2025-10-03,HMRL-31,642,0
2025-10-03,HMRL-40,559,0
2025-10-03,HMRL-34,599,0
2025-10-03,HMRL-22,513,0
2025-10-03,HMRL-18,502,0
2025-10-03,HMRL-03,620,0
2025-10-03,HMRL-37,633,0
2025-10-03,HMRL-20,586,0
2025-10-03,HMRL-04,659,0
2025-10-03,HMRL-54,678,0
2025-10-03,HMRL-42,592,0
2025-10-03,HMRL-39,648,0
2025-10-03,HMRL-06,534,0
2025-10-03,HMRL-35,686,3
2025-10-03,HMRL-12,656,0
2025-10-03,HMRL-24,545,0
2025-10-03,HMRL-10,617,0
2025-10-03,HMRL-59,698,0
2025-10-03,HMRL-17,584,0
2025-10-03,HMRL-52,694,0
2025-10-03,HMRL-46,607,0
2025-10-03,HMRL-48,516,0
2025-10-03,HMRL-57,659,0
2025-10-03,HMRL-14,609,0
2025-10-03,HMRL-21,622,0
2025-10-03,HMRL-41,530,0
2025-10-03,HMRL-43,557,0
2025-10-03,HMRL-38,502,0
2025-10-03,HMRL-19,546,0
2025-10-03,HMRL-33,666,0
2025-10-03,HMRL-50,543,0
2025-10-02,HMRL-07,688,0
2025-10-02,HMRL-45,668,0
2025-10-02,HMRL-40,570,1
2025-10-02,HMRL-34,572,0
2025-10-02,HMRL-51,626,0
2025-10-02,HMRL-54,658,0
2025-10-02,HMRL-47,680,0
2025-10-02,HMRL-15,509,0
2025-10-02,HMRL-52,662,0
2025-10-02,HMRL-04,583,0
2025-10-02,HMRL-27,675,0
2025-10-02,HMRL-44,514,0
2025-10-02,HMRL-16,545,0
2025-10-02,HMRL-12,519,0
2025-10-02,HMRL-48,699,0
2025-10-02,HMRL-28,581,0
2025-10-02,HMRL-21,657,0
2025-10-02,HMRL-20,691,0
2025-10-02,HMRL-01,544,2
2025-10-02,HMRL-60,561,0
2025-10-02,HMRL-35,682,0
2025-10-02,HMRL-41,649,0
2025-10-02,HMRL-43,608,0
2025-10-02,HMRL-19,698,0
2025-10-02,HMRL-18,588,0
2025-10-02,HMRL-11,637,0
2025-10-02,HMRL-37,645,0
2025-10-02,HMRL-36,516,0
2025-10-02,HMRL-10,638,0
2025-10-02,HMRL-22,549,0
2025-10-02,HMRL-31,504,0
2025-10-02,HMRL-42,559,0
2025-10-02,HMRL-06,578,0
2025-10-02,HMRL-23,667,0
2025-10-02,HMRL-09,538,0
2025-10-02,HMRL-08,596,0
2025-10-02,HMRL-55,545,0
2025-10-02,HMRL-29,548,0
2025-10-02,HMRL-38,548,0
2025-10-02,HMRL-32,576,0
2025-10-02,HMRL-53,637,0
2025-10-02,HMRL-14,560,0
2025-10-02,HMRL-24,620,0
2025-10-02,HMRL-03,688,0
2025-10-02,HMRL-56,611,0
2025-10-02,HMRL-58,565,0
2025-10-01,HMRL-28,511,0
2025-10-01,HMRL-50,531,0
2025-10-01,HMRL-52,633,0
2025-10-01,HMRL-24,509,0
2025-10-01,HMRL-58,650,0
2025-10-01,HMRL-19,534,0
2025-10-01,HMRL-12,616,0
2025-10-01,HMRL-55,570,0
2025-10-01,HMRL-16,689,0
2025-10-01,HMRL-47,665,0
2025-10-01,HMRL-36,596,0
2025-10-01,HMRL-54,611,0
2025-10-01,HMRL-25,650,0
2025-10-01,HMRL-40,648,0
2025-10-01,HMRL-09,504,0
2025-10-01,HMRL-59,527,0
2025-10-01,HMRL-22,664,1
2025-10-01,HMRL-44,610,0
2025-10-01,HMRL-02,521,0
2025-10-01,HMRL-29,659,0
2025-10-01,HMRL-18,521,0
2025-10-01,HMRL-14,694,0
2025-10-01,HMRL-43,634,0
2025-10-01,HMRL-42,683,0
2025-10-01,HMRL-23,614,0
2025-10-01,HMRL-11,600,0
2025-10-01,HMRL-34,591,0
2025-10-01,HMRL-57,686,0
2025-10-01,HMRL-51,667,0
2025-10-01,HMRL-41,638,0
2025-10-01,HMRL-30,608,0
2025-10-01,HMRL-56,675,0
2025-10-01,HMRL-27,625,0
2025-10-01,HMRL-21,566,0
2025-10-01,HMRL-01,685,0
2025-10-01,HMRL-08,552,0
2025-10-01,HMRL-53,553,0
2025-10-01,HMRL-39,594,0
2025-10-01,HMRL-20,663,0
2025-10-01,HMRL-45,647,0
2025-10-01,HMRL-10,504,0
2025-10-01,HMRL-35,571,0
2025-10-01,HMRL-07,504,0
2025-10-01,HMRL-33,700,0
2025-10-01,HMRL-04,681,0
2025-10-01,HMRL-60,558,0
2025-10-01,HMRL-15,579,1
2025-10-01,HMRL-48,691,0
2025-10-01,HMRL-32,545,0
2025-10-01,HMRL-06,611,1
2025-09-30,HMRL-38,585,1
2025-09-30,HMRL-11,666,0
2025-09-30,HMRL-58,694,0
2025-09-30,HMRL-22,628,0
2025-09-30,HMRL-52,537,0
2025-09-30,HMRL-29,681,0
2025-09-30,HMRL-08,589,0
2025-09-30,HMRL-20,694,0
2025-09-30,HMRL-03,555,0
2025-09-30,HMRL-09,606,0
2025-09-30,HMRL-57,549,0
2025-09-30,HMRL-04,555,0
2025-09-30,HMRL-44,674,0
2025-09-30,HMRL-16,660,0
2025-09-30,HMRL-35,603,0
2025-09-30,HMRL-21,653,0
2025-09-30,HMRL-32,689,0
2025-09-30,HMRL-28,559,0
2025-09-30,HMRL-12,518,0
2025-09-30,HMRL-25,538,0
2025-09-30,HMRL-53,594,0
2025-09-30,HMRL-33,607,0
2025-09-30,HMRL-05,682,0
2025-09-30,HMRL-27,512,0
2025-09-30,HMRL-47,556,0
2025-09-30,HMRL-34,614,0
2025-09-30,HMRL-19,591,0
2025-09-30,HMRL-36,609,0
2025-09-30,HMRL-37,605,0
2025-09-30,HMRL-43,599,0
2025-09-30,HMRL-18,600,0
2025-09-30,HMRL-31,580,0
2025-09-30,HMRL-02,630,0
2025-09-30,HMRL-50,641,0
2025-09-30,HMRL-13,654,0
2025-09-30,HMRL-07,626,0
2025-09-30,HMRL-59,626,0
2025-09-30,HMRL-17,595,0
2025-09-30,HMRL-42,675,0
2025-09-30,HMRL-54,561,0
2025-09-30,HMRL-01,628,0
2025-09-30,HMRL-56,535,0
2025-09-30,HMRL-40,548,0
2025-09-30,HMRL-46,617,0
2025-09-30,HMRL-60,507,0
2025-09-30,HMRL-45,700,0
2025-09-30,HMRL-51,599,0
2025-09-30,HMRL-10,642,0
2025-09-30,HMRL-41,506,0
2025-09-30,HMRL-26,538,1
2025-09-29,HMRL-30,533,0
2025-09-29,HMRL-23,610,0
2025-09-29,HMRL-06,661,0
2025-09-29,HMRL-20,671,0
2025-09-29,HMRL-39,509,0
2025-09-29,HMRL-29,507,0
2025-09-29,HMRL-59,646,0
2025-09-29,HMRL-13,517,0
2025-09-29,HMRL-57,578,0
2025-09-29,HMRL-58,692,0
2025-09-29,HMRL-05,607,0
2025-09-29,HMRL-21,695,0
2025-09-29,HMRL-31,645,0
2025-09-29,HMRL-14,602,0
2025-09-29,HMRL-42,520,0
2025-09-29,HMRL-47,581,0
2025-09-29,HMRL-04,691,0
2025-09-29,HMRL-40,570,0
2025-09-29,HMRL-38,519,0
2025-09-29,HMRL-44,578,0
2025-09-29,HMRL-03,608,0
2025-09-29,HMRL-43,630,0
2025-09-29,HMRL-37,665,0
2025-09-29,HMRL-18,624,0
2025-09-29,HMRL-56,571,0
2025-09-29,HMRL-27,687,0
2025-09-29,HMRL-24,602,0
2025-09-29,HMRL-26,700,0
2025-09-29,HMRL-54,640,0
2025-09-29,HMRL-34,681,0
2025-09-29,HMRL-17,689,0
2025-09-29,HMRL-50,534,0
2025-09-29,HMRL-08,587,0
2025-09-29,HMRL-48,650,0
2025-09-29,HMRL-10,634,0
2025-09-29,HMRL-35,517,0
2025-09-29,HMRL-09,542,0
2025-09-29,HMRL-11,677,0
2025-09-29,HMRL-28,686,0
2025-09-29,HMRL-60,680,0
2025-09-29,HMRL-32,608,0
2025-09-29,HMRL-45,504,0
2025-09-29,HMRL-12,623,0
2025-09-29,HMRL-22,659,0
2025-09-29,HMRL-52,544,0
2025-09-29,HMRL-36,517,0
2025-09-29,HMRL-41,590,1
2025-09-29,HMRL-16,636,0
2025-09-28,HMRL-20,379,0
2025-09-28,HMRL-32,427,0
2025-09-28,HMRL-60,324,0
2025-09-28,HMRL-29,352,0
2025-09-28,HMRL-56,319,0
2025-09-28,HMRL-16,348,0
2025-09-28,HMRL-14,395,0
2025-09-28,HMRL-36,407,0
2025-09-28,HMRL-38,436,0
2025-09-28,HMRL-06,389,0
2025-09-28,HMRL-17,459,0
2025-09-28,HMRL-30,498,0
2025-09-28,HMRL-47,463,0
2025-09-28,HMRL-33,330,0
2025-09-28,HMRL-22,454,0
2025-09-28,HMRL-11,459,0
2025-09-28,HMRL-50,314,0
2025-09-28,HMRL-49,433,0
2025-09-28,HMRL-58,473,0
2025-09-28,HMRL-42,319,0
2025-09-28,HMRL-09,441,0
2025-09-28,HMRL-01,384,0
2025-09-28,HMRL-13,432,0
2025-09-28,HMRL-21,328,0
2025-09-28,HMRL-44,388,0
2025-09-28,HMRL-19,345,0
2025-09-28,HMRL-07,352,0
2025-09-28,HMRL-02,324,0
2025-09-28,HMRL-45,379,0
2025-09-28,HMRL-43,446,0
2025-09-28,HMRL-24,483,0
2025-09-28,HMRL-08,487,0
2025-09-28,HMRL-26,436,0
2025-09-28,HMRL-53,398,0
2025-09-28,HMRL-55,332,0
2025-09-28,HMRL-37,344,0
2025-09-28,HMRL-57,340,0
2025-09-28,HMRL-12,455,0
2025-09-28,HMRL-03,447,0
2025-09-28,HMRL-18,361,0
2025-09-28,HMRL-54,313,0
2025-09-28,HMRL-41,488,0
2025-09-27,HMRL-05,469,0
2025-09-27,HMRL-33,381,0
2025-09-27,HMRL-21,489,0
2025-09-27,HMRL-10,410,0
2025-09-27,HMRL-31,378,0
2025-09-27,HMRL-13,377,0
2025-09-27,HMRL-19,442,0
2025-09-27,HMRL-06,347,0
2025-09-27,HMRL-53,325,0
2025-09-27,HMRL-54,457,0
2025-09-27,HMRL-47,453,0
2025-09-27,HMRL-26,339,0
2025-09-27,HMRL-52,321,0
2025-09-27,HMRL-55,487,0
2025-09-27,HMRL-16,305,0
2025-09-27,HMRL-48,326,0
2025-09-27,HMRL-22,491,0
2025-09-27,HMRL-42,464,0
2025-09-27,HMRL-23,457,0
2025-09-27,HMRL-24,315,0
2025-09-27,HMRL-50,479,0
2025-09-27,HMRL-04,462,0
2025-09-27,HMRL-60,470,0
2025-09-27,HMRL-58,489,0
2025-09-27,HMRL-15,437,0
2025-09-27,HMRL-03,428,0
2025-09-27,HMRL-40,338,0
2025-09-27,HMRL-39,462,0
2025-09-27,HMRL-20,391,0
2025-09-27,HMRL-57,402,0
2025-09-27,HMRL-01,500,0
2025-09-27,HMRL-36,458,0
2025-09-27,HMRL-29,397,0
2025-09-27,HMRL-18,307,0
2025-09-27,HMRL-35,461,0
2025-09-27,HMRL-44,446,0
2025-09-27,HMRL-43,481,0
2025-09-27,HMRL-59,388,0
2025-09-27,HMRL-02,335,0
2025-09-27,HMRL-32,462,0
2025-09-27,HMRL-14,462,0
2025-09-27,HMRL-12,333,0
2025-09-27,HMRL-27,441,0
2025-09-27,HMRL-56,312,0
2025-09-26,HMRL-10,503,0
2025-09-26,HMRL-02,591,0
2025-09-26,HMRL-03,622,0
2025-09-26,HMRL-42,602,0
2025-09-26,HMRL-43,655,0
2025-09-26,HMRL-30,510,0
2025-09-26,HMRL-18,505,0
2025-09-26,HMRL-36,521,0
2025-09-26,HMRL-22,686,0
2025-09-26,HMRL-40,584,0
2025-09-26,HMRL-32,676,0
2025-09-26,HMRL-48,509,0
2025-09-26,HMRL-09,599,0
2025-09-26,HMRL-17,590,0
2025-09-26,HMRL-13,534,0
2025-09-26,HMRL-53,643,0
2025-09-26,HMRL-55,630,0
2025-09-26,HMRL-08,613,0
2025-09-26,HMRL-60,597,0
2025-09-26,HMRL-51,678,0
2025-09-26,HMRL-23,657,0
2025-09-26,HMRL-06,560,0
2025-09-26,HMRL-19,513,0
2025-09-26,HMRL-52,532,0
2025-09-26,HMRL-12,535,0
2025-09-26,HMRL-58,505,0
2025-09-26,HMRL-37,525,0
2025-09-26,HMRL-33,549,0
2025-09-26,HMRL-59,502,0
2025-09-26,HMRL-41,623,0
2025-09-26,HMRL-44,570,0
2025-09-26,HMRL-05,614,0
2025-09-26,HMRL-21,520,0
2025-09-26,HMRL-47,657,0
2025-09-26,HMRL-46,553,0
2025-09-26,HMRL-01,694,0
2025-09-26,HMRL-26,565,0
2025-09-26,HMRL-50,633,0
2025-09-26,HMRL-57,695,0
2025-09-26,HMRL-54,562,0
2025-09-26,HMRL-25,683,0
2025-09-26,HMRL-39,578,1
2025-09-26,HMRL-38,531,0
2025-09-26,HMRL-49,644,0
2025-09-25,HMRL-15,539,0
2025-09-25,HMRL-20,553,2
2025-09-25,HMRL-29,631,0
2025-09-25,HMRL-09,637,0
2025-09-25,HMRL-36,674,0
2025-09-25,HMRL-16,608,0
2025-09-25,HMRL-38,604,0
2025-09-25,HMRL-23,628,2
2025-09-25,HMRL-06,571,0
2025-09-25,HMRL-48,641,0
2025-09-25,HMRL-27,568,0
2025-09-25,HMRL-31,647,0
2025-09-25,HMRL-14,647,0
2025-09-25,HMRL-41,537,0
2025-09-25,HMRL-04,551,0
2025-09-25,HMRL-37,588,0
2025-09-25,HMRL-22,681,0
2025-09-25,HMRL-60,660,0
2025-09-25,HMRL-57,628,0
2025-09-25,HMRL-26,625,0
2025-09-25,HMRL-32,681,0
2025-09-25,HMRL-01,570,0
2025-09-25,HMRL-56,680,0
2025-09-25,HMRL-17,634,0
2025-09-25,HMRL-33,540,0
2025-09-25,HMRL-34,582,0
2025-09-25,HMRL-47,691,0
2025-09-25,HMRL-50,657,0
2025-09-25,HMRL-44,608,0
2025-09-25,HMRL-13,557,0
2025-09-25,HMRL-53,604,0
2025-09-25,HMRL-40,581,0
2025-09-25,HMRL-05,664,0
2025-09-25,HMRL-19,528,0
2025-09-25,HMRL-52,612,0
2025-09-25,HMRL-12,609,0
2025-09-25,HMRL-58,684,1
2025-09-25,HMRL-24,644,0
2025-09-25,HMRL-18,589,0
2025-09-25,HMRL-35,547,0
2025-09-25,HMRL-21,700,0
2025-09-25,HMRL-45,509,1
2025-09-25,HMRL-59,647,0
2025-09-25,HMRL-39,663,0
2025-09-25,HMRL-46,571,0
2025-09-25,HMRL-42,634,0
2025-09-25,HMRL-55,638,0
2025-09-24,HMRL-20,504,0
2025-09-24,HMRL-50,649,0
2025-09-24,HMRL-43,600,2
2025-09-24,HMRL-39,624,0
2025-09-24,HMRL-11,691,0
2025-09-24,HMRL-31,603,0
2025-09-24,HMRL-25,535,0
2025-09-24,HMRL-27,512,0
2025-09-24,HMRL-36,691,0
2025-09-24,HMRL-04,678,0
2025-09-24,HMRL-37,576,0
2025-09-24,HMRL-41,516,0
2025-09-24,HMRL-34,676,0
2025-09-24,HMRL-17,635,0
2025-09-24,HMRL-28,589,0
2025-09-24,HMRL-42,689,0
2025-09-24,HMRL-51,674,0
2025-09-24,HMRL-06,628,0
2025-09-24,HMRL-49,510,0
2025-09-24,HMRL-33,521,0
2025-09-24,HMRL-03,591,0
2025-09-24,HMRL-18,684,0
2025-09-24,HMRL-01,700,0
2025-09-24,HMRL-14,668,0
2025-09-24,HMRL-13,562,0
2025-09-24,HMRL-60,672,0
2025-09-24,HMRL-38,587,0
2025-09-24,HMRL-05,640,0
2025-09-24,HMRL-22,540,0
2025-09-24,HMRL-46,606,0
2025-09-24,HMRL-08,655,0
2025-09-24,HMRL-15,622,0
2025-09-24,HMRL-24,568,0
2025-09-24,HMRL-30,601,0
2025-09-24,HMRL-12,698,0
2025-09-24,HMRL-47,623,0
2025-09-24,HMRL-52,521,0
2025-09-24,HMRL-55,644,0
2025-09-24,HMRL-16,525,0
2025-09-24,HMRL-44,516,0
2025-09-24,HMRL-26,595,0
2025-09-24,HMRL-56,539,0
2025-09-24,HMRL-09,676,0
2025-09-24,HMRL-57,524,0
2025-09-24,HMRL-59,654,0
2025-09-23,HMRL-14,605,0
2025-09-23,HMRL-44,544,0
2025-09-23,HMRL-07,685,0
2025-09-23,HMRL-28,696,0
2025-09-23,HMRL-18,513,0
2025-09-23,HMRL-40,677,0
2025-09-23,HMRL-35,528,0
2025-09-23,HMRL-12,592,0
2025-09-23,HMRL-34,619,0
2025-09-23,HMRL-49,513,0
2025-09-23,HMRL-59,528,0
2025-09-23,HMRL-51,585,0
2025-09-23,HMRL-16,618,0
2025-09-23,HMRL-52,558,0
2025-09-23,HMRL-42,657,0
2025-09-23,HMRL-22,561,0
2025-09-23,HMRL-43,668,0
2025-09-23,HMRL-37,637,0
2025-09-23,HMRL-31,544,0
2025-09-23,HMRL-56,593,0
2025-09-23,HMRL-29,628,0
2025-09-23,HMRL-55,565,0
2025-09-23,HMRL-57,587,0
2025-09-23,HMRL-23,687,0
2025-09-23,HMRL-25,579,0
2025-09-23,HMRL-21,636,0
2025-09-23,HMRL-03,666,0
2025-09-23,HMRL-46,554,0
2025-09-23,HMRL-02,580,0
2025-09-23,HMRL-53,537,0
2025-09-23,HMRL-11,595,0
2025-09-23,HMRL-10,504,0
2025-09-23,HMRL-24,672,0
2025-09-23,HMRL-20,588,0
2025-09-23,HMRL-09,653,0
2025-09-23,HMRL-54,624,0
2025-09-23,HMRL-50,628,0
2025-09-23,HMRL-58,604,0
2025-09-23,HMRL-36,539,0
2025-09-23,HMRL-39,635,0
2025-09-23,HMRL-08,567,0
2025-09-23,HMRL-60,530,0
2025-09-23,HMRL-41,605,0
2025-09-23,HMRL-48,554,0
2025-09-23,HMRL-17,667,0
2025-09-23,HMRL-32,663,0
2025-09-23,HMRL-06,500,0
2025-09-22,HMRL-07,510,0
2025-09-22,HMRL-17,612,0
2025-09-22,HMRL-26,598,0
2025-09-22,HMRL-52,665,0
2025-09-22,HMRL-38,508,0
2025-09-22,HMRL-29,610,0
2025-09-22,HMRL-41,545,0
2025-09-22,HMRL-46,580,0
2025-09-22,HMRL-60,525,0
2025-09-22,HMRL-59,680,0
2025-09-22,HMRL-47,691,0
2025-09-22,HMRL-32,648,0
2025-09-22,HMRL-43,560,0
2025-09-22,HMRL-56,697,0
2025-09-22,HMRL-49,649,0
2025-09-22,HMRL-45,602,0
2025-09-22,HMRL-16,590,0
2025-09-22,HMRL-19,609,0
2025-09-22,HMRL-08,561,0
2025-09-22,HMRL-36,672,0
2025-09-22,HMRL-23,680,0
2025-09-22,HMRL-21,604,0
2025-09-22,HMRL-37,532,0
2025-09-22,HMRL-22,637,0
2025-09-22,HMRL-03,699,0
2025-09-22,HMRL-34,588,0
2025-09-22,HMRL-14,692,0
2025-09-22,HMRL-53,501,0
2025-09-22,HMRL-48,654,0
2025-09-22,HMRL-12,579,0
2025-09-22,HMRL-40,662,0
2025-09-22,HMRL-25,657,0
2025-09-22,HMRL-13,603,0
2025-09-22,HMRL-02,557,0
2025-09-22,HMRL-04,682,0
2025-09-22,HMRL-15,645,0
2025-09-22,HMRL-01,696,0
2025-09-22,HMRL-57,516,0
2025-09-22,HMRL-20,568,0
2025-09-22,HMRL-28,505,0
2025-09-22,HMRL-58,696,0
2025-09-22,HMRL-24,670,0
2025-09-22,HMRL-54,616,0
2025-09-22,HMRL-55,558,0
2025-09-22,HMRL-31,698,0
2025-09-22,HMRL-10,593,0
2025-09-22,HMRL-11,539,0
2025-09-22,HMRL-33,506,0
2025-09-22,HMRL-35,587,0
2025-09-21,HMRL-16,396,0
2025-09-21,HMRL-58,479,0
2025-09-21,HMRL-47,395,0
2025-09-21,HMRL-31,381,0
2025-09-21,HMRL-52,319,0
2025-09-21,HMRL-38,324,0
2025-09-21,HMRL-17,476,0
2025-09-21,HMRL-46,495,0
2025-09-21,HMRL-50,387,0
2025-09-21,HMRL-05,415,0
2025-09-21,HMRL-10,304,0
2025-09-21,HMRL-33,336,0
2025-09-21,HMRL-34,465,0
2025-09-21,HMRL-25,325,0
2025-09-21,HMRL-28,355,0
2025-09-21,HMRL-55,484,0
2025-09-21,HMRL-07,377,0
2025-09-21,HMRL-06,437,0
2025-09-21,HMRL-09,371,0
2025-09-21,HMRL-42,320,0
2025-09-21,HMRL-13,471,0
2025-09-21,HMRL-11,307,0
2025-09-21,HMRL-51,366,0
2025-09-21,HMRL-54,362,0
2025-09-21,HMRL-39,382,0
2025-09-21,HMRL-21,315,0
2025-09-21,HMRL-36,328,0
2025-09-21,HMRL-59,343,0
2025-09-21,HMRL-43,399,0
2025-09-21,HMRL-30,423,0
2025-09-21,HMRL-04,401,0
2025-09-21,HMRL-19,419,0
2025-09-21,HMRL-60,311,0
2025-09-21,HMRL-26,302,0
2025-09-21,HMRL-35,469,0
2025-09-21,HMRL-18,411,0
2025-09-21,HMRL-29,439,0
2025-09-21,HMRL-45,419,0
2025-09-21,HMRL-48,489,0
2025-09-21,HMRL-20,300,0
2025-09-21,HMRL-56,467,0
2025-09-21,HMRL-40,316,0
2025-09-21,HMRL-22,347,0
2025-09-21,HMRL-15,427,0
2025-09-21,HMRL-41,372,0
2025-09-21,HMRL-49,432,0
2025-09-21,HMRL-37,312,0
2025-09-21,HMRL-23,326,0
2025-09-20,HMRL-03,443,0
2025-09-20,HMRL-15,348,0
2025-09-20,HMRL-57,439,0
2025-09-20,HMRL-53,400,0
2025-09-20,HMRL-43,302,0
2025-09-20,HMRL-11,344,0
2025-09-20,HMRL-25,385,0
2025-09-20,HMRL-20,317,0
2025-09-20,HMRL-42,463,0
2025-09-20,HMRL-22,486,0
2025-09-20,HMRL-26,387,0
2025-09-20,HMRL-17,402,0
2025-09-20,HMRL-40,335,0
2025-09-20,HMRL-28,408,0
2025-09-20,HMRL-30,493,1
2025-09-20,HMRL-58,416,0
2025-09-20,HMRL-07,370,0
2025-09-20,HMRL-38,336,0
2025-09-20,HMRL-48,454,0
2025-09-20,HMRL-06,497,0
2025-09-20,HMRL-50,439,0
2025-09-20,HMRL-60,428,0
2025-09-20,HMRL-21,349,0
2025-09-20,HMRL-59,459,0
2025-09-20,HMRL-02,301,0
2025-09-20,HMRL-54,414,0
2025-09-20,HMRL-49,383,0
2025-09-20,HMRL-39,422,0
2025-09-20,HMRL-32,364,0
2025-09-20,HMRL-56,355,0
2025-09-20,HMRL-01,480,0
2025-09-20,HMRL-08,306,0
2025-09-20,HMRL-10,488,0
2025-09-20,HMRL-05,495,0
2025-09-20,HMRL-55,439,0
2025-09-20,HMRL-51,322,0
2025-09-20,HMRL-04,394,0
2025-09-20,HMRL-23,462,0
2025-09-20,HMRL-45,423,0
2025-09-20,HMRL-37,303,0
2025-09-20,HMRL-36,386,0
2025-09-20,HMRL-24,454,0
2025-09-20,HMRL-18,426,0
2025-09-20,HMRL-33,320,0
2025-09-20,HMRL-12,479,0
2025-09-19,HMRL-33,695,0
2025-09-19,HMRL-29,560,0
2025-09-19,HMRL-04,567,0
2025-09-19,HMRL-37,607,0
2025-09-19,HMRL-20,684,0
2025-09-19,HMRL-05,585,0
2025-09-19,HMRL-09,627,0
2025-09-19,HMRL-17,567,0
2025-09-19,HMRL-45,587,0
2025-09-19,HMRL-25,500,0
2025-09-19,HMRL-01,571,0
2025-09-19,HMRL-22,511,0
2025-09-19,HMRL-06,679,0
2025-09-19,HMRL-26,612,0
2025-09-19,HMRL-53,555,0
2025-09-19,HMRL-35,638,0
2025-09-19,HMRL-15,588,0
2025-09-19,HMRL-41,587,0
2025-09-19,HMRL-43,541,0
2025-09-19,HMRL-36,616,0
2025-09-19,HMRL-38,649,0
2025-09-19,HMRL-21,592,0
2025-09-19,HMRL-14,683,0
2025-09-19,HMRL-16,622,0
2025-09-19,HMRL-59,530,0
2025-09-19,HMRL-51,513,0
2025-09-19,HMRL-46,647,0
2025-09-19,HMRL-08,578,0
2025-09-19,HMRL-30,592,0
2025-09-19,HMRL-52,690,0
2025-09-19,HMRL-27,587,0
2025-09-19,HMRL-13,631,0
2025-09-19,HMRL-44,616,0
2025-09-19,HMRL-28,599,0
2025-09-19,HMRL-49,553,0
2025-09-19,HMRL-40,586,0
2025-09-19,HMRL-02,674,0
2025-09-19,HMRL-50,502,0
2025-09-19,HMRL-42,566,0
2025-09-19,HMRL-54,597,0
2025-09-19,HMRL-60,589,0
2025-09-19,HMRL-10,502,0
2025-09-19,HMRL-11,597,0
2025-09-19,HMRL-32,686,0
2025-09-19,HMRL-56,666,0
2025-09-19,HMRL-31,604,0
2025-09-19,HMRL-24,604,0
2025-09-19,HMRL-18,621,1
2025-09-18,HMRL-57,513,0
2025-09-18,HMRL-29,555,0
2025-09-18,HMRL-60,558,0
2025-09-18,HMRL-30,597,0
2025-09-18,HMRL-59,681,0
2025-09-18,HMRL-39,596,0
2025-09-18,HMRL-24,566,0
2025-09-18,HMRL-58,674,0
2025-09-18,HMRL-03,602,0
2025-09-18,HMRL-49,667,0
2025-09-18,HMRL-42,587,0
2025-09-18,HMRL-14,600,0
2025-09-18,HMRL-37,535,0
2025-09-18,HMRL-48,523,0
2025-09-18,HMRL-27,587,0
2025-09-18,HMRL-10,683,0
2025-09-18,HMRL-25,508,0
2025-09-18,HMRL-15,567,0
2025-09-18,HMRL-32,642,0
2025-09-18,HMRL-53,636,0
2025-09-18,HMRL-38,587,0
2025-09-18,HMRL-12,529,0
2025-09-18,HMRL-56,661,0
2025-09-18,HMRL-05,633,0
2025-09-18,HMRL-06,565,0
2025-09-18,HMRL-04,589,0
2025-09-18,HMRL-40,536,0
2025-09-18,HMRL-16,501,0
2025-09-18,HMRL-23,613,0
2025-09-18,HMRL-35,577,0
2025-09-18,HMRL-47,593,0
2025-09-18,HMRL-18,507,0
2025-09-18,HMRL-20,608,0
2025-09-18,HMRL-51,663,0
2025-09-18,HMRL-36,639,0
2025-09-18,HMRL-26,673,0
2025-09-18,HMRL-22,558,0
2025-09-18,HMRL-02,533,0
2025-09-18,HMRL-46,563,0
2025-09-18,HMRL-34,623,2
2025-09-18,HMRL-44,659,0
2025-09-18,HMRL-45,583,0
2025-09-18,HMRL-07,606,0
2025-09-18,HMRL-28,651,0
2025-09-18,HMRL-08,669,0
2025-09-18,HMRL-31,620,0
2025-09-18,HMRL-11,698,0
2025-09-18,HMRL-13,632,0
2025-09-18,HMRL-43,679,1
2025-09-17,HMRL-37,576,0
2025-09-17,HMRL-24,569,0
2025-09-17,HMRL-52,627,0
2025-09-17,HMRL-27,668,0
2025-09-17,HMRL-12,517,2
2025-09-17,HMRL-60,603,0
2025-09-17,HMRL-53,619,0
2025-09-17,HMRL-08,689,0
2025-09-17,HMRL-31,543,0
2025-09-17,HMRL-43,674,0
2025-09-17,HMRL-55,564,0
2025-09-17,HMRL-26,513,0
2025-09-17,HMRL-20,684,0
2025-09-17,HMRL-48,623,0
2025-09-17,HMRL-54,696,0
2025-09-17,HMRL-28,688,0
2025-09-17,HMRL-01,548,0
2025-09-17,HMRL-16,646,0
2025-09-17,HMRL-13,629,0
2025-09-17,HMRL-56,536,0
2025-09-17,HMRL-35,676,0
2025-09-17,HMRL-36,601,0
2025-09-17,HMRL-33,664,0
2025-09-17,HMRL-44,522,0
2025-09-17,HMRL-58,585,0
2025-09-17,HMRL-50,652,0
2025-09-17,HMRL-02,534,0
2025-09-17,HMRL-21,519,0
2025-09-17,HMRL-06,669,0
2025-09-17,HMRL-23,628,0
2025-09-17,HMRL-34,658,0
2025-09-17,HMRL-32,501,0
2025-09-17,HMRL-17,511,0
2025-09-17,HMRL-51,644,0
2025-09-17,HMRL-10,655,0
2025-09-17,HMRL-11,623,0
2025-09-17,HMRL-22,507,0
2025-09-17,HMRL-03,589,0
2025-09-17,HMRL-05,530,0
2025-09-17,HMRL-40,539,0
2025-09-17,HMRL-59,684,0
2025-09-17,HMRL-29,560,0
2025-09-17,HMRL-38,538,0
2025-09-17,HMRL-39,615,0
2025-09-17,HMRL-57,568,0
2025-09-17,HMRL-19,550,0
2025-09-16,HMRL-33,667,0
2025-09-16,HMRL-11,620,0
2025-09-16,HMRL-38,560,0
2025-09-16,HMRL-07,665,0
2025-09-16,HMRL-22,618,0
2025-09-16,HMRL-35,692,0
2025-09-16,HMRL-41,548,0
2025-09-16,HMRL-24,550,0
2025-09-16,HMRL-21,587,0
2025-09-16,HMRL-08,659,0
2025-09-16,HMRL-05,632,0
2025-09-16,HMRL-28,654,0
2025-09-16,HMRL-14,596,0
2025-09-16,HMRL-39,528,0
2025-09-16,HMRL-42,603,0
2025-09-16,HMRL-29,578,0
2025-09-16,HMRL-06,632,0
2025-09-16,HMRL-19,665,0
2025-09-16,HMRL-47,646,1
2025-09-16,HMRL-59,569,0
2025-09-16,HMRL-02,665,0
2025-09-16,HMRL-30,575,0
2025-09-16,HMRL-56,607,0
2025-09-16,HMRL-46,660,0
2025-09-16,HMRL-20,573,0
2025-09-16,HMRL-51,678,0
2025-09-16,HMRL-36,558,0
2025-09-16,HMRL-12,532,0
2025-09-16,HMRL-34,542,0
2025-09-16,HMRL-18,677,0
2025-09-16,HMRL-26,677,0
2025-09-16,HMRL-15,532,0
2025-09-16,HMRL-27,652,0
2025-09-16,HMRL-55,508,0
2025-09-16,HMRL-43,700,0
2025-09-16,HMRL-48,513,0
2025-09-16,HMRL-44,521,0
2025-09-16,HMRL-13,568,0
2025-09-16,HMRL-50,661,0
2025-09-16,HMRL-60,525,0
2025-09-16,HMRL-32,537,0
2025-09-16,HMRL-03,527,0
2025-09-16,HMRL-17,529,0
2025-09-16,HMRL-49,547,0
2025-09-16,HMRL-37,601,0
2025-09-16,HMRL-16,516,0
2025-09-16,HMRL-58,584,0
2025-09-15,HMRL-57,583,1
2025-09-15,HMRL-01,536,0
2025-09-15,HMRL-41,504,0
2025-09-15,HMRL-05,680,0
2025-09-15,HMRL-34,514,0
2025-09-15,HMRL-18,616,0
2025-09-15,HMRL-09,665,0
2025-09-15,HMRL-40,537,0
2025-09-15,HMRL-52,625,0
2025-09-15,HMRL-15,688,0
2025-09-15,HMRL-14,581,0
2025-09-15,HMRL-22,513,0
2025-09-15,HMRL-53,572,0
2025-09-15,HMRL-56,563,0
2025-09-15,HMRL-55,658,0
2025-09-15,HMRL-29,536,0
2025-09-15,HMRL-20,691,0
2025-09-15,HMRL-11,593,0
2025-09-15,HMRL-43,568,0
2025-09-15,HMRL-37,557,0
2025-09-15,HMRL-35,578,0
2025-09-15,HMRL-16,675,0
2025-09-15,HMRL-21,650,0
2025-09-15,HMRL-27,554,0
2025-09-15,HMRL-58,671,0
2025-09-15,HMRL-31,546,0
2025-09-15,HMRL-48,676,0
2025-09-15,HMRL-06,631,0
2025-09-15,HMRL-23,677,0
2025-09-15,HMRL-08,616,0
2025-09-15,HMRL-28,630,0
2025-09-15,HMRL-44,556,0
2025-09-15,HMRL-59,623,0
2025-09-15,HMRL-26,587,0
2025-09-15,HMRL-33,673,0
2025-09-15,HMRL-36,546,0
2025-09-15,HMRL-50,608,0
2025-09-15,HMRL-25,545,0
2025-09-15,HMRL-10,694,0
2025-09-15,HMRL-51,564,0
2025-09-15,HMRL-47,595,0
2025-09-15,HMRL-13,617,0
2025-09-14,HMRL-15,424,0
2025-09-14,HMRL-23,319,0
2025-09-14,HMRL-03,363,0
2025-09-14,HMRL-21,487,0
2025-09-14,HMRL-05,388,0
2025-09-14,HMRL-26,389,0
2025-09-14,HMRL-04,357,0
2025-09-14,HMRL-09,379,0
2025-09-14,HMRL-16,365,0
2025-09-14,HMRL-53,317,0
2025-09-14,HMRL-57,420,0
2025-09-14,HMRL-07,477,0
2025-09-14,HMRL-02,493,0
2025-09-14,HMRL-32,427,0
2025-09-14,HMRL-46,400,0
2025-09-14,HMRL-06,359,0
2025-09-14,HMRL-24,431,0
2025-09-14,HMRL-59,333,0
2025-09-14,HMRL-50,404,0
2025-09-14,HMRL-35,500,0
2025-09-14,HMRL-47,490,0
2025-09-14,HMRL-54,319,0
2025-09-14,HMRL-38,437,0
2025-09-14,HMRL-18,483,0
2025-09-14,HMRL-39,380,0
2025-09-14,HMRL-37,499,0
2025-09-14,HMRL-10,318,0
2025-09-14,HMRL-34,374,0
2025-09-14,HMRL-20,380,0
2025-09-14,HMRL-31,468,0
2025-09-14,HMRL-11,391,0
2025-09-14,HMRL-13,407,0
2025-09-14,HMRL-33,417,0
2025-09-14,HMRL-58,378,0
2025-09-14,HMRL-27,355,0
2025-09-14,HMRL-19,408,2
2025-09-14,HMRL-40,310,0
2025-09-14,HMRL-45,451,0
2025-09-14,HMRL-12,372,0
2025-09-14,HMRL-22,406,0
2025-09-14,HMRL-55,312,0
2025-09-14,HMRL-56,453,0
2025-09-14,HMRL-30,431,0
2025-09-14,HMRL-08,442,0
2025-09-14,HMRL-48,452,0
2025-09-13,HMRL-52,349,0
2025-09-13,HMRL-58,390,0
2025-09-13,HMRL-26,304,0
2025-09-13,HMRL-43,357,0
2025-09-13,HMRL-08,482,0
2025-09-13,HMRL-25,436,0
2025-09-13,HMRL-16,496,0
2025-09-13,HMRL-36,413,0
2025-09-13,HMRL-34,433,0
2025-09-13,HMRL-56,449,0
2025-09-13,HMRL-27,445,0
2025-09-13,HMRL-33,464,0
2025-09-13,HMRL-31,372,0
2025-09-13,HMRL-46,352,0
2025-09-13,HMRL-35,320,0
2025-09-13,HMRL-23,423,0
2025-09-13,HMRL-06,309,0
2025-09-13,HMRL-60,397,0
2025-09-13,HMRL-45,485,0
2025-09-13,HMRL-50,395,0
2025-09-13,HMRL-39,495,0
2025-09-13,HMRL-03,325,0
2025-09-13,HMRL-42,410,0
2025-09-13,HMRL-40,393,0
2025-09-13,HMRL-55,353,0
2025-09-13,HMRL-22,363,0
2025-09-13,HMRL-59,322,0
2025-09-13,HMRL-11,460,0
2025-09-13,HMRL-53,353,0
2025-09-13,HMRL-54,337,0
2025-09-13,HMRL-44,389,0
2025-09-13,HMRL-17,388,0
2025-09-13,HMRL-02,494,0
2025-09-13,HMRL-01,361,0
2025-09-13,HMRL-48,480,0
2025-09-13,HMRL-05,361,0
2025-09-13,HMRL-38,396,0
2025-09-13,HMRL-57,442,0
2025-09-13,HMRL-30,451,0
2025-09-13,HMRL-41,406,0
2025-09-13,HMRL-18,372,0
2025-09-13,HMRL-04,472,0
2025-09-13,HMRL-10,326,0
2025-09-13,HMRL-15,470,2
2025-09-13,HMRL-32,374,0
2025-09-13,HMRL-49,306,0
2025-09-12,HMRL-19,578,0
2025-09-12,HMRL-38,557,0
2025-09-12,HMRL-03,625,0
2025-09-12,HMRL-33,682,0
2025-09-12,HMRL-48,612,0
2025-09-12,HMRL-47,644,0
2025-09-12,HMRL-58,605,0
2025-09-12,HMRL-43,569,0
2025-09-12,HMRL-37,599,0
2025-09-12,HMRL-59,658,0
2025-09-12,HMRL-36,549,0
2025-09-12,HMRL-14,633,0
2025-09-12,HMRL-52,596,0
2025-09-12,HMRL-32,586,0
2025-09-12,HMRL-26,699,0
2025-09-12,HMRL-41,603,0
2025-09-12,HMRL-30,563,0
2025-09-12,HMRL-16,573,0
2025-09-12,HMRL-34,619,0
2025-09-12,HMRL-57,526,0
2025-09-12,HMRL-31,520,0
2025-09-12,HMRL-09,632,0
2025-09-12,HMRL-20,511,0
2025-09-12,HMRL-25,526,0
2025-09-12,HMRL-07,661,0
2025-09-12,HMRL-46,629,0
2025-09-12,HMRL-49,503,0
2025-09-12,HMRL-01,605,0
2025-09-12,HMRL-13,511,0
2025-09-12,HMRL-35,529,0
2025-09-12,HMRL-40,555,0
2025-09-12,HMRL-56,624,0
2025-09-12,HMRL-10,575,0
2025-09-12,HMRL-08,624,0
2025-09-12,HMRL-17,508,0
2025-09-12,HMRL-27,597,0
2025-09-12,HMRL-22,606,0
2025-09-12,HMRL-02,600,0
2025-09-12,HMRL-45,641,0
2025-09-12,HMRL-24,572,0
2025-09-12,HMRL-60,539,0
2025-09-12,HMRL-54,566,0
2025-09-12,HMRL-28,538,0
2025-09-12,HMRL-29,639,0
2025-09-12,HMRL-11,548,0
2025-09-12,HMRL-51,562,0
2025-09-12,HMRL-18,560,0
2025-09-11,HMRL-24,624,0
2025-09-11,HMRL-03,641,0
2025-09-11,HMRL-15,554,0
2025-09-11,HMRL-05,511,0
2025-09-11,HMRL-54,520,0
2025-09-11,HMRL-56,550,0
2025-09-11,HMRL-08,632,0
2025-09-11,HMRL-35,643,0
2025-09-11,HMRL-59,579,3
2025-09-11,HMRL-45,521,0
2025-09-11,HMRL-10,559,0
2025-09-11,HMRL-25,662,0
2025-09-11,HMRL-44,650,0
2025-09-11,HMRL-49,579,0
2025-09-11,HMRL-41,509,0
2025-09-11,HMRL-38,606,1
2025-09-11,HMRL-55,512,0
2025-09-11,HMRL-17,598,0
2025-09-11,HMRL-48,575,0
2025-09-11,HMRL-39,628,0
2025-09-11,HMRL-16,554,0
2025-09-11,HMRL-37,567,0
2025-09-11,HMRL-27,590,0
2025-09-11,HMRL-01,599,0
2025-09-11,HMRL-47,621,0
2025-09-11,HMRL-06,695,0
2025-09-11,HMRL-02,583,0
2025-09-11,HMRL-43,620,0
2025-09-11,HMRL-30,513,0
2025-09-11,HMRL-32,568,0
2025-09-11,HMRL-26,615,0
2025-09-11,HMRL-31,658,0
2025-09-11,HMRL-52,657,0
2025-09-11,HMRL-33,634,0
2025-09-11,HMRL-19,654,0
2025-09-11,HMRL-60,563,0
2025-09-11,HMRL-04,681,0
2025-09-11,HMRL-36,691,0
2025-09-11,HMRL-29,657,0
2025-09-11,HMRL-20,547,0
2025-09-11,HMRL-57,603,0
2025-09-11,HMRL-11,518,0
2025-09-11,HMRL-13,557,0
2025-09-11,HMRL-21,694,0
2025-09-11,HMRL-50,589,0
2025-09-11,HMRL-12,516,0
2025-09-10,HMRL-03,563,0
2025-09-10,HMRL-23,527,0
2025-09-10,HMRL-32,616,0
2025-09-10,HMRL-26,501,0
2025-09-10,HMRL-16,613,0
2025-09-10,HMRL-06,695,0
2025-09-10,HMRL-44,667,0
2025-09-10,HMRL-60,646,0
2025-09-10,HMRL-55,652,0
2025-09-10,HMRL-02,551,0
2025-09-10,HMRL-35,509,0
2025-09-10,HMRL-39,526,0
2025-09-10,HMRL-57,518,0
2025-09-10,HMRL-42,646,0
2025-09-10,HMRL-22,608,0
2025-09-10,HMRL-19,509,0
2025-09-10,HMRL-27,506,0
2025-09-10,HMRL-07,523,0
2025-09-10,HMRL-11,575,3
2025-09-10,HMRL-21,591,0
2025-09-10,HMRL-15,651,0
2025-09-10,HMRL-48,571,0
2025-09-10,HMRL-53,559,0
2025-09-10,HMRL-25,632,0
2025-09-10,HMRL-45,644,0
2025-09-10,HMRL-51,679,0
2025-09-10,HMRL-04,595,0
2025-09-10,HMRL-18,558,0
2025-09-10,HMRL-29,527,0
2025-09-10,HMRL-10,674,0
2025-09-10,HMRL-17,559,0
2025-09-10,HMRL-13,500,0
2025-09-10,HMRL-40,693,0
2025-09-10,HMRL-20,649,0
2025-09-10,HMRL-31,598,0
2025-09-10,HMRL-33,589,0
2025-09-10,HMRL-58,598,0
2025-09-10,HMRL-41,689,0
2025-09-10,HMRL-59,665,0
2025-09-10,HMRL-36,560,0
2025-09-10,HMRL-30,616,0
2025-09-10,HMRL-46,645,0
2025-09-10,HMRL-09,695,0
2025-09-10,HMRL-54,539,0
2025-09-10,HMRL-37,626,0
2025-09-10,HMRL-56,538,0
2025-09-10,HMRL-50,550,0
2025-09-10,HMRL-08,643,0
2025-09-10,HMRL-01,634,0
2025-09-10,HMRL-47,584,0
2025-09-09,HMRL-54,678,0
2025-09-09,HMRL-40,642,0
2025-09-09,HMRL-10,594,0
2025-09-09,HMRL-56,600,0
2025-09-09,HMRL-31,553,0
2025-09-09,HMRL-43,636,0
2025-09-09,HMRL-52,614,2
2025-09-09,HMRL-25,669,0
2025-09-09,HMRL-36,665,0
2025-09-09,HMRL-30,624,1
2025-09-09,HMRL-55,653,0
2025-09-09,HMRL-06,564,0
2025-09-09,HMRL-17,621,0
2025-09-09,HMRL-45,525,0
2025-09-09,HMRL-49,601,0
2025-09-09,HMRL-16,691,0
2025-09-09,HMRL-18,538,0
2025-09-09,HMRL-37,532,0
2025-09-09,HMRL-13,666,0
2025-09-09,HMRL-08,544,0
2025-09-09,HMRL-57,513,0
2025-09-09,HMRL-39,700,0
2025-09-09,HMRL-53,528,0
2025-09-09,HMRL-29,691,1
2025-09-09,HMRL-03,608,0
2025-09-09,HMRL-28,649,0
2025-09-09,HMRL-01,643,0
2025-09-09,HMRL-24,564,0
2025-09-09,HMRL-33,691,0
2025-09-09,HMRL-44,631,2
2025-09-09,HMRL-21,559,0
2025-09-09,HMRL-04,642,0
2025-09-09,HMRL-47,667,0
2025-09-09,HMRL-41,635,0
2025-09-09,HMRL-11,670,0
2025-09-09,HMRL-15,646,0
2025-09-09,HMRL-20,695,0
2025-09-09,HMRL-05,681,0
2025-09-09,HMRL-50,603,0
2025-09-09,HMRL-22,550,0
2025-09-09,HMRL-42,555,0
2025-09-09,HMRL-23,567,0
2025-09-09,HMRL-26,626,0
2025-09-09,HMRL-34,619,0
2025-09-09,HMRL-32,562,0
2025-09-08,HMRL-55,570,0
2025-09-08,HMRL-58,557,0
2025-09-08,HMRL-24,670,0
2025-09-08,HMRL-21,558,0
2025-09-08,HMRL-47,587,0
2025-09-08,HMRL-27,636,0
2025-09-08,HMRL-05,662,0
2025-09-08,HMRL-39,616,0
2025-09-08,HMRL-09,544,0
2025-09-08,HMRL-52,654,0
2025-09-08,HMRL-54,649,0
2025-09-08,HMRL-34,659,0
2025-09-08,HMRL-36,542,0
2025-09-08,HMRL-51,580,0
2025-09-08,HMRL-56,657,0
2025-09-08,HMRL-02,565,0
2025-09-08,HMRL-60,675,0
2025-09-08,HMRL-14,694,0
2025-09-08,HMRL-06,691,0
2025-09-08,HMRL-49,696,0
2025-09-08,HMRL-26,638,0
2025-09-08,HMRL-19,528,0
2025-09-08,HMRL-08,529,1
2025-09-08,HMRL-31,556,0
2025-09-08,HMRL-25,609,0
2025-09-08,HMRL-50,654,0
2025-09-08,HMRL-15,506,0
2025-09-08,HMRL-45,627,0
2025-09-08,HMRL-10,585,0
2025-09-08,HMRL-07,589,0
2025-09-08,HMRL-43,668,0
2025-09-08,HMRL-46,514,0
2025-09-08,HMRL-48,599,0
2025-09-08,HMRL-04,542,0
2025-09-08,HMRL-23,635,0
2025-09-08,HMRL-57,656,2
2025-09-08,HMRL-30,647,0
2025-09-08,HMRL-20,538,1
2025-09-08,HMRL-38,599,0
2025-09-08,HMRL-59,619,0
2025-09-08,HMRL-17,605,0
2025-09-08,HMRL-37,685,0
2025-09-08,HMRL-11,601,0
2025-09-08,HMRL-03,555,0
2025-09-08,HMRL-28,582,0
2025-09-08,HMRL-16,518,0
2025-09-08,HMRL-22,501,0
2025-09-08,HMRL-53,581,0
2025-09-07,HMRL-30,439,0
2025-09-07,HMRL-50,363,2
2025-09-07,HMRL-15,479,0
2025-09-07,HMRL-47,342,0
2025-09-07,HMRL-60,463,0
2025-09-07,HMRL-51,430,0
2025-09-07,HMRL-37,343,0
2025-09-07,HMRL-13,310,0
2025-09-07,HMRL-39,474,0
2025-09-07,HMRL-23,434,0
2025-09-07,HMRL-32,343,0
2025-09-07,HMRL-38,358,0
2025-09-07,HMRL-21,390,0
2025-09-07,HMRL-55,374,0
2025-09-07,HMRL-05,338,0
2025-09-07,HMRL-54,420,0
2025-09-07,HMRL-42,316,0
2025-09-07,HMRL-10,305,0
2025-09-07,HMRL-17,335,0
2025-09-07,HMRL-29,364,0
2025-09-07,HMRL-18,317,0
2025-09-07,HMRL-06,483,0
2025-09-07,HMRL-46,456,0
2025-09-07,HMRL-49,495,0
2025-09-07,HMRL-31,461,0
2025-09-07,HMRL-14,316,0
2025-09-07,HMRL-26,487,0
2025-09-07,HMRL-56,390,0
2025-09-07,HMRL-01,475,0
2025-09-07,HMRL-07,304,0
2025-09-07,HMRL-57,320,0
2025-09-07,HMRL-44,377,0
2025-09-07,HMRL-35,496,0
2025-09-07,HMRL-45,332,0
2025-09-07,HMRL-12,344,0
2025-09-07,HMRL-53,312,0
2025-09-07,HMRL-48,415,0
2025-09-07,HMRL-58,361,0
2025-09-07,HMRL-28,339,0
2025-09-07,HMRL-04,435,0
2025-09-07,HMRL-24,480,0
2025-09-07,HMRL-52,471,0
2025-09-07,HMRL-34,336,0
2025-09-07,HMRL-43,463,0
2025-09-07,HMRL-19,416,0
2025-09-07,HMRL-20,352,0
2025-09-07,HMRL-33,411,0
2025-09-07,HMRL-59,336,0
2025-09-07,HMRL-25,443,0
2025-09-06,HMRL-46,448,0
2025-09-06,HMRL-26,477,0
2025-09-06,HMRL-15,300,0
2025-09-06,HMRL-08,375,0
2025-09-06,HMRL-28,391,1
2025-09-06,HMRL-54,467,0
2025-09-06,HMRL-51,404,0
2025-09-06,HMRL-56,480,0
2025-09-06,HMRL-40,487,0
2025-09-06,HMRL-25,349,0
2025-09-06,HMRL-36,341,0
2025-09-06,HMRL-31,395,0
2025-09-06,HMRL-47,362,0
2025-09-06,HMRL-44,334,0
2025-09-06,HMRL-20,441,0
2025-09-06,HMRL-01,383,0
2025-09-06,HMRL-16,440,0
2025-09-06,HMRL-14,416,0
2025-09-06,HMRL-45,462,0
2025-09-06,HMRL-17,389,0
2025-09-06,HMRL-24,489,0
2025-09-06,HMRL-18,482,0
2025-09-06,HMRL-41,403,0
2025-09-06,HMRL-05,387,0
2025-09-06,HMRL-02,473,0
2025-09-06,HMRL-55,393,0
2025-09-06,HMRL-07,329,0
2025-09-06,HMRL-53,498,0
2025-09-06,HMRL-59,383,0
2025-09-06,HMRL-09,475,0
2025-09-06,HMRL-19,346,0
2025-09-06,HMRL-58,480,0
2025-09-06,HMRL-42,437,0
2025-09-06,HMRL-33,310,0
2025-09-06,HMRL-22,413,0
2025-09-06,HMRL-39,450,0
2025-09-06,HMRL-10,365,0
2025-09-06,HMRL-52,391,0
2025-09-06,HMRL-11,436,0
2025-09-06,HMRL-35,429,1
2025-09-06,HMRL-27,420,0
2025-09-06,HMRL-04,439,0
2025-09-06,HMRL-32,379,0
2025-09-06,HMRL-30,333,0
2025-09-06,HMRL-48,356,0
2025-09-06,HMRL-34,479,0
2025-09-06,HMRL-37,477,0
2025-09-06,HMRL-03,469,0
2025-09-05,HMRL-03,693,0
2025-09-05,HMRL-21,589,0
2025-09-05,HMRL-48,542,0
2025-09-05,HMRL-51,698,0
2025-09-05,HMRL-23,597,0
2025-09-05,HMRL-37,652,0
2025-09-05,HMRL-27,515,0
2025-09-05,HMRL-29,569,0
2025-09-05,HMRL-59,674,0
2025-09-05,HMRL-53,533,0
2025-09-05,HMRL-32,662,0
2025-09-05,HMRL-39,632,0
2025-09-05,HMRL-49,684,0
2025-09-05,HMRL-06,675,0
2025-09-05,HMRL-07,626,0
2025-09-05,HMRL-44,527,0
2025-09-05,HMRL-13,691,0
2025-09-05,HMRL-57,646,0
2025-09-05,HMRL-38,663,0
2025-09-05,HMRL-36,652,0
2025-09-05,HMRL-15,526,0
2025-09-05,HMRL-02,584,0
2025-09-05,HMRL-20,512,0
2025-09-05,HMRL-22,556,0
2025-09-05,HMRL-30,673,0
2025-09-05,HMRL-54,638,0
2025-09-05,HMRL-10,673,0
2025-09-05,HMRL-43,537,0
2025-09-05,HMRL-17,687,0
2025-09-05,HMRL-11,643,0
2025-09-05,HMRL-25,631,0
2025-09-05,HMRL-28,666,0
2025-09-05,HMRL-55,697,0
2025-09-05,HMRL-04,698,0
2025-09-05,HMRL-60,647,0
2025-09-05,HMRL-45,678,0
2025-09-05,HMRL-01,682,0
2025-09-05,HMRL-18,645,0
2025-09-05,HMRL-19,560,0
2025-09-05,HMRL-12,572,0
2025-09-05,HMRL-50,656,0
2025-09-05,HMRL-33,686,0
2025-09-05,HMRL-40,576,0
2025-09-05,HMRL-58,580,0
2025-09-04,HMRL-56,629,0
2025-09-04,HMRL-52,672,0
2025-09-04,HMRL-20,606,0
2025-09-04,HMRL-18,641,0
2025-09-04,HMRL-08,579,0
2025-09-04,HMRL-55,555,0
2025-09-04,HMRL-03,673,1
2025-09-04,HMRL-29,677,0
2025-09-04,HMRL-26,613,0
2025-09-04,HMRL-38,525,0
2025-09-04,HMRL-11,619,0
2025-09-04,HMRL-48,599,0
2025-09-04,HMRL-28,675,0
2025-09-04,HMRL-09,549,0
2025-09-04,HMRL-25,506,0
2025-09-04,HMRL-41,500,0
2025-09-04,HMRL-22,636,0
2025-09-04,HMRL-19,649,0
2025-09-04,HMRL-42,548,0
2025-09-04,HMRL-15,682,0
2025-09-04,HMRL-58,572,2
2025-09-04,HMRL-53,604,0
2025-09-04,HMRL-23,654,0
2025-09-04,HMRL-37,641,0
2025-09-04,HMRL-07,696,0
2025-09-04,HMRL-59,522,0
2025-09-04,HMRL-02,535,0
2025-09-04,HMRL-17,674,0
2025-09-04,HMRL-16,580,0
2025-09-04,HMRL-50,617,0
2025-09-04,HMRL-43,677,0
2025-09-04,HMRL-21,584,0
2025-09-04,HMRL-33,572,0
2025-09-04,HMRL-36,539,0
2025-09-04,HMRL-40,676,0
2025-09-04,HMRL-49,532,0
2025-09-04,HMRL-31,623,0
2025-09-04,HMRL-39,574,0
2025-09-04,HMRL-51,656,0
2025-09-04,HMRL-30,508,0
2025-09-04,HMRL-34,681,0
2025-09-04,HMRL-45,594,0
2025-09-04,HMRL-14,615,0
2025-09-04,HMRL-12,510,0
2025-09-04,HMRL-24,538,0
2025-09-04,HMRL-60,620,0
2025-09-03,HMRL-27,642,0
2025-09-03,HMRL-20,563,0
2025-09-03,HMRL-17,565,0
2025-09-03,HMRL-51,582,0
2025-09-03,HMRL-24,587,0
2025-09-03,HMRL-37,513,0
2025-09-03,HMRL-18,604,0
2025-09-03,HMRL-52,585,0
2025-09-03,HMRL-31,627,0
2025-09-03,HMRL-26,696,0
2025-09-03,HMRL-08,672,0
2025-09-03,HMRL-11,555,0
2025-09-03,HMRL-07,535,0
2025-09-03,HMRL-36,549,0
2025-09-03,HMRL-55,653,0
2025-09-03,HMRL-16,605,0
2025-09-03,HMRL-43,677,0
2025-09-03,HMRL-39,562,0
2025-09-03,HMRL-06,596,0
2025-09-03,HMRL-41,536,0
2025-09-03,HMRL-10,608,0
2025-09-03,HMRL-53,644,2
2025-09-03,HMRL-01,547,0
2025-09-03,HMRL-60,644,0
2025-09-03,HMRL-21,586,0
2025-09-03,HMRL-02,602,0
2025-09-03,HMRL-29,697,0
2025-09-03,HMRL-57,610,0
2025-09-03,HMRL-48,618,1
2025-09-03,HMRL-34,587,0
2025-09-03,HMRL-05,544,0
2025-09-03,HMRL-42,553,0
2025-09-03,HMRL-28,656,0
2025-09-03,HMRL-30,621,0
2025-09-03,HMRL-54,529,0
2025-09-03,HMRL-47,686,0
2025-09-03,HMRL-50,675,0
2025-09-03,HMRL-25,675,0
2025-09-03,HMRL-23,650,0
2025-09-03,HMRL-38,518,0
2025-09-03,HMRL-12,540,0
2025-09-03,HMRL-13,596,0
2025-09-03,HMRL-40,656,0
2025-09-03,HMRL-33,500,0
2025-09-03,HMRL-14,557,0
2025-09-02,HMRL-59,574,0
2025-09-02,HMRL-27,680,0
2025-09-02,HMRL-03,628,0
2025-09-02,HMRL-56,535,0
2025-09-02,HMRL-04,569,0
2025-09-02,HMRL-36,503,0
2025-09-02,HMRL-09,606,0
2025-09-02,HMRL-10,504,0
2025-09-02,HMRL-33,567,0
2025-09-02,HMRL-15,677,0
2025-09-02,HMRL-42,587,0
2025-09-02,HMRL-30,618,0
2025-09-02,HMRL-29,640,0
2025-09-02,HMRL-18,564,0
2025-09-02,HMRL-12,640,0
2025-09-02,HMRL-49,566,0
2025-09-02,HMRL-57,678,0
2025-09-02,HMRL-21,569,0
2025-09-02,HMRL-19,622,0
2025-09-02,HMRL-40,698,0
2025-09-02,HMRL-55,611,2
2025-09-02,HMRL-43,631,0
2025-09-02,HMRL-32,616,0
2025-09-02,HMRL-35,539,0
2025-09-02,HMRL-37,539,0
2025-09-02,HMRL-48,515,0
2025-09-02,HMRL-11,534,0
2025-09-02,HMRL-53,537,0
2025-09-02,HMRL-44,675,0
2025-09-02,HMRL-13,681,0
2025-09-02,HMRL-07,596,0
2025-09-02,HMRL-05,612,0
2025-09-02,HMRL-06,626,0
2025-09-02,HMRL-23,608,0
2025-09-02,HMRL-22,683,0
2025-09-02,HMRL-17,631,0
2025-09-02,HMRL-60,676,0
2025-09-02,HMRL-01,664,0
2025-09-02,HMRL-58,578,0
2025-09-02,HMRL-28,647,0
2025-09-02,HMRL-14,662,0
2025-09-02,HMRL-50,634,0
2025-09-02,HMRL-47,531,0
2025-09-02,HMRL-02,694,0
2025-09-01,HMRL-09,557,0
2025-09-01,HMRL-36,640,0
2025-09-01,HMRL-44,687,0
2025-09-01,HMRL-24,597,0
2025-09-01,HMRL-16,538,0
2025-09-01,HMRL-57,575,0
2025-09-01,HMRL-58,671,3
2025-09-01,HMRL-54,523,1
2025-09-01,HMRL-18,500,0
2025-09-01,HMRL-06,527,0
2025-09-01,HMRL-26,688,0
2025-09-01,HMRL-02,685,0
2025-09-01,HMRL-51,595,0
2025-09-01,HMRL-37,573,0
2025-09-01,HMRL-39,541,0
2025-09-01,HMRL-48,660,0
2025-09-01,HMRL-40,674,0
2025-09-01,HMRL-59,508,3
2025-09-01,HMRL-17,544,0
2025-09-01,HMRL-43,620,0
2025-09-01,HMRL-49,659,0
2025-09-01,HMRL-34,621,0
2025-09-01,HMRL-29,617,0
2025-09-01,HMRL-01,667,0
2025-09-01,HMRL-08,585,0
2025-09-01,HMRL-31,653,0
2025-09-01,HMRL-47,652,0
2025-09-01,HMRL-33,615,0
2025-09-01,HMRL-50,565,0
2025-09-01,HMRL-56,542,0
2025-09-01,HMRL-28,598,0
2025-09-01,HMRL-38,674,0
2025-09-01,HMRL-04,689,0
2025-09-01,HMRL-12,666,0
2025-09-01,HMRL-45,572,0
2025-09-01,HMRL-53,589,0
2025-09-01,HMRL-35,554,0
2025-09-01,HMRL-15,510,0
2025-09-01,HMRL-21,674,0
2025-09-01,HMRL-30,523,0
2025-09-01,HMRL-25,548,0
2025-09-01,HMRL-55,699,0
2025-09-01,HMRL-10,696,0
2025-09-01,HMRL-20,613,0
2025-09-01,HMRL-52,692,0
2025-09-01,HMRL-22,646,0
2025-08-31,HMRL-25,411,0
2025-08-31,HMRL-35,366,0
2025-08-31,HMRL-08,362,0
2025-08-31,HMRL-48,412,0
2025-08-31,HMRL-44,327,0
2025-08-31,HMRL-60,477,0
2025-08-31,HMRL-50,479,0
2025-08-31,HMRL-01,477,0
2025-08-31,HMRL-34,436,0
2025-08-31,HMRL-21,473,0
2025-08-31,HMRL-22,430,0
2025-08-31,HMRL-32,471,0
2025-08-31,HMRL-06,382,0
2025-08-31,HMRL-30,342,0
2025-08-31,HMRL-20,447,0
2025-08-31,HMRL-39,428,0
2025-08-31,HMRL-43,313,0
2025-08-31,HMRL-03,416,0
2025-08-31,HMRL-24,350,0
2025-08-31,HMRL-52,477,0
2025-08-31,HMRL-46,436,1
2025-08-31,HMRL-26,339,0
2025-08-31,HMRL-41,407,0
2025-08-31,HMRL-33,388,0
2025-08-31,HMRL-57,426,0
2025-08-31,HMRL-18,334,1
2025-08-31,HMRL-59,375,0
2025-08-31,HMRL-56,341,0
2025-08-31,HMRL-04,432,0
2025-08-31,HMRL-07,423,0
2025-08-31,HMRL-27,440,0
2025-08-31,HMRL-45,483,0
2025-08-31,HMRL-11,316,0
2025-08-31,HMRL-17,372,0
2025-08-31,HMRL-13,474,0
2025-08-31,HMRL-36,486,0
2025-08-31,HMRL-10,414,0
2025-08-31,HMRL-02,301,0
2025-08-31,HMRL-54,449,0
2025-08-31,HMRL-12,416,0
2025-08-31,HMRL-15,423,0
2025-08-31,HMRL-09,364,0
2025-08-31,HMRL-19,346,0
2025-08-31,HMRL-28,417,0
2025-08-31,HMRL-53,386,0
2025-08-31,HMRL-42,369,0
2025-08-31,HMRL-40,336,0
2025-08-31,HMRL-14,346,0
2025-08-31,HMRL-38,409,0
2025-08-30,HMRL-34,454,0
2025-08-30,HMRL-42,484,0
2025-08-30,HMRL-40,389,0
2025-08-30,HMRL-30,317,0
2025-08-30,HMRL-38,404,0
2025-08-30,HMRL-35,402,0
2025-08-30,HMRL-60,333,0
2025-08-30,HMRL-57,361,0
2025-08-30,HMRL-31,315,0
2025-08-30,HMRL-22,419,0
2025-08-30,HMRL-19,457,0
2025-08-30,HMRL-18,307,0
2025-08-30,HMRL-51,359,0
2025-08-30,HMRL-33,308,0
2025-08-30,HMRL-17,333,0
2025-08-30,HMRL-29,376,0
2025-08-30,HMRL-50,313,0
2025-08-30,HMRL-05,412,0
2025-08-30,HMRL-16,345,0
2025-08-30,HMRL-49,466,0
2025-08-30,HMRL-01,425,0
2025-08-30,HMRL-08,466,0
2025-08-30,HMRL-09,376,0
2025-08-30,HMRL-14,390,0
2025-08-30,HMRL-27,316,0
2025-08-30,HMRL-58,326,0
2025-08-30,HMRL-48,319,0
2025-08-30,HMRL-28,478,0
2025-08-30,HMRL-12,347,0
2025-08-30,HMRL-23,424,0
2025-08-30,HMRL-15,312,0
2025-08-30,HMRL-11,406,0
2025-08-30,HMRL-54,376,0
2025-08-30,HMRL-03,430,0
2025-08-30,HMRL-52,402,0
2025-08-30,HMRL-44,390,0
2025-08-30,HMRL-07,481,0
2025-08-30,HMRL-56,320,0
2025-08-30,HMRL-13,307,0
2025-08-30,HMRL-39,441,0
2025-08-30,HMRL-46,345,0
2025-08-30,HMRL-55,319,0
2025-08-30,HMRL-04,469,0
2025-08-30,HMRL-43,438,0
2025-08-30,HMRL-26,449,2
2025-08-30,HMRL-37,457,0
2025-08-30,HMRL-59,450,0
2025-08-30,HMRL-20,455,0
2025-08-30,HMRL-47,379,0
2025-08-30,HMRL-21,428,0
2025-08-29,HMRL-19,538,3
2025-08-29,HMRL-29,623,0
2025-08-29,HMRL-57,557,0
2025-08-29,HMRL-03,612,0
2025-08-29,HMRL-22,690,0
2025-08-29,HMRL-10,637,0
2025-08-29,HMRL-58,556,0
2025-08-29,HMRL-16,662,0
2025-08-29,HMRL-06,693,0
2025-08-29,HMRL-43,662,0
2025-08-29,HMRL-15,622,0
2025-08-29,HMRL-44,608,0
2025-08-29,HMRL-11,666,0
2025-08-29,HMRL-40,615,0
2025-08-29,HMRL-35,682,0
2025-08-29,HMRL-36,514,0
2025-08-29,HMRL-30,554,0
2025-08-29,HMRL-52,591,0
2025-08-29,HMRL-48,620,0
2025-08-29,HMRL-14,532,0
2025-08-29,HMRL-42,556,0
2025-08-29,HMRL-02,671,0
2025-08-29,HMRL-41,543,0
2025-08-29,HMRL-28,614,0
2025-08-29,HMRL-25,505,0
2025-08-29,HMRL-34,541,0
2025-08-29,HMRL-37,510,0
2025-08-29,HMRL-60,539,0
2025-08-29,HMRL-09,586,0
2025-08-29,HMRL-26,605,0
2025-08-29,HMRL-50,685,0
2025-08-29,HMRL-46,675,0
2025-08-29,HMRL-24,648,0
2025-08-29,HMRL-53,617,0
2025-08-29,HMRL-18,575,0
2025-08-29,HMRL-13,606,0
2025-08-29,HMRL-05,642,0
2025-08-29,HMRL-38,517,0
2025-08-29,HMRL-31,649,0
2025-08-29,HMRL-47,700,0
2025-08-29,HMRL-51,602,0
2025-08-29,HMRL-27,617,0
2025-08-29,HMRL-59,600,0
2025-08-29,HMRL-17,587,0
2025-08-29,HMRL-49,502,0
2025-08-29,HMRL-12,571,0
2025-08-29,HMRL-07,567,0
2025-08-29,HMRL-01,610,0
2025-08-29,HMRL-33,558,0
2025-08-29,HMRL-04,682,0
2025-08-28,HMRL-45,507,0
2025-08-28,HMRL-11,561,0
2025-08-28,HMRL-19,629,0
2025-08-28,HMRL-35,694,0
2025-08-28,HMRL-39,639,0
2025-08-28,HMRL-22,591,0
2025-08-28,HMRL-23,659,2
2025-08-28,HMRL-57,640,0
2025-08-28,HMRL-30,519,0
2025-08-28,HMRL-60,529,0
2025-08-28,HMRL-29,555,0
2025-08-28,HMRL-02,571,0
2025-08-28,HMRL-01,550,0
2025-08-28,HMRL-43,617,0
2025-08-28,HMRL-28,615,0
2025-08-28,HMRL-59,630,0
2025-08-28,HMRL-16,518,0
2025-08-28,HMRL-40,597,0
2025-08-28,HMRL-17,610,0
2025-08-28,HMRL-21,594,0
2025-08-28,HMRL-38,648,0
2025-08-28,HMRL-47,575,0
2025-08-28,HMRL-18,626,0
2025-08-28,HMRL-51,587,0
2025-08-28,HMRL-27,594,0
2025-08-28,HMRL-56,506,0
2025-08-28,HMRL-03,582,0
2025-08-28,HMRL-32,561,0
2025-08-28,HMRL-36,599,0
2025-08-28,HMRL-48,681,0
2025-08-28,HMRL-41,613,0
2025-08-28,HMRL-53,631,0
2025-08-28,HMRL-20,573,0
2025-08-28,HMRL-37,643,0
2025-08-28,HMRL-07,588,0
2025-08-28,HMRL-49,676,0
2025-08-28,HMRL-34,689,0
2025-08-28,HMRL-05,593,0
2025-08-28,HMRL-25,515,0
2025-08-28,HMRL-08,671,0
2025-08-28,HMRL-52,665,0
2025-08-28,HMRL-58,541,0
2025-08-28,HMRL-42,519,0
2025-08-27,HMRL-07,559,0
2025-08-27,HMRL-56,505,0
2025-08-27,HMRL-05,523,0
2025-08-27,HMRL-40,683,0
2025-08-27,HMRL-41,509,0
2025-08-27,HMRL-46,668,0
2025-08-27,HMRL-12,622,0
2025-08-27,HMRL-06,649,0
2025-08-27,HMRL-20,681,2
2025-08-27,HMRL-24,622,0
2025-08-27,HMRL-32,564,1
2025-08-27,HMRL-19,667,0
2025-08-27,HMRL-55,539,0
2025-08-27,HMRL-49,604,0
2025-08-27,HMRL-21,652,3
2025-08-27,HMRL-10,529,0
2025-08-27,HMRL-04,577,0
2025-08-27,HMRL-14,686,0
2025-08-27,HMRL-03,567,0
2025-08-27,HMRL-09,681,0
2025-08-27,HMRL-31,517,0
2025-08-27,HMRL-25,653,0
2025-08-27,HMRL-17,659,0
2025-08-27,HMRL-30,545,0
2025-08-27,HMRL-13,609,0
2025-08-27,HMRL-02,522,0
2025-08-27,HMRL-33,561,0
2025-08-27,HMRL-45,532,0
2025-08-27,HMRL-52,529,0
2025-08-27,HMRL-57,697,0
2025-08-27,HMRL-35,522,0
2025-08-27,HMRL-60,681,0
2025-08-27,HMRL-27,521,0
2025-08-27,HMRL-51,510,0
2025-08-27,HMRL-54,578,0
2025-08-27,HMRL-22,541,0
2025-08-27,HMRL-08,654,0
2025-08-27,HMRL-53,635,0
2025-08-27,HMRL-42,648,0
2025-08-27,HMRL-23,605,0
2025-08-27,HMRL-34,592,0
2025-08-27,HMRL-50,529,0
2025-08-27,HMRL-01,527,0
2025-08-27,HMRL-48,651,0
2025-08-27,HMRL-29,671,0
2025-08-27,HMRL-36,582,0
2025-08-27,HMRL-16,643,0
2025-08-26,HMRL-07,565,0
2025-08-26,HMRL-29,621,0
2025-08-26,HMRL-10,588,1
2025-08-26,HMRL-15,616,0
2025-08-26,HMRL-49,680,0
2025-08-26,HMRL-28,681,0
2025-08-26,HMRL-41,617,0
2025-08-26,HMRL-26,519,0
2025-08-26,HMRL-32,693,0
2025-08-26,HMRL-04,530,0
2025-08-26,HMRL-20,550,0
2025-08-26,HMRL-46,664,0
2025-08-26,HMRL-45,519,3
2025-08-26,HMRL-05,671,0
2025-08-26,HMRL-31,696,1
2025-08-26,HMRL-06,676,0
2025-08-26,HMRL-01,507,0
2025-08-26,HMRL-42,694,0
2025-08-26,HMRL-14,656,0
2025-08-26,HMRL-36,697,0
2025-08-26,HMRL-37,608,0
2025-08-26,HMRL-48,618,0
2025-08-26,HMRL-08,655,0
2025-08-26,HMRL-33,652,0
2025-08-26,HMRL-56,601,0
2025-08-26,HMRL-19,654,0
2025-08-26,HMRL-03,683,0
2025-08-26,HMRL-21,696,0
2025-08-26,HMRL-02,676,0
2025-08-26,HMRL-51,507,0
2025-08-26,HMRL-38,690,0
2025-08-26,HMRL-24,633,0
2025-08-26,HMRL-60,700,0
2025-08-26,HMRL-53,516,0
2025-08-26,HMRL-39,512,0
2025-08-26,HMRL-44,550,0
2025-08-26,HMRL-30,555,0
2025-08-26,HMRL-09,507,0
2025-08-26,HMRL-23,603,0
2025-08-26,HMRL-35,636,0
2025-08-26,HMRL-12,575,0
2025-08-26,HMRL-43,678,0
2025-08-26,HMRL-25,634,0
2025-08-26,HMRL-16,659,0
2025-08-26,HMRL-34,543,0
2025-08-25,HMRL-39,508,0
2025-08-25,HMRL-47,560,0
2025-08-25,HMRL-01,612,0
2025-08-25,HMRL-54,579,0
2025-08-25,HMRL-37,570,0
2025-08-25,HMRL-32,688,0
2025-08-25,HMRL-12,682,0
2025-08-25,HMRL-10,600,0
2025-08-25,HMRL-34,696,0
2025-08-25,HMRL-21,558,0
2025-08-25,HMRL-35,585,0
2025-08-25,HMRL-45,543,0
2025-08-25,HMRL-53,623,0
2025-08-25,HMRL-44,531,0
2025-08-25,HMRL-24,631,0
2025-08-25,HMRL-36,631,0
2025-08-25,HMRL-22,691,0
2025-08-25,HMRL-18,564,0
2025-08-25,HMRL-23,594,0
2025-08-25,HMRL-51,639,0
2025-08-25,HMRL-08,579,0
2025-08-25,HMRL-14,679,0
2025-08-25,HMRL-40,517,0
2025-08-25,HMRL-56,530,0
2025-08-25,HMRL-27,598,0
2025-08-25,HMRL-02,550,0
2025-08-25,HMRL-60,519,0
2025-08-25,HMRL-20,602,0
2025-08-25,HMRL-11,505,0
2025-08-25,HMRL-25,587,0
2025-08-25,HMRL-31,661,0
2025-08-25,HMRL-38,589,0
2025-08-25,HMRL-52,544,0
2025-08-25,HMRL-16,628,0
2025-08-25,HMRL-43,597,0
2025-08-25,HMRL-26,565,0
2025-08-25,HMRL-07,699,0
2025-08-25,HMRL-30,559,0
2025-08-25,HMRL-49,522,0
2025-08-25,HMRL-46,506,0
2025-08-25,HMRL-13,673,0
2025-08-25,HMRL-19,675,0
2025-08-25,HMRL-41,586,0
2025-08-25,HMRL-05,590,0
2025-08-25,HMRL-29,608,0
2025-08-25,HMRL-09,501,0
2025-08-25,HMRL-58,523,0
2025-08-24,HMRL-42,366,0
2025-08-24,HMRL-09,492,0
2025-08-24,HMRL-10,304,0
2025-08-24,HMRL-32,435,0
2025-08-24,HMRL-50,443,0
2025-08-24,HMRL-58,490,0
2025-08-24,HMRL-15,418,0
2025-08-24,HMRL-34,344,0
2025-08-24,HMRL-25,446,0
2025-08-24,HMRL-38,469,0
2025-08-24,HMRL-31,481,0
2025-08-24,HMRL-18,346,0
2025-08-24,HMRL-44,390,0
2025-08-24,HMRL-59,456,0
2025-08-24,HMRL-45,409,0
2025-08-24,HMRL-07,375,0
2025-08-24,HMRL-60,321,0
2025-08-24,HMRL-29,492,0
2025-08-24,HMRL-14,478,0
2025-08-24,HMRL-52,390,0
2025-08-24,HMRL-53,333,0
2025-08-24,HMRL-54,343,0
2025-08-24,HMRL-35,303,0
2025-08-24,HMRL-24,490,0
2025-08-24,HMRL-04,483,0
2025-08-24,HMRL-21,465,0
2025-08-24,HMRL-43,352,0
2025-08-24,HMRL-02,418,0
2025-08-24,HMRL-13,500,0
2025-08-24,HMRL-47,492,0
2025-08-24,HMRL-01,347,0
2025-08-24,HMRL-41,472,0
2025-08-24,HMRL-23,404,0
2025-08-24,HMRL-20,441,0
2025-08-24,HMRL-19,341,0
2025-08-24,HMRL-03,487,0
2025-08-24,HMRL-48,424,0
2025-08-24,HMRL-22,475,0
2025-08-24,HMRL-12,311,0
2025-08-24,HMRL-33,419,0
2025-08-24,HMRL-49,326,0
2025-08-24,HMRL-36,482,0
2025-08-24,HMRL-40,462,0
2025-08-24,HMRL-46,414,0
2025-08-24,HMRL-37,319,0
2025-08-24,HMRL-57,361,0
2025-08-24,HMRL-28,499,0
2025-08-24,HMRL-39,444,0
2025-08-23,HMRL-06,434,0
2025-08-23,HMRL-45,419,0
2025-08-23,HMRL-55,472,0
2025-08-23,HMRL-19,452,0
2025-08-23,HMRL-12,484,0
2025-08-23,HMRL-41,424,0
2025-08-23,HMRL-46,330,0
2025-08-23,HMRL-58,406,0
2025-08-23,HMRL-52,376,0
2025-08-23,HMRL-16,365,0
2025-08-23,HMRL-21,482,0
2025-08-23,HMRL-54,326,0
2025-08-23,HMRL-23,429,0
2025-08-23,HMRL-10,494,0
2025-08-23,HMRL-35,392,0
2025-08-23,HMRL-13,344,0
2025-08-23,HMRL-53,377,0
2025-08-23,HMRL-14,425,0
2025-08-23,HMRL-31,487,0
2025-08-23,HMRL-11,471,0
2025-08-23,HMRL-49,439,0
2025-08-23,HMRL-42,495,0
2025-08-23,HMRL-48,481,0
2025-08-23,HMRL-26,427,0
2025-08-23,HMRL-32,471,0
2025-08-23,HMRL-08,374,0
2025-08-23,HMRL-43,486,0
2025-08-23,HMRL-04,301,0
2025-08-23,HMRL-09,330,0
2025-08-23,HMRL-34,387,0
2025-08-23,HMRL-29,385,0
2025-08-23,HMRL-44,340,0
2025-08-23,HMRL-59,497,0
2025-08-23,HMRL-36,307,0
2025-08-23,HMRL-50,341,0
2025-08-23,HMRL-15,403,0
2025-08-23,HMRL-38,449,0
2025-08-23,HMRL-51,403,0
2025-08-23,HMRL-33,304,0
2025-08-23,HMRL-03,410,0
2025-08-23,HMRL-30,484,0
2025-08-23,HMRL-17,440,0
2025-08-23,HMRL-18,446,0
2025-08-23,HMRL-05,392,0
2025-08-23,HMRL-37,404,0
2025-08-23,HMRL-39,494,0
2025-08-22,HMRL-09,657,0
2025-08-22,HMRL-07,515,0
2025-08-22,HMRL-50,573,0
2025-08-22,HMRL-46,568,0
2025-08-22,HMRL-01,601,0
2025-08-22,HMRL-54,534,0
2025-08-22,HMRL-56,601,0
2025-08-22,HMRL-13,570,0
2025-08-22,HMRL-44,541,0
2025-08-22,HMRL-48,614,0
2025-08-22,HMRL-31,569,0
2025-08-22,HMRL-55,647,0
2025-08-22,HMRL-51,510,0
2025-08-22,HMRL-38,585,0
2025-08-22,HMRL-02,693,0
2025-08-22,HMRL-29,547,0
2025-08-22,HMRL-03,545,0
2025-08-22,HMRL-16,557,0
2025-08-22,HMRL-32,690,0
2025-08-22,HMRL-34,565,0
2025-08-22,HMRL-04,595,0
2025-08-22,HMRL-41,557,0
2025-08-22,HMRL-33,656,0
2025-08-22,HMRL-27,694,3
2025-08-22,HMRL-28,692,0
2025-08-22,HMRL-15,566,0
2025-08-22,HMRL-11,510,0
2025-08-22,HMRL-52,558,0
2025-08-22,HMRL-42,610,0
2025-08-22,HMRL-26,537,0
2025-08-22,HMRL-37,569,0
2025-08-22,HMRL-58,690,0
2025-08-22,HMRL-25,531,0
2025-08-22,HMRL-23,681,0
2025-08-22,HMRL-57,623,0
2025-08-22,HMRL-19,647,0
2025-08-22,HMRL-17,506,1
2025-08-22,HMRL-08,553,0
2025-08-22,HMRL-60,696,0
2025-08-22,HMRL-24,553,0
2025-08-22,HMRL-22,626,0
2025-08-22,HMRL-05,555,0
2025-08-22,HMRL-14,533,0
2025-08-22,HMRL-43,590,0
2025-08-22,HMRL-10,540,0
2025-08-22,HMRL-20,697,0
2025-08-22,HMRL-30,619,0
2025-08-22,HMRL-59,556,0
2025-08-22,HMRL-39,545,0
2025-08-22,HMRL-47,692,0
2025-08-21,HMRL-03,662,0
2025-08-21,HMRL-15,521,0
2025-08-21,HMRL-52,665,0
2025-08-21,HMRL-59,640,0
2025-08-21,HMRL-46,503,0
2025-08-21,HMRL-31,556,0
2025-08-21,HMRL-53,651,0
2025-08-21,HMRL-50,681,0
2025-08-21,HMRL-47,595,0
2025-08-21,HMRL-45,675,0
2025-08-21,HMRL-56,622,0
2025-08-21,HMRL-04,646,0
2025-08-21,HMRL-01,638,3
2025-08-21,HMRL-35,660,0
2025-08-21,HMRL-51,594,0
2025-08-21,HMRL-38,591,0
2025-08-21,HMRL-20,686,0
2025-08-21,HMRL-10,536,0
2025-08-21,HMRL-42,678,0
2025-08-21,HMRL-14,556,0
2025-08-21,HMRL-17,671,0
2025-08-21,HMRL-60,574,0
2025-08-21,HMRL-41,537,0
2025-08-21,HMRL-29,615,0
2025-08-21,HMRL-48,654,0
2025-08-21,HMRL-18,635,0
2025-08-21,HMRL-13,552,0
2025-08-21,HMRL-34,533,0
2025-08-21,HMRL-57,642,0
2025-08-21,HMRL-37,646,0
2025-08-21,HMRL-25,657,0
2025-08-21,HMRL-07,619,0
2025-08-21,HMRL-22,673,0
2025-08-21,HMRL-49,555,0
2025-08-21,HMRL-21,520,0
2025-08-21,HMRL-26,505,0
2025-08-21,HMRL-58,524,0
2025-08-21,HMRL-40,595,0
2025-08-21,HMRL-55,672,0
2025-08-21,HMRL-24,588,0
2025-08-21,HMRL-09,699,0
2025-08-21,HMRL-12,507,0
2025-08-21,HMRL-33,502,0
2025-08-20,HMRL-57,673,0
2025-08-20,HMRL-59,558,0
2025-08-20,HMRL-48,565,0
2025-08-20,HMRL-42,652,0
2025-08-20,HMRL-34,551,0
2025-08-20,HMRL-26,589,0
2025-08-20,HMRL-41,690,0
2025-08-20,HMRL-43,592,0
2025-08-20,HMRL-50,669,0
2025-08-20,HMRL-03,550,0
2025-08-20,HMRL-55,625,0
2025-08-20,HMRL-60,513,0
2025-08-20,HMRL-30,523,0
2025-08-20,HMRL-15,619,0
2025-08-20,HMRL-20,597,0
2025-08-20,HMRL-32,556,0
2025-08-20,HMRL-27,542,0
2025-08-20,HMRL-31,599,0
2025-08-20,HMRL-06,618,0
2025-08-20,HMRL-46,680,0
2025-08-20,HMRL-37,543,0
2025-08-20,HMRL-40,552,0
2025-08-20,HMRL-35,629,0
2025-08-20,HMRL-28,644,0
2025-08-20,HMRL-16,516,0
2025-08-20,HMRL-10,600,0
2025-08-20,HMRL-23,531,0
2025-08-20,HMRL-49,640,0
2025-08-20,HMRL-01,601,0
2025-08-20,HMRL-08,686,0
2025-08-20,HMRL-17,690,0
2025-08-20,HMRL-11,579,0
2025-08-20,HMRL-33,693,0
2025-08-20,HMRL-38,696,0
2025-08-20,HMRL-05,646,0
2025-08-20,HMRL-36,550,0
2025-08-20,HMRL-13,631,0
2025-08-20,HMRL-39,592,0
2025-08-20,HMRL-52,571,3
2025-08-20,HMRL-04,514,0
2025-08-20,HMRL-29,657,0
2025-08-20,HMRL-12,653,0
2025-08-20,HMRL-24,524,0
2025-08-20,HMRL-53,574,0
2025-08-20,HMRL-47,697,0
2025-08-20,HMRL-22,669,0
2025-08-20,HMRL-21,643,0
2025-08-20,HMRL-44,573,0
2025-08-19,HMRL-53,655,0
2025-08-19,HMRL-16,630,0
2025-08-19,HMRL-46,554,0
2025-08-19,HMRL-18,601,0
2025-08-19,HMRL-27,582,0
2025-08-19,HMRL-28,630,0
2025-08-19,HMRL-37,665,0
2025-08-19,HMRL-20,672,0
2025-08-19,HMRL-17,600,0
2025-08-19,HMRL-32,663,0
2025-08-19,HMRL-14,556,0
2025-08-19,HMRL-45,559,0
2025-08-19,HMRL-15,635,0
2025-08-19,HMRL-35,584,0
2025-08-19,HMRL-29,528,0
2025-08-19,HMRL-36,526,0
2025-08-19,HMRL-04,599,0
2025-08-19,HMRL-21,615,0
2025-08-19,HMRL-09,511,0
2025-08-19,HMRL-33,579,0
2025-08-19,HMRL-54,574,0
2025-08-19,HMRL-02,500,0
2025-08-19,HMRL-22,650,0
2025-08-19,HMRL-25,554,0
2025-08-19,HMRL-55,566,0
2025-08-19,HMRL-23,617,0
2025-08-19,HMRL-06,649,0
2025-08-19,HMRL-13,689,0
2025-08-19,HMRL-58,609,0
2025-08-19,HMRL-57,586,1
2025-08-19,HMRL-26,686,0
2025-08-19,HMRL-51,674,0
2025-08-19,HMRL-10,580,0
2025-08-19,HMRL-24,641,0
2025-08-19,HMRL-48,681,0
2025-08-19,HMRL-30,679,0
2025-08-19,HMRL-03,663,1
2025-08-19,HMRL-19,577,0
2025-08-19,HMRL-52,633,0
2025-08-19,HMRL-31,555,0
2025-08-19,HMRL-38,533,0
2025-08-19,HMRL-08,606,0
2025-08-19,HMRL-40,669,0
2025-08-19,HMRL-42,525,0
2025-08-19,HMRL-47,631,0
2025-08-19,HMRL-50,691,1
2025-08-19,HMRL-05,542,0
2025-08-19,HMRL-34,623,0
2025-08-19,HMRL-01,632,3
2025-08-18,HMRL-05,628,0
2025-08-18,HMRL-12,669,0
2025-08-18,HMRL-55,623,0
2025-08-18,HMRL-19,579,0
2025-08-18,HMRL-52,537,0
2025-08-18,HMRL-23,552,0
2025-08-18,HMRL-30,692,0
2025-08-18,HMRL-07,642,0
2025-08-18,HMRL-35,700,0
2025-08-18,HMRL-06,593,2
2025-08-18,HMRL-24,679,0
2025-08-18,HMRL-36,608,3
2025-08-18,HMRL-04,556,0
2025-08-18,HMRL-25,535,0
2025-08-18,HMRL-42,647,0
2025-08-18,HMRL-51,534,1
2025-08-18,HMRL-39,697,0
2025-08-18,HMRL-57,510,0
2025-08-18,HMRL-44,554,0
2025-08-18,HMRL-37,673,2
2025-08-18,HMRL-38,626,0
2025-08-18,HMRL-08,642,0
2025-08-18,HMRL-13,539,0
2025-08-18,HMRL-26,565,0
2025-08-18,HMRL-50,599,0
2025-08-18,HMRL-03,517,0
2025-08-18,HMRL-58,546,0
2025-08-18,HMRL-22,689,0
2025-08-18,HMRL-46,508,0
2025-08-18,HMRL-43,515,0
2025-08-18,HMRL-48,651,0
2025-08-18,HMRL-33,594,0
2025-08-18,HMRL-27,609,0
2025-08-18,HMRL-49,672,0
2025-08-18,HMRL-41,641,0
2025-08-18,HMRL-31,664,0
2025-08-18,HMRL-32,531,0
2025-08-18,HMRL-47,533,0
2025-08-18,HMRL-14,681,0
2025-08-18,HMRL-18,558,0
2025-08-18,HMRL-15,657,0
2025-08-18,HMRL-56,556,0
2025-08-17,HMRL-21,403,0
2025-08-17,HMRL-23,498,0
2025-08-17,HMRL-38,476,0
2025-08-17,HMRL-56,496,0
2025-08-17,HMRL-48,404,0
2025-08-17,HMRL-33,438,0
2025-08-17,HMRL-50,477,0
2025-08-17,HMRL-32,326,0
2025-08-17,HMRL-58,498,0
2025-08-17,HMRL-47,360,0
2025-08-17,HMRL-09,444,0
2025-08-17,HMRL-04,371,0
2025-08-17,HMRL-28,390,0
2025-08-17,HMRL-10,451,0
2025-08-17,HMRL-15,489,0
2025-08-17,HMRL-08,428,1
2025-08-17,HMRL-19,477,0
2025-08-17,HMRL-43,367,0
2025-08-17,HMRL-22,410,0
2025-08-17,HMRL-39,356,0
2025-08-17,HMRL-57,463,0
2025-08-17,HMRL-36,389,0
2025-08-17,HMRL-55,310,0
2025-08-17,HMRL-07,336,0
2025-08-17,HMRL-02,370,0
2025-08-17,HMRL-25,458,0
2025-08-17,HMRL-37,374,0
2025-08-17,HMRL-26,416,0
2025-08-17,HMRL-49,466,0
2025-08-17,HMRL-31,410,0
2025-08-17,HMRL-51,348,0
2025-08-17,HMRL-12,460,0
2025-08-17,HMRL-01,416,0
2025-08-17,HMRL-29,399,0
2025-08-17,HMRL-06,453,0
2025-08-17,HMRL-03,349,0
2025-08-17,HMRL-35,373,0
2025-08-17,HMRL-05,434,0
2025-08-17,HMRL-41,402,0
2025-08-17,HMRL-34,375,0
2025-08-17,HMRL-14,396,0
2025-08-17,HMRL-40,381,0
2025-08-17,HMRL-17,303,0
2025-08-17,HMRL-53,500,0
2025-08-16,HMRL-09,382,0
2025-08-16,HMRL-39,345,0
2025-08-16,HMRL-52,387,0
2025-08-16,HMRL-29,490,0
2025-08-16,HMRL-25,308,0
2025-08-16,HMRL-06,433,0
2025-08-16,HMRL-08,379,0
2025-08-16,HMRL-49,316,0
2025-08-16,HMRL-56,327,0
2025-08-16,HMRL-58,314,0
2025-08-16,HMRL-60,338,0
2025-08-16,HMRL-47,487,0
2025-08-16,HMRL-35,384,0
2025-08-16,HMRL-26,322,0
2025-08-16,HMRL-28,330,0
2025-08-16,HMRL-01,395,0
2025-08-16,HMRL-13,304,0
2025-08-16,HMRL-20,459,0
2025-08-16,HMRL-59,469,0
2025-08-16,HMRL-34,338,0
2025-08-16,HMRL-50,483,0
2025-08-16,HMRL-18,301,0
2025-08-16,HMRL-53,337,0
2025-08-16,HMRL-36,448,0
2025-08-16,HMRL-27,366,0
2025-08-16,HMRL-31,357,0
2025-08-16,HMRL-03,370,0
2025-08-16,HMRL-54,464,0
2025-08-16,HMRL-38,371,0
2025-08-16,HMRL-12,437,0
2025-08-16,HMRL-44,424,0
2025-08-16,HMRL-55,367,0
2025-08-16,HMRL-37,350,0
2025-08-16,HMRL-16,462,0
2025-08-16,HMRL-24,423,0
2025-08-16,HMRL-46,439,0
2025-08-16,HMRL-22,377,0
2025-08-16,HMRL-10,329,0
2025-08-16,HMRL-02,435,0
2025-08-16,HMRL-57,323,0
2025-08-16,HMRL-41,459,0
2025-08-16,HMRL-48,474,0
2025-08-16,HMRL-51,432,0
2025-08-16,HMRL-05,303,0
2025-08-16,HMRL-07,474,0
2025-08-16,HMRL-32,338,0
2025-08-16,HMRL-19,341,0
2025-08-16,HMRL-43,388,0
2025-08-15,HMRL-50,558,0
2025-08-15,HMRL-40,634,0
2025-08-15,HMRL-49,620,0
2025-08-15,HMRL-52,567,0
2025-08-15,HMRL-28,621,0
2025-08-15,HMRL-57,596,0
2025-08-15,HMRL-14,636,0
2025-08-15,HMRL-44,639,0
2025-08-15,HMRL-22,576,0
2025-08-15,HMRL-24,678,0
2025-08-15,HMRL-33,614,0
2025-08-15,HMRL-31,514,0
2025-08-15,HMRL-29,580,0
2025-08-15,HMRL-19,675,0
2025-08-15,HMRL-23,555,0
2025-08-15,HMRL-09,599,0
2025-08-15,HMRL-27,654,0
2025-08-15,HMRL-54,595,0
2025-08-15,HMRL-20,681,0
2025-08-15,HMRL-60,532,0
2025-08-15,HMRL-34,623,0
2025-08-15,HMRL-35,682,0
2025-08-15,HMRL-10,521,0
2025-08-15,HMRL-13,567,0
2025-08-15,HMRL-32,662,0
2025-08-15,HMRL-38,503,0
2025-08-15,HMRL-21,520,0
2025-08-15,HMRL-42,573,0
2025-08-15,HMRL-47,651,0
2025-08-15,HMRL-51,652,0
2025-08-15,HMRL-06,578,0
2025-08-15,HMRL-05,618,0
2025-08-15,HMRL-59,552,0
2025-08-15,HMRL-11,652,0
2025-08-15,HMRL-07,622,0
2025-08-15,HMRL-53,592,0
2025-08-15,HMRL-04,562,0
2025-08-15,HMRL-03,648,0
2025-08-15,HMRL-15,542,0
2025-08-15,HMRL-17,657,0
2025-08-15,HMRL-18,523,0
2025-08-15,HMRL-30,552,0
2025-08-15,HMRL-41,577,0
2025-08-15,HMRL-01,577,0
2025-08-15,HMRL-25,627,0
2025-08-15,HMRL-56,682,0
2025-08-15,HMRL-58,591,0
2025-08-15,HMRL-48,683,0
2025-08-15,HMRL-36,517,0
2025-08-15,HMRL-12,634,0
2025-08-14,HMRL-33,579,0
2025-08-14,HMRL-26,685,0
2025-08-14,HMRL-04,565,0
2025-08-14,HMRL-46,603,0
2025-08-14,HMRL-52,695,0
2025-08-14,HMRL-09,503,3
2025-08-14,HMRL-08,596,0
2025-08-14,HMRL-24,535,0
2025-08-14,HMRL-37,640,0
2025-08-14,HMRL-38,530,0
2025-08-14,HMRL-10,546,0
2025-08-14,HMRL-32,665,0
2025-08-14,HMRL-39,530,0
2025-08-14,HMRL-17,554,0
2025-08-14,HMRL-14,628,0
2025-08-14,HMRL-30,637,0
2025-08-14,HMRL-28,642,0
2025-08-14,HMRL-15,695,0
2025-08-14,HMRL-60,609,0
2025-08-14,HMRL-55,555,0
2025-08-14,HMRL-49,550,0
2025-08-14,HMRL-19,576,0
2025-08-14,HMRL-51,592,0
2025-08-14,HMRL-03,610,0
2025-08-14,HMRL-57,669,0
2025-08-14,HMRL-36,602,0
2025-08-14,HMRL-54,601,0
2025-08-14,HMRL-11,590,0
2025-08-14,HMRL-42,524,0
2025-08-14,HMRL-06,564,0
2025-08-14,HMRL-34,567,0
2025-08-14,HMRL-44,587,0
2025-08-14,HMRL-20,686,0
2025-08-14,HMRL-40,643,3
2025-08-14,HMRL-41,668,0
2025-08-14,HMRL-18,610,0
2025-08-14,HMRL-02,539,0
2025-08-14,HMRL-43,546,0
2025-08-14,HMRL-01,599,0
2025-08-14,HMRL-50,619,0
2025-08-14,HMRL-23,522,0
2025-08-14,HMRL-07,681,0
2025-08-14,HMRL-58,685,0
2025-08-14,HMRL-21,596,0
2025-08-14,HMRL-48,635,0
2025-08-14,HMRL-13,686,0
2025-08-14,HMRL-16,589,0
2025-08-14,HMRL-59,688,0
2025-08-14,HMRL-45,641,0
2025-08-13,HMRL-37,639,0
2025-08-13,HMRL-17,545,0
2025-08-13,HMRL-11,625,0
2025-08-13,HMRL-05,549,0
2025-08-13,HMRL-40,655,1
2025-08-13,HMRL-16,603,0
2025-08-13,HMRL-32,507,0
2025-08-13,HMRL-60,557,0
2025-08-13,HMRL-49,585,0
2025-08-13,HMRL-13,500,0
2025-08-13,HMRL-07,546,0
2025-08-13,HMRL-14,605,0
2025-08-13,HMRL-27,627,0
2025-08-13,HMRL-51,694,3
2025-08-13,HMRL-45,654,0
2025-08-13,HMRL-26,685,0
2025-08-13,HMRL-22,600,2
2025-08-13,HMRL-53,698,0
2025-08-13,HMRL-54,564,0
2025-08-13,HMRL-12,680,0
2025-08-13,HMRL-42,579,0
2025-08-13,HMRL-46,668,0
2025-08-13,HMRL-30,522,0
2025-08-13,HMRL-28,623,0
2025-08-13,HMRL-34,669,0
2025-08-13,HMRL-56,597,0
2025-08-13,HMRL-31,646,0
2025-08-13,HMRL-35,670,0
2025-08-13,HMRL-24,615,0
2025-08-13,HMRL-19,509,0
2025-08-13,HMRL-50,600,0
2025-08-13,HMRL-41,546,0
2025-08-13,HMRL-39,617,0
2025-08-13,HMRL-18,578,0
2025-08-13,HMRL-52,544,0
2025-08-13,HMRL-03,599,0
2025-08-13,HMRL-38,612,0
2025-08-13,HMRL-10,568,0
2025-08-13,HMRL-25,658,0
2025-08-13,HMRL-55,526,0
2025-08-13,HMRL-09,692,0
2025-08-13,HMRL-44,592,0
2025-08-13,HMRL-29,613,0
2025-08-13,HMRL-08,540,0
2025-08-13,HMRL-01,625,0
2025-08-13,HMRL-20,530,0
2025-08-13,HMRL-58,585,0
2025-08-12,HMRL-54,513,0
2025-08-12,HMRL-30,551,0
2025-08-12,HMRL-44,601,0
2025-08-12,HMRL-32,668,0
2025-08-12,HMRL-14,695,0
2025-08-12,HMRL-41,652,0
2025-08-12,HMRL-52,567,0
2025-08-12,HMRL-12,632,0
2025-08-12,HMRL-47,689,0
2025-08-12,HMRL-27,658,0
2025-08-12,HMRL-01,649,0
2025-08-12,HMRL-38,613,0
2025-08-12,HMRL-28,589,0
2025-08-12,HMRL-33,660,0
2025-08-12,HMRL-22,561,0
2025-08-12,HMRL-51,613,0
2025-08-12,HMRL-60,581,0
2025-08-12,HMRL-36,683,0
2025-08-12,HMRL-35,564,0
2025-08-12,HMRL-43,613,0
2025-08-12,HMRL-45,653,0
2025-08-12,HMRL-05,643,0
2025-08-12,HMRL-03,673,0
2025-08-12,HMRL-34,634,0
2025-08-12,HMRL-46,580,0
2025-08-12,HMRL-31,664,0
2025-08-12,HMRL-13,585,0
2025-08-12,HMRL-23,560,0
2025-08-12,HMRL-25,589,0
2025-08-12,HMRL-42,508,0
2025-08-12,HMRL-16,623,0
2025-08-12,HMRL-48,595,0
2025-08-12,HMRL-40,555,0
2025-08-12,HMRL-29,636,0
2025-08-12,HMRL-19,603,0
2025-08-12,HMRL-10,547,0
2025-08-12,HMRL-07,530,0
2025-08-12,HMRL-58,653,0
2025-08-12,HMRL-24,689,0
2025-08-12,HMRL-56,678,0
2025-08-12,HMRL-09,699,0
2025-08-12,HMRL-20,553,1
2025-08-12,HMRL-59,570,0
2025-08-11,HMRL-14,700,2
2025-08-11,HMRL-12,647,0
2025-08-11,HMRL-52,517,0
2025-08-11,HMRL-46,545,0
2025-08-11,HMRL-17,611,1
2025-08-11,HMRL-54,528,0
2025-08-11,HMRL-02,652,0
2025-08-11,HMRL-21,600,0
2025-08-11,HMRL-07,632,0
2025-08-11,HMRL-03,618,0
2025-08-11,HMRL-48,662,0
2025-08-11,HMRL-10,632,0
2025-08-11,HMRL-27,560,0
2025-08-11,HMRL-24,505,0
2025-08-11,HMRL-34,567,0
2025-08-11,HMRL-15,582,0
2025-08-11,HMRL-35,667,0
2025-08-11,HMRL-29,680,0
2025-08-11,HMRL-41,635,0
2025-08-11,HMRL-38,587,1
2025-08-11,HMRL-28,588,0
2025-08-11,HMRL-60,696,0
2025-08-11,HMRL-13,546,0
2025-08-11,HMRL-19,547,0
2025-08-11,HMRL-26,507,0
2025-08-11,HMRL-30,635,0
2025-08-11,HMRL-18,610,0
2025-08-11,HMRL-40,515,0
2025-08-11,HMRL-57,662,0
2025-08-11,HMRL-23,679,0
2025-08-11,HMRL-36,530,0
2025-08-11,HMRL-43,653,0
2025-08-11,HMRL-42,684,0
2025-08-11,HMRL-39,524,0
2025-08-11,HMRL-47,645,0
2025-08-11,HMRL-55,548,0
2025-08-11,HMRL-08,564,0
2025-08-11,HMRL-58,665,0
2025-08-11,HMRL-05,576,0
2025-08-11,HMRL-16,526,0
2025-08-11,HMRL-31,553,0
2025-08-11,HMRL-37,563,0
2025-08-11,HMRL-53,628,0
2025-08-11,HMRL-09,585,0
2025-08-11,HMRL-04,629,0
2025-08-11,HMRL-06,502,0
2025-08-11,HMRL-49,516,0
2025-08-11,HMRL-51,660,0
2025-08-10,HMRL-55,330,0
2025-08-10,HMRL-42,441,0
2025-08-10,HMRL-24,429,0
2025-08-10,HMRL-08,469,0
2025-08-10,HMRL-02,365,0
2025-08-10,HMRL-53,321,0
2025-08-10,HMRL-28,490,0
2025-08-10,HMRL-18,491,0
2025-08-10,HMRL-03,368,0
2025-08-10,HMRL-32,368,0
2025-08-10,HMRL-52,441,0
2025-08-10,HMRL-30,446,0
2025-08-10,HMRL-34,490,0
2025-08-10,HMRL-14,306,0
2025-08-10,HMRL-35,347,0
2025-08-10,HMRL-44,308,0
2025-08-10,HMRL-59,395,0
2025-08-10,HMRL-20,482,0
2025-08-10,HMRL-29,339,0
2025-08-10,HMRL-48,459,0
2025-08-10,HMRL-60,331,0
2025-08-10,HMRL-33,340,0
2025-08-10,HMRL-13,466,0
2025-08-10,HMRL-01,453,0
2025-08-10,HMRL-15,402,0
2025-08-10,HMRL-17,356,0
2025-08-10,HMRL-41,342,0
2025-08-10,HMRL-23,391,0
2025-08-10,HMRL-49,402,0
2025-08-10,HMRL-07,300,0
2025-08-10,HMRL-47,307,0
2025-08-10,HMRL-54,464,0
2025-08-10,HMRL-11,390,0
2025-08-10,HMRL-22,315,0
2025-08-10,HMRL-10,474,0
2025-08-10,HMRL-39,341,0
2025-08-10,HMRL-27,460,0
2025-08-10,HMRL-37,355,3
2025-08-10,HMRL-26,383,0
2025-08-10,HMRL-09,351,2
2025-08-10,HMRL-43,335,0
2025-08-10,HMRL-05,494,0
2025-08-10,HMRL-16,398,0
2025-08-10,HMRL-06,332,0
2025-08-10,HMRL-56,314,0
2025-08-10,HMRL-58,331,0
2025-08-10,HMRL-25,308,0
2025-08-10,HMRL-04,314,0
2025-08-09,HMRL-20,419,0
2025-08-09,HMRL-34,498,0
2025-08-09,HMRL-19,434,0
2025-08-09,HMRL-46,320,0
2025-08-09,HMRL-29,386,0
2025-08-09,HMRL-14,362,0
2025-08-09,HMRL-59,447,0
2025-08-09,HMRL-23,486,0
2025-08-09,HMRL-56,458,0
2025-08-09,HMRL-49,377,0
2025-08-09,HMRL-32,428,0
2025-08-09,HMRL-39,326,0
2025-08-09,HMRL-52,386,1
2025-08-09,HMRL-55,375,0
2025-08-09,HMRL-38,372,0
2025-08-09,HMRL-54,329,0
2025-08-09,HMRL-10,383,0
2025-08-09,HMRL-18,430,0
2025-08-09,HMRL-22,467,0
2025-08-09,HMRL-41,404,0
2025-08-09,HMRL-21,310,0
2025-08-09,HMRL-16,385,2
2025-08-09,HMRL-45,405,0
2025-08-09,HMRL-07,392,0
2025-08-09,HMRL-24,390,0
2025-08-09,HMRL-06,498,0
2025-08-09,HMRL-11,394,0
2025-08-09,HMRL-50,430,0
2025-08-09,HMRL-44,315,0
2025-08-09,HMRL-28,482,0
2025-08-09,HMRL-42,339,0
2025-08-09,HMRL-37,498,0
2025-08-09,HMRL-25,414,0
2025-08-09,HMRL-17,415,0
2025-08-09,HMRL-05,426,0
2025-08-09,HMRL-47,447,0
2025-08-09,HMRL-09,394,0
2025-08-09,HMRL-26,481,0
2025-08-09,HMRL-58,355,0
2025-08-09,HMRL-12,337,0
2025-08-09,HMRL-04,488,0
2025-08-09,HMRL-27,363,0
2025-08-09,HMRL-57,420,0
2025-08-09,HMRL-35,304,0
2025-08-09,HMRL-40,481,0
2025-08-09,HMRL-30,384,0
2025-08-09,HMRL-43,453,0
2025-08-08,HMRL-54,528,0
2025-08-08,HMRL-20,551,0
2025-08-08,HMRL-37,627,0
2025-08-08,HMRL-45,663,0
2025-08-08,HMRL-48,514,0
2025-08-08,HMRL-27,593,0
2025-08-08,HMRL-30,561,0
2025-08-08,HMRL-17,590,0
2025-08-08,HMRL-47,586,0
2025-08-08,HMRL-07,593,0
2025-08-08,HMRL-28,547,0
2025-08-08,HMRL-50,608,0
2025-08-08,HMRL-09,669,0
2025-08-08,HMRL-13,595,0
2025-08-08,HMRL-44,668,0
2025-08-08,HMRL-58,695,0
2025-08-08,HMRL-22,630,1
2025-08-08,HMRL-55,656,0
2025-08-08,HMRL-32,501,0
2025-08-08,HMRL-08,690,0
2025-08-08,HMRL-10,507,0
2025-08-08,HMRL-46,694,0
2025-08-08,HMRL-24,575,0
2025-08-08,HMRL-15,621,2
2025-08-08,HMRL-39,674,0
2025-08-08,HMRL-02,582,0
2025-08-08,HMRL-11,523,0
2025-08-08,HMRL-29,648,0
2025-08-08,HMRL-49,559,0
2025-08-08,HMRL-57,642,0
2025-08-08,HMRL-56,511,0
2025-08-08,HMRL-59,657,0
2025-08-08,HMRL-38,562,0
2025-08-08,HMRL-26,671,0
2025-08-08,HMRL-01,509,0
2025-08-08,HMRL-52,632,0
2025-08-08,HMRL-40,639,0
2025-08-08,HMRL-04,673,0
2025-08-08,HMRL-05,594,0
2025-08-08,HMRL-36,695,0
2025-08-08,HMRL-16,652,0
2025-08-08,HMRL-21,552,0
2025-08-08,HMRL-33,541,0
2025-08-08,HMRL-25,512,1
2025-08-08,HMRL-12,675,0
2025-08-08,HMRL-23,560,0
2025-08-08,HMRL-53,646,0
2025-08-08,HMRL-35,627,0
2025-08-08,HMRL-19,547,0
2025-08-08,HMRL-06,670,0
2025-08-07,HMRL-35,618,0
2025-08-07,HMRL-36,549,0
2025-08-07,HMRL-41,695,0
2025-08-07,HMRL-29,626,0
2025-08-07,HMRL-34,611,0
2025-08-07,HMRL-11,613,0
2025-08-07,HMRL-42,666,0
2025-08-07,HMRL-05,523,0
2025-08-07,HMRL-59,640,0
2025-08-07,HMRL-60,577,0
2025-08-07,HMRL-40,645,0
2025-08-07,HMRL-14,599,0
2025-08-07,HMRL-56,669,2
2025-08-07,HMRL-20,565,0
2025-08-07,HMRL-19,656,0
2025-08-07,HMRL-57,645,0
2025-08-07,HMRL-48,585,0
2025-08-07,HMRL-07,583,0
2025-08-07,HMRL-27,611,0
2025-08-07,HMRL-45,667,0
2025-08-07,HMRL-28,657,0
2025-08-07,HMRL-26,539,0
2025-08-07,HMRL-16,649,0
2025-08-07,HMRL-18,642,0
2025-08-07,HMRL-09,596,0
2025-08-07,HMRL-01,650,0
2025-08-07,HMRL-15,607,0
2025-08-07,HMRL-47,632,2
2025-08-07,HMRL-06,669,0
2025-08-07,HMRL-32,546,0
2025-08-07,HMRL-10,647,0
2025-08-07,HMRL-31,537,0
2025-08-07,HMRL-24,697,0
2025-08-07,HMRL-25,665,0
2025-08-07,HMRL-13,598,0
2025-08-07,HMRL-49,535,0
2025-08-07,HMRL-30,513,0
2025-08-07,HMRL-38,553,0
2025-08-07,HMRL-52,680,0
2025-08-07,HMRL-53,569,0
2025-08-07,HMRL-54,682,0
2025-08-07,HMRL-50,625,0
2025-08-07,HMRL-22,680,0
2025-08-07,HMRL-51,633,0
2025-08-07,HMRL-37,626,0
2025-08-06,HMRL-60,594,0
2025-08-06,HMRL-17,565,0
2025-08-06,HMRL-51,590,0
2025-08-06,HMRL-22,564,0
2025-08-06,HMRL-21,545,0
2025-08-06,HMRL-38,522,0
2025-08-06,HMRL-25,630,0
2025-08-06,HMRL-44,564,0
2025-08-06,HMRL-52,525,0
2025-08-06,HMRL-56,535,0
2025-08-06,HMRL-53,661,0
2025-08-06,HMRL-29,646,0
2025-08-06,HMRL-43,588,0
2025-08-06,HMRL-26,668,0
2025-08-06,HMRL-42,595,0
2025-08-06,HMRL-48,560,0
2025-08-06,HMRL-24,640,0
2025-08-06,HMRL-30,639,0
2025-08-06,HMRL-33,548,0
2025-08-06,HMRL-54,547,0
2025-08-06,HMRL-36,628,0
2025-08-06,HMRL-01,621,0
2025-08-06,HMRL-04,605,0
2025-08-06,HMRL-23,552,0
2025-08-06,HMRL-57,625,0
2025-08-06,HMRL-05,677,0
2025-08-06,HMRL-09,699,0
2025-08-06,HMRL-47,553,0
2025-08-06,HMRL-31,524,0
2025-08-06,HMRL-58,690,0
2025-08-06,HMRL-14,657,0
2025-08-06,HMRL-34,688,0
2025-08-06,HMRL-32,511,0
2025-08-06,HMRL-49,654,0
2025-08-06,HMRL-20,617,0
2025-08-06,HMRL-27,667,0
2025-08-06,HMRL-07,575,0
2025-08-06,HMRL-45,696,0
2025-08-06,HMRL-08,658,0
2025-08-06,HMRL-06,585,0
2025-08-06,HMRL-15,621,0
2025-08-06,HMRL-02,657,0
2025-08-05,HMRL-08,656,0
2025-08-05,HMRL-52,572,0
2025-08-05,HMRL-19,522,0
2025-08-05,HMRL-14,608,0
2025-08-05,HMRL-21,601,0
2025-08-05,HMRL-33,544,0
2025-08-05,HMRL-53,602,0
2025-08-05,HMRL-13,591,0
2025-08-05,HMRL-03,505,0
2025-08-05,HMRL-20,537,0
2025-08-05,HMRL-01,583,0
2025-08-05,HMRL-41,538,0
2025-08-05,HMRL-31,535,0
2025-08-05,HMRL-48,672,0
2025-08-05,HMRL-24,661,0
2025-08-05,HMRL-60,691,0
2025-08-05,HMRL-15,580,0
2025-08-05,HMRL-59,501,0
2025-08-05,HMRL-28,591,0
2025-08-05,HMRL-05,675,0
2025-08-05,HMRL-50,640,0
2025-08-05,HMRL-39,609,0
2025-08-05,HMRL-10,581,0
2025-08-05,HMRL-09,519,0
2025-08-05,HMRL-07,545,0
2025-08-05,HMRL-26,598,0
2025-08-05,HMRL-30,676,0
2025-08-05,HMRL-58,546,0
2025-08-05,HMRL-22,593,0
2025-08-05,HMRL-35,548,0
2025-08-05,HMRL-34,558,0
2025-08-05,HMRL-36,559,1
2025-08-05,HMRL-27,569,0
2025-08-05,HMRL-44,687,0
2025-08-05,HMRL-04,581,0
2025-08-05,HMRL-38,607,0
2025-08-05,HMRL-42,514,0
2025-08-05,HMRL-45,648,0
2025-08-05,HMRL-49,537,0
2025-08-05,HMRL-02,680,0
2025-08-05,HMRL-25,508,0
2025-08-05,HMRL-23,545,0
2025-08-05,HMRL-43,567,0
2025-08-04,HMRL-51,603,0
2025-08-04,HMRL-22,567,0
2025-08-04,HMRL-41,614,0
2025-08-04,HMRL-44,524,0
2025-08-04,HMRL-59,502,0
2025-08-04,HMRL-48,691,0
2025-08-04,HMRL-08,515,0
2025-08-04,HMRL-37,547,0
2025-08-04,HMRL-02,679,0
2025-08-04,HMRL-10,543,0
2025-08-04,HMRL-47,674,0
2025-08-04,HMRL-03,557,0
2025-08-04,HMRL-20,660,0
2025-08-04,HMRL-05,690,0
2025-08-04,HMRL-42,614,0
2025-08-04,HMRL-50,638,0
2025-08-04,HMRL-21,635,0
2025-08-04,HMRL-55,596,0
2025-08-04,HMRL-35,595,0
2025-08-04,HMRL-33,626,0
2025-08-04,HMRL-49,560,0
2025-08-04,HMRL-57,698,0
2025-08-04,HMRL-07,507,0
2025-08-04,HMRL-04,517,0
2025-08-04,HMRL-15,675,0
2025-08-04,HMRL-13,592,0
2025-08-04,HMRL-19,650,0
2025-08-04,HMRL-26,696,0
2025-08-04,HMRL-24,563,0
2025-08-04,HMRL-32,518,0
2025-08-04,HMRL-54,554,0
2025-08-04,HMRL-30,596,0
2025-08-04,HMRL-14,627,0
2025-08-04,HMRL-38,565,0
2025-08-04,HMRL-25,511,0
2025-08-04,HMRL-29,680,0
2025-08-04,HMRL-01,661,0
2025-08-04,HMRL-11,590,0
2025-08-04,HMRL-16,689,0
2025-08-04,HMRL-12,551,0
2025-08-04,HMRL-60,594,0
2025-08-04,HMRL-27,669,0
2025-08-04,HMRL-36,597,0
2025-08-04,HMRL-52,501,0
2025-08-04,HMRL-31,600,0
2025-08-04,HMRL-43,503,0
2025-08-04,HMRL-28,665,0
2025-08-04,HMRL-09,537,0
2025-08-04,HMRL-45,684,0
2025-08-04,HMRL-17,528,0
2025-08-03,HMRL-27,425,0
2025-08-03,HMRL-02,500,0
2025-08-03,HMRL-49,450,0
2025-08-03,HMRL-09,478,0
2025-08-03,HMRL-54,333,0
2025-08-03,HMRL-41,325,0
2025-08-03,HMRL-43,385,0
2025-08-03,HMRL-25,467,0
2025-08-03,HMRL-51,453,0
2025-08-03,HMRL-48,378,0
2025-08-03,HMRL-05,425,0
2025-08-03,HMRL-08,462,0
2025-08-03,HMRL-36,452,0
2025-08-03,HMRL-28,478,0
2025-08-03,HMRL-33,475,0
2025-08-03,HMRL-59,451,0
2025-08-03,HMRL-58,338,1
2025-08-03,HMRL-45,330,0
2025-08-03,HMRL-39,394,0
2025-08-03,HMRL-15,486,0
2025-08-03,HMRL-47,489,0
2025-08-03,HMRL-01,372,0
2025-08-03,HMRL-38,500,0
2025-08-03,HMRL-50,344,0
2025-08-03,HMRL-18,312,0
2025-08-03,HMRL-42,327,0
2025-08-03,HMRL-37,491,0
2025-08-03,HMRL-30,484,0
2025-08-03,HMRL-04,463,0
2025-08-03,HMRL-56,392,0
2025-08-03,HMRL-40,441,0
2025-08-03,HMRL-07,328,0
2025-08-03,HMRL-34,427,0
2025-08-03,HMRL-16,415,0
2025-08-03,HMRL-23,372,0
2025-08-03,HMRL-13,455,0
2025-08-03,HMRL-22,457,0
2025-08-03,HMRL-06,470,0
2025-08-03,HMRL-17,385,0
2025-08-03,HMRL-35,378,0
2025-08-03,HMRL-12,360,0
2025-08-03,HMRL-24,454,0
2025-08-03,HMRL-55,420,0
2025-08-03,HMRL-52,345,0
2025-08-02,HMRL-54,488,0
2025-08-02,HMRL-06,422,0
2025-08-02,HMRL-40,360,0
2025-08-02,HMRL-13,384,0
2025-08-02,HMRL-04,476,0
2025-08-02,HMRL-45,334,0
2025-08-02,HMRL-25,370,0
2025-08-02,HMRL-17,425,0
2025-08-02,HMRL-28,429,0
2025-08-02,HMRL-41,347,0
2025-08-02,HMRL-37,403,0
2025-08-02,HMRL-08,470,0
2025-08-02,HMRL-10,374,0
2025-08-02,HMRL-60,331,0
2025-08-02,HMRL-32,446,0
2025-08-02,HMRL-49,332,0
2025-08-02,HMRL-50,356,0
2025-08-02,HMRL-59,430,0
2025-08-02,HMRL-44,302,0
2025-08-02,HMRL-27,445,0
2025-08-02,HMRL-38,475,0
2025-08-02,HMRL-42,412,0
2025-08-02,HMRL-57,494,0
2025-08-02,HMRL-14,314,0
2025-08-02,HMRL-24,423,0
2025-08-02,HMRL-16,426,0
2025-08-02,HMRL-03,499,0
2025-08-02,HMRL-39,320,0
2025-08-02,HMRL-05,352,0
2025-08-02,HMRL-55,377,0
2025-08-02,HMRL-47,464,0
2025-08-02,HMRL-18,389,0
2025-08-02,HMRL-35,478,0
2025-08-02,HMRL-29,426,0
2025-08-02,HMRL-07,450,0
2025-08-02,HMRL-02,417,0
2025-08-02,HMRL-11,458,0
2025-08-02,HMRL-21,308,0
2025-08-02,HMRL-58,348,0
2025-08-02,HMRL-53,479,0
2025-08-02,HMRL-46,415,0
2025-08-02,HMRL-23,406,0
2025-08-01,HMRL-13,634,0
2025-08-01,HMRL-60,629,0
2025-08-01,HMRL-37,663,0
2025-08-01,HMRL-07,656,0
2025-08-01,HMRL-27,659,0
2025-08-01,HMRL-35,554,0
2025-08-01,HMRL-25,695,0
2025-08-01,HMRL-53,660,0
2025-08-01,HMRL-51,594,0
2025-08-01,HMRL-30,582,0
2025-08-01,HMRL-01,578,0
2025-08-01,HMRL-34,662,0
2025-08-01,HMRL-55,683,0
2025-08-01,HMRL-21,548,0
2025-08-01,HMRL-47,594,0
2025-08-01,HMRL-02,664,3
2025-08-01,HMRL-26,605,0
2025-08-01,HMRL-58,675,0
2025-08-01,HMRL-18,547,0
2025-08-01,HMRL-15,585,0
2025-08-01,HMRL-38,572,0
2025-08-01,HMRL-42,541,0
2025-08-01,HMRL-39,531,0
2025-08-01,HMRL-57,587,0
2025-08-01,HMRL-04,599,0
2025-08-01,HMRL-05,678,0
2025-08-01,HMRL-45,669,0
2025-08-01,HMRL-20,572,1
2025-08-01,HMRL-10,521,0
2025-08-01,HMRL-28,563,0
2025-08-01,HMRL-16,558,0
2025-08-01,HMRL-54,598,0
2025-08-01,HMRL-24,659,0
2025-08-01,HMRL-19,566,0
2025-08-01,HMRL-52,512,0
2025-08-01,HMRL-09,512,0
2025-08-01,HMRL-33,563,0
2025-08-01,HMRL-43,634,0
2025-08-01,HMRL-12,519,0
2025-08-01,HMRL-29,698,0
2025-08-01,HMRL-56,600,0
2025-08-01,HMRL-48,534,0
2025-08-01,HMRL-36,688,0
2025-08-01,HMRL-50,543,0
2025-08-01,HMRL-40,662,0
2025-08-01,HMRL-14,586,0
2025-07-31,HMRL-33,521,0
2025-07-31,HMRL-03,529,0
2025-07-31,HMRL-58,526,0
2025-07-31,HMRL-39,540,0
2025-07-31,HMRL-22,655,0
2025-07-31,HMRL-28,528,0
2025-07-31,HMRL-17,572,0
2025-07-31,HMRL-43,631,0
2025-07-31,HMRL-06,677,0
2025-07-31,HMRL-34,647,0
2025-07-31,HMRL-47,648,0
2025-07-31,HMRL-56,543,0
2025-07-31,HMRL-18,539,0
2025-07-31,HMRL-08,541,0
2025-07-31,HMRL-13,507,0
2025-07-31,HMRL-14,577,0
2025-07-31,HMRL-44,538,2
2025-07-31,HMRL-46,665,0
2025-07-31,HMRL-55,578,0
2025-07-31,HMRL-26,628,0
2025-07-31,HMRL-24,633,0
2025-07-31,HMRL-01,593,0
2025-07-31,HMRL-09,639,0
2025-07-31,HMRL-51,618,0
2025-07-31,HMRL-49,653,0
2025-07-31,HMRL-05,669,0
2025-07-31,HMRL-36,671,0
2025-07-31,HMRL-42,655,0
2025-07-31,HMRL-21,606,0
2025-07-31,HMRL-48,569,0
2025-07-31,HMRL-04,647,0
2025-07-31,HMRL-15,580,0
2025-07-31,HMRL-32,538,0
2025-07-31,HMRL-20,643,0
2025-07-31,HMRL-30,524,0
2025-07-31,HMRL-37,580,0
2025-07-31,HMRL-12,555,0
2025-07-31,HMRL-16,636,0
2025-07-31,HMRL-31,560,0
2025-07-31,HMRL-52,639,0
2025-07-31,HMRL-19,683,0
2025-07-31,HMRL-02,686,0
2025-07-31,HMRL-11,685,0
2025-07-31,HMRL-60,564,0
2025-07-31,HMRL-10,600,0
2025-07-31,HMRL-23,520,0
2025-07-31,HMRL-59,699,0
2025-07-31,HMRL-45,535,0
2025-07-30,HMRL-11,672,0
2025-07-30,HMRL-16,693,0
2025-07-30,HMRL-35,626,0
2025-07-30,HMRL-28,537,0
2025-07-30,HMRL-29,618,0
2025-07-30,HMRL-52,535,0
2025-07-30,HMRL-03,546,0
2025-07-30,HMRL-53,574,0
2025-07-30,HMRL-56,611,0
2025-07-30,HMRL-31,670,0
2025-07-30,HMRL-25,651,0
2025-07-30,HMRL-02,651,0
2025-07-30,HMRL-20,611,0
2025-07-30,HMRL-09,692,0
2025-07-30,HMRL-40,559,0
2025-07-30,HMRL-13,581,0
2025-07-30,HMRL-42,556,0
2025-07-30,HMRL-41,526,0
2025-07-30,HMRL-38,543,0
2025-07-30,HMRL-58,630,0
2025-07-30,HMRL-32,597,0
2025-07-30,HMRL-57,671,0
2025-07-30,HMRL-26,698,0
2025-07-30,HMRL-51,640,0
2025-07-30,HMRL-48,632,2
2025-07-30,HMRL-04,688,0
2025-07-30,HMRL-46,570,0
2025-07-30,HMRL-34,559,0
2025-07-30,HMRL-47,616,0
2025-07-30,HMRL-54,559,0
2025-07-30,HMRL-49,594,0
2025-07-30,HMRL-15,518,0
2025-07-30,HMRL-21,685,0
2025-07-30,HMRL-60,648,0
2025-07-30,HMRL-06,672,0
2025-07-30,HMRL-10,563,0
2025-07-30,HMRL-23,619,0
2025-07-30,HMRL-30,588,0
2025-07-30,HMRL-01,667,0
2025-07-30,HMRL-08,501,0
2025-07-30,HMRL-07,641,0
2025-07-30,HMRL-24,576,0
2025-07-30,HMRL-12,668,0
2025-07-30,HMRL-37,656,0
2025-07-30,HMRL-22,602,0
2025-07-30,HMRL-18,588,0
2025-07-29,HMRL-27,609,0
2025-07-29,HMRL-46,693,0
2025-07-29,HMRL-60,654,1
2025-07-29,HMRL-09,687,0
2025-07-29,HMRL-50,560,0
2025-07-29,HMRL-05,536,0
2025-07-29,HMRL-16,566,0
2025-07-29,HMRL-35,679,0
2025-07-29,HMRL-01,628,0
2025-07-29,HMRL-21,619,0
2025-07-29,HMRL-38,510,0
2025-07-29,HMRL-23,550,0
2025-07-29,HMRL-55,673,0
2025-07-29,HMRL-40,662,0
2025-07-29,HMRL-17,528,0
2025-07-29,HMRL-36,520,0
2025-07-29,HMRL-18,634,0
2025-07-29,HMRL-49,667,0
2025-07-29,HMRL-44,692,0
2025-07-29,HMRL-11,578,0
2025-07-29,HMRL-41,689,0
2025-07-29,HMRL-24,691,0
2025-07-29,HMRL-56,535,0
2025-07-29,HMRL-22,530,0
2025-07-29,HMRL-37,691,0
2025-07-29,HMRL-07,648,0
2025-07-29,HMRL-13,693,0
2025-07-29,HMRL-34,555,0
2025-07-29,HMRL-03,552,0
2025-07-29,HMRL-39,526,0
2025-07-29,HMRL-47,636,0
2025-07-29,HMRL-20,541,0
2025-07-29,HMRL-32,513,0
2025-07-29,HMRL-12,687,0
2025-07-29,HMRL-10,700,0
2025-07-29,HMRL-04,566,0
2025-07-29,HMRL-19,506,1
2025-07-29,HMRL-14,636,1
2025-07-29,HMRL-53,562,0
2025-07-29,HMRL-58,576,0
2025-07-29,HMRL-25,595,0
2025-07-29,HMRL-29,673,0
2025-07-29,HMRL-52,517,0
2025-07-29,HMRL-43,577,0
2025-07-29,HMRL-54,639,0
2025-07-29,HMRL-48,632,0
2025-07-29,HMRL-06,608,0
2025-07-29,HMRL-02,620,0
2025-07-29,HMRL-30,664,0
2025-07-29,HMRL-31,549,0
2025-07-28,HMRL-19,586,0
2025-07-28,HMRL-37,690,0
2025-07-28,HMRL-39,577,0
2025-07-28,HMRL-59,684,0
2025-07-28,HMRL-31,537,0
2025-07-28,HMRL-55,532,0
2025-07-28,HMRL-01,652,0
2025-07-28,HMRL-14,608,0
2025-07-28,HMRL-43,677,0
2025-07-28,HMRL-09,668,0
2025-07-28,HMRL-02,699,0
2025-07-28,HMRL-18,695,0
2025-07-28,HMRL-13,694,0
2025-07-28,HMRL-42,649,0
2025-07-28,HMRL-20,683,0
2025-07-28,HMRL-52,616,0
2025-07-28,HMRL-32,621,0
2025-07-28,HMRL-17,594,0
2025-07-28,HMRL-53,555,0
2025-07-28,HMRL-47,618,0
2025-07-28,HMRL-46,532,0
2025-07-28,HMRL-40,655,0
2025-07-28,HMRL-51,636,0
2025-07-28,HMRL-07,557,0
2025-07-28,HMRL-03,664,0
2025-07-28,HMRL-27,541,0
2025-07-28,HMRL-24,557,0
2025-07-28,HMRL-05,650,0
2025-07-28,HMRL-36,587,0
2025-07-28,HMRL-26,604,0
2025-07-28,HMRL-54,521,0
2025-07-28,HMRL-10,616,0
2025-07-28,HMRL-35,557,0
2025-07-28,HMRL-48,637,0
2025-07-28,HMRL-30,675,3
2025-07-28,HMRL-44,648,0
2025-07-28,HMRL-56,699,0
2025-07-28,HMRL-21,673,0
2025-07-28,HMRL-29,527,0
2025-07-28,HMRL-04,624,0
2025-07-28,HMRL-57,630,0
2025-07-28,HMRL-23,549,0
2025-07-28,HMRL-08,527,0
2025-07-27,HMRL-41,493,0
2025-07-27,HMRL-21,381,0
2025-07-27,HMRL-16,494,0
2025-07-27,HMRL-43,415,0
2025-07-27,HMRL-26,432,0
2025-07-27,HMRL-47,473,0
2025-07-27,HMRL-09,419,0
2025-07-27,HMRL-03,428,0
2025-07-27,HMRL-24,437,0
2025-07-27,HMRL-18,450,0
2025-07-27,HMRL-20,342,0
2025-07-27,HMRL-39,486,0
2025-07-27,HMRL-13,327,0
2025-07-27,HMRL-58,308,0
2025-07-27,HMRL-38,416,0
2025-07-27,HMRL-12,473,0
2025-07-27,HMRL-29,370,1
2025-07-27,HMRL-06,379,0
2025-07-27,HMRL-37,317,0
2025-07-27,HMRL-59,500,0
2025-07-27,HMRL-17,403,0
2025-07-27,HMRL-02,413,0
2025-07-27,HMRL-27,425,0
2025-07-27,HMRL-15,303,0
2025-07-27,HMRL-34,371,2
2025-07-27,HMRL-60,477,0
2025-07-27,HMRL-46,441,0
2025-07-27,HMRL-30,423,0
2025-07-27,HMRL-01,369,0
2025-07-27,HMRL-05,410,0
2025-07-27,HMRL-49,374,0
2025-07-27,HMRL-52,427,0
2025-07-27,HMRL-42,440,0
2025-07-27,HMRL-35,321,0
2025-07-27,HMRL-53,304,0
2025-07-27,HMRL-25,428,0
2025-07-27,HMRL-45,499,0
2025-07-27,HMRL-07,383,0
2025-07-27,HMRL-28,312,0
2025-07-27,HMRL-51,468,0
2025-07-27,HMRL-54,493,0
2025-07-27,HMRL-57,378,0
2025-07-27,HMRL-33,468,0
2025-07-27,HMRL-44,435,0
2025-07-27,HMRL-40,457,0
2025-07-27,HMRL-11,468,0
2025-07-27,HMRL-22,453,0
2025-07-27,HMRL-19,473,0
2025-07-27,HMRL-55,498,1
2025-07-27,HMRL-48,358,0
2025-07-26,HMRL-52,452,1
2025-07-26,HMRL-30,314,0
2025-07-26,HMRL-29,494,0
2025-07-26,HMRL-40,350,0
2025-07-26,HMRL-39,339,0
2025-07-26,HMRL-48,397,0
2025-07-26,HMRL-33,420,0
2025-07-26,HMRL-38,500,0
2025-07-26,HMRL-37,353,0
2025-07-26,HMRL-10,380,0
2025-07-26,HMRL-17,339,0
2025-07-26,HMRL-26,318,0
2025-07-26,HMRL-60,366,0
2025-07-26,HMRL-11,317,0
2025-07-26,HMRL-19,306,0
2025-07-26,HMRL-59,307,0
2025-07-26,HMRL-02,425,1
2025-07-26,HMRL-46,466,0
2025-07-26,HMRL-34,313,0
2025-07-26,HMRL-08,392,0
2025-07-26,HMRL-07,345,0
2025-07-26,HMRL-13,367,0
2025-07-26,HMRL-04,408,0
2025-07-26,HMRL-06,412,0
2025-07-26,HMRL-54,362,0
2025-07-26,HMRL-28,393,0
2025-07-26,HMRL-43,443,0
2025-07-26,HMRL-16,334,0
2025-07-26,HMRL-09,408,0
2025-07-26,HMRL-41,404,0
2025-07-26,HMRL-03,475,0
2025-07-26,HMRL-27,495,0
2025-07-26,HMRL-32,483,0
2025-07-26,HMRL-12,369,0
2025-07-26,HMRL-23,405,0
2025-07-26,HMRL-56,321,0
2025-07-26,HMRL-58,384,0
2025-07-26,HMRL-53,412,0
2025-07-26,HMRL-50,381,0
2025-07-26,HMRL-49,339,0
2025-07-26,HMRL-55,332,0
2025-07-26,HMRL-15,459,0
2025-07-26,HMRL-24,436,0
2025-07-25,HMRL-03,679,0
2025-07-25,HMRL-12,625,0
2025-07-25,HMRL-52,573,0
2025-07-25,HMRL-13,570,0
2025-07-25,HMRL-09,567,0
2025-07-25,HMRL-57,562,0
2025-07-25,HMRL-23,513,0
2025-07-25,HMRL-36,645,0
2025-07-25,HMRL-24,630,0
2025-07-25,HMRL-38,599,0
2025-07-25,HMRL-15,611,0
2025-07-25,HMRL-54,689,0
2025-07-25,HMRL-33,593,0
2025-07-25,HMRL-04,553,0
2025-07-25,HMRL-45,651,0
2025-07-25,HMRL-14,643,0
2025-07-25,HMRL-43,666,0
2025-07-25,HMRL-41,667,0
2025-07-25,HMRL-22,505,0
2025-07-25,HMRL-11,535,0
2025-07-25,HMRL-48,565,0
2025-07-25,HMRL-34,592,0
2025-07-25,HMRL-02,590,0
2025-07-25,HMRL-42,654,0
2025-07-25,HMRL-51,523,0
2025-07-25,HMRL-32,515,0
2025-07-25,HMRL-21,657,0
2025-07-25,HMRL-60,556,0
2025-07-25,HMRL-35,661,0
2025-07-25,HMRL-49,619,0
2025-07-25,HMRL-37,601,0
2025-07-25,HMRL-17,592,0
2025-07-25,HMRL-40,526,0
2025-07-25,HMRL-19,575,0
2025-07-25,HMRL-30,675,0
2025-07-25,HMRL-39,514,0
2025-07-25,HMRL-50,595,1
2025-07-25,HMRL-07,691,0
2025-07-25,HMRL-59,677,0
2025-07-25,HMRL-56,576,0
2025-07-25,HMRL-10,662,0
2025-07-25,HMRL-05,635,0
2025-07-25,HMRL-26,568,0
2025-07-25,HMRL-06,617,0
2025-07-25,HMRL-25,591,0
2025-07-25,HMRL-18,562,0
2025-07-24,HMRL-38,681,0
2025-07-24,HMRL-59,510,0
2025-07-24,HMRL-17,599,0
2025-07-24,HMRL-37,593,0
2025-07-24,HMRL-27,596,0
2025-07-24,HMRL-47,520,0
2025-07-24,HMRL-58,504,0
2025-07-24,HMRL-22,534,0
2025-07-24,HMRL-52,533,0
2025-07-24,HMRL-20,654,0
2025-07-24,HMRL-39,622,0
2025-07-24,HMRL-45,574,0
2025-07-24,HMRL-48,586,0
2025-07-24,HMRL-23,543,0
2025-07-24,HMRL-46,634,0
2025-07-24,HMRL-40,534,0
2025-07-24,HMRL-55,607,0
2025-07-24,HMRL-30,569,0
2025-07-24,HMRL-33,659,0
2025-07-24,HMRL-08,678,0
2025-07-24,HMRL-12,692,0
2025-07-24,HMRL-29,663,0
2025-07-24,HMRL-13,616,0
2025-07-24,HMRL-07,534,0
2025-07-24,HMRL-32,633,0
2025-07-24,HMRL-19,655,0
2025-07-24,HMRL-10,691,0
2025-07-24,HMRL-50,520,0
2025-07-24,HMRL-57,588,0
2025-07-24,HMRL-54,503,0
2025-07-24,HMRL-41,500,0
2025-07-24,HMRL-05,693,0
2025-07-24,HMRL-28,565,0
2025-07-24,HMRL-42,660,0
2025-07-24,HMRL-53,678,0
2025-07-24,HMRL-09,645,0
2025-07-24,HMRL-01,597,0
2025-07-24,HMRL-06,587,0
2025-07-24,HMRL-36,627,2
2025-07-24,HMRL-51,621,0
2025-07-24,HMRL-26,506,0
2025-07-24,HMRL-60,501,0
2025-07-24,HMRL-56,643,0
2025-07-24,HMRL-16,642,0
2025-07-24,HMRL-35,507,0
2025-07-24,HMRL-02,645,0
2025-07-24,HMRL-43,513,0
2025-07-24,HMRL-21,553,0
2025-07-24,HMRL-18,619,0
2025-07-23,HMRL-07,652,0
2025-07-23,HMRL-09,679,0
2025-07-23,HMRL-40,605,0
2025-07-23,HMRL-31,533,0
2025-07-23,HMRL-13,519,0
2025-07-23,HMRL-18,658,0
2025-07-23,HMRL-06,659,0
2025-07-23,HMRL-48,618,0
2025-07-23,HMRL-20,529,0
2025-07-23,HMRL-34,614,0
2025-07-23,HMRL-22,507,0
2025-07-23,HMRL-04,550,2
2025-07-23,HMRL-11,634,0
2025-07-23,HMRL-44,611,0
2025-07-23,HMRL-45,654,0
2025-07-23,HMRL-30,517,0
2025-07-23,HMRL-43,503,0
2025-07-23,HMRL-24,687,0
2025-07-23,HMRL-39,556,0
2025-07-23,HMRL-41,512,0
2025-07-23,HMRL-02,660,0
2025-07-23,HMRL-51,626,0
2025-07-23,HMRL-10,632,0
2025-07-23,HMRL-27,624,0
2025-07-23,HMRL-35,674,0
2025-07-23,HMRL-58,501,0
2025-07-23,HMRL-01,647,0
2025-07-23,HMRL-49,577,0
2025-07-23,HMRL-57,575,0
2025-07-23,HMRL-05,612,0
2025-07-23,HMRL-54,563,0
2025-07-23,HMRL-42,659,0
2025-07-23,HMRL-55,600,0
2025-07-23,HMRL-21,545,0
2025-07-23,HMRL-37,586,0
2025-07-23,HMRL-16,531,0
2025-07-23,HMRL-03,676,0
2025-07-23,HMRL-46,578,0
2025-07-23,HMRL-33,557,0
2025-07-23,HMRL-17,569,0
2025-07-23,HMRL-19,582,0
2025-07-23,HMRL-59,674,0
2025-07-23,HMRL-12,566,0
2025-07-23,HMRL-23,537,0
2025-07-23,HMRL-08,598,0
2025-07-22,HMRL-60,555,0
2025-07-22,HMRL-19,513,0
2025-07-22,HMRL-39,647,0
2025-07-22,HMRL-56,528,0
2025-07-22,HMRL-13,568,0
2025-07-22,HMRL-55,671,0
2025-07-22,HMRL-37,537,0
2025-07-22,HMRL-59,566,0
2025-07-22,HMRL-07,612,0
2025-07-22,HMRL-28,569,0
2025-07-22,HMRL-46,574,0
2025-07-22,HMRL-49,551,0
2025-07-22,HMRL-25,517,0
2025-07-22,HMRL-29,614,0
2025-07-22,HMRL-17,648,0
2025-07-22,HMRL-03,610,0
2025-07-22,HMRL-47,650,0
2025-07-22,HMRL-36,512,0
2025-07-22,HMRL-43,698,0
2025-07-22,HMRL-27,556,0
2025-07-22,HMRL-54,685,0
2025-07-22,HMRL-33,553,0
2025-07-22,HMRL-24,698,0
2025-07-22,HMRL-35,536,0
2025-07-22,HMRL-21,623,0
2025-07-22,HMRL-44,518,0
2025-07-22,HMRL-18,563,0
2025-07-22,HMRL-05,587,0
2025-07-22,HMRL-06,629,0
2025-07-22,HMRL-02,589,0
2025-07-22,HMRL-57,529,0
2025-07-22,HMRL-42,536,0
2025-07-22,HMRL-26,546,0
2025-07-22,HMRL-14,599,0
2025-07-22,HMRL-15,501,0
2025-07-22,HMRL-40,700,0
2025-07-22,HMRL-58,500,0
2025-07-22,HMRL-41,585,0
2025-07-22,HMRL-10,637,0
2025-07-22,HMRL-45,667,0
2025-07-22,HMRL-50,678,0
2025-07-22,HMRL-51,507,0
2025-07-22,HMRL-08,568,2
2025-07-22,HMRL-53,562,0
2025-07-22,HMRL-11,603,0
2025-07-21,HMRL-09,669,0
2025-07-21,HMRL-38,597,0
2025-07-21,HMRL-33,679,0
2025-07-21,HMRL-21,547,0
2025-07-21,HMRL-28,591,0
2025-07-21,HMRL-47,681,0
2025-07-21,HMRL-35,577,0
2025-07-21,HMRL-18,689,0
2025-07-21,HMRL-40,595,0
2025-07-21,HMRL-44,611,0
2025-07-21,HMRL-39,634,0
2025-07-21,HMRL-29,694,0
2025-07-21,HMRL-55,627,0
2025-07-21,HMRL-49,570,0
2025-07-21,HMRL-02,629,0
2025-07-21,HMRL-32,559,0
2025-07-21,HMRL-03,564,0
2025-07-21,HMRL-56,687,0
2025-07-21,HMRL-51,628,0
2025-07-21,HMRL-46,607,0
2025-07-21,HMRL-45,566,0
2025-07-21,HMRL-53,544,0
2025-07-21,HMRL-25,552,0
2025-07-21,HMRL-07,647,0
2025-07-21,HMRL-50,634,0
2025-07-21,HMRL-16,540,0
2025-07-21,HMRL-54,644,0
2025-07-21,HMRL-48,503,0
2025-07-21,HMRL-42,531,0
2025-07-21,HMRL-41,535,0
2025-07-21,HMRL-26,501,0
2025-07-21,HMRL-60,569,0
2025-07-21,HMRL-24,566,0
2025-07-21,HMRL-19,589,0
2025-07-21,HMRL-52,623,1
2025-07-21,HMRL-43,670,0
2025-07-21,HMRL-22,687,0
2025-07-21,HMRL-34,666,0
2025-07-21,HMRL-10,599,0
2025-07-21,HMRL-59,640,0
2025-07-21,HMRL-37,559,0
2025-07-21,HMRL-13,525,0
2025-07-21,HMRL-36,689,0
2025-07-21,HMRL-15,612,0
2025-07-21,HMRL-30,625,0
2025-07-20,HMRL-49,336,0
2025-07-20,HMRL-53,410,0
2025-07-20,HMRL-26,392,0
2025-07-20,HMRL-24,406,0
2025-07-20,HMRL-59,343,0
2025-07-20,HMRL-31,437,0
2025-07-20,HMRL-47,473,0
2025-07-20,HMRL-28,434,0
2025-07-20,HMRL-25,475,0
2025-07-20,HMRL-58,315,0
2025-07-20,HMRL-17,422,0
2025-07-20,HMRL-55,406,0
2025-07-20,HMRL-51,410,0
2025-07-20,HMRL-03,309,0
2025-07-20,HMRL-36,322,0
2025-07-20,HMRL-23,314,0
2025-07-20,HMRL-09,439,0
2025-07-20,HMRL-01,445,0
2025-07-20,HMRL-33,361,0
2025-07-20,HMRL-22,305,0
2025-07-20,HMRL-44,327,0
2025-07-20,HMRL-38,430,0
2025-07-20,HMRL-56,305,0
2025-07-20,HMRL-20,364,0
2025-07-20,HMRL-41,382,0
2025-07-20,HMRL-21,427,0
2025-07-20,HMRL-12,334,0
2025-07-20,HMRL-05,391,0
2025-07-20,HMRL-32,400,0
2025-07-20,HMRL-34,319,0
2025-07-20,HMRL-02,405,0
2025-07-20,HMRL-10,364,0
2025-07-20,HMRL-19,481,0
2025-07-20,HMRL-37,354,0
2025-07-20,HMRL-18,415,0
2025-07-20,HMRL-50,439,0
2025-07-20,HMRL-16,428,0
2025-07-20,HMRL-52,322,0
2025-07-20,HMRL-42,384,0
2025-07-20,HMRL-39,401,0
2025-07-20,HMRL-48,458,0
2025-07-20,HMRL-45,363,0
2025-07-20,HMRL-57,352,0
2025-07-20,HMRL-46,438,0
2025-07-20,HMRL-15,447,0
2025-07-20,HMRL-06,490,0
2025-07-20,HMRL-35,470,0
2025-07-20,HMRL-60,418,0
2025-07-20,HMRL-14,336,0
2025-07-19,HMRL-58,473,0
2025-07-19,HMRL-03,458,0
2025-07-19,HMRL-45,484,0
2025-07-19,HMRL-08,332,0
2025-07-19,HMRL-39,348,0
2025-07-19,HMRL-40,469,0
2025-07-19,HMRL-48,325,0
2025-07-19,HMRL-38,331,0
2025-07-19,HMRL-57,393,0
2025-07-19,HMRL-50,446,0
2025-07-19,HMRL-54,390,0
2025-07-19,HMRL-28,397,0
2025-07-19,HMRL-09,378,0
2025-07-19,HMRL-17,485,0
2025-07-19,HMRL-49,476,0
2025-07-19,HMRL-56,309,0
2025-07-19,HMRL-20,404,0
2025-07-19,HMRL-41,360,0
2025-07-19,HMRL-31,473,0
2025-07-19,HMRL-27,433,0
2025-07-19,HMRL-11,348,0
2025-07-19,HMRL-53,398,0
2025-07-19,HMRL-13,361,0
2025-07-19,HMRL-26,323,0
2025-07-19,HMRL-35,303,0
2025-07-19,HMRL-19,464,0
2025-07-19,HMRL-51,380,0
2025-07-19,HMRL-46,452,0
2025-07-19,HMRL-24,372,0
2025-07-19,HMRL-43,340,2
2025-07-19,HMRL-04,435,0
2025-07-19,HMRL-16,492,0
2025-07-19,HMRL-36,312,0
2025-07-19,HMRL-15,394,2
2025-07-19,HMRL-07,453,0
2025-07-19,HMRL-14,363,0
2025-07-19,HMRL-29,431,0
2025-07-19,HMRL-33,444,0
2025-07-19,HMRL-44,419,0
2025-07-19,HMRL-02,301,0
2025-07-19,HMRL-59,351,2
2025-07-19,HMRL-01,303,0
2025-07-19,HMRL-05,324,0
2025-07-19,HMRL-32,344,0
2025-07-19,HMRL-22,384,0
2025-07-19,HMRL-10,361,0
2025-07-19,HMRL-60,333,0
2025-07-19,HMRL-23,425,0
2025-07-18,HMRL-32,664,2
2025-07-18,HMRL-28,556,0
2025-07-18,HMRL-23,645,0
2025-07-18,HMRL-22,658,0
2025-07-18,HMRL-17,638,0
2025-07-18,HMRL-29,664,0
2025-07-18,HMRL-26,629,0
2025-07-18,HMRL-05,573,0
2025-07-18,HMRL-55,621,0
2025-07-18,HMRL-09,680,0
2025-07-18,HMRL-52,644,0
2025-07-18,HMRL-58,654,0
2025-07-18,HMRL-31,556,0
2025-07-18,HMRL-15,528,0
2025-07-18,HMRL-57,528,0
2025-07-18,HMRL-21,613,0
2025-07-18,HMRL-20,562,0
2025-07-18,HMRL-36,592,0
2025-07-18,HMRL-07,670,0
2025-07-18,HMRL-19,573,0
2025-07-18,HMRL-30,521,0
2025-07-18,HMRL-42,522,0
2025-07-18,HMRL-12,672,0
2025-07-18,HMRL-25,545,2
2025-07-18,HMRL-27,600,0
2025-07-18,HMRL-59,684,0
2025-07-18,HMRL-39,653,0
2025-07-18,HMRL-46,570,0
2025-07-18,HMRL-16,548,0
2025-07-18,HMRL-41,555,0
2025-07-18,HMRL-34,574,0
2025-07-18,HMRL-54,541,0
2025-07-18,HMRL-37,644,0
2025-07-18,HMRL-48,607,0
2025-07-18,HMRL-24,564,0
2025-07-18,HMRL-53,676,0
2025-07-18,HMRL-44,681,0
2025-07-18,HMRL-51,661,0
2025-07-18,HMRL-06,613,0
2025-07-18,HMRL-47,628,0
2025-07-18,HMRL-02,540,0
2025-07-18,HMRL-35,512,0
2025-07-18,HMRL-03,629,0
2025-07-18,HMRL-38,614,0
2025-07-18,HMRL-50,581,0
2025-07-17,HMRL-04,556,0
2025-07-17,HMRL-39,573,0
2025-07-17,HMRL-14,590,0
2025-07-17,HMRL-13,694,0
2025-07-17,HMRL-35,635,0
2025-07-17,HMRL-49,697,0
2025-07-17,HMRL-24,605,0
2025-07-17,HMRL-58,585,0
2025-07-17,HMRL-03,580,0
2025-07-17,HMRL-01,580,0
2025-07-17,HMRL-52,693,3
2025-07-17,HMRL-38,593,0
2025-07-17,HMRL-50,686,0
2025-07-17,HMRL-60,627,0
2025-07-17,HMRL-43,672,0
2025-07-17,HMRL-28,680,0
2025-07-17,HMRL-53,592,0
2025-07-17,HMRL-41,604,0
2025-07-17,HMRL-09,605,1
2025-07-17,HMRL-22,663,0
2025-07-17,HMRL-33,558,0
2025-07-17,HMRL-45,614,0
2025-07-17,HMRL-31,539,0
2025-07-17,HMRL-29,601,0
2025-07-17,HMRL-46,632,0
2025-07-17,HMRL-19,535,0
2025-07-17,HMRL-26,547,0
2025-07-17,HMRL-54,532,0
2025-07-17,HMRL-27,687,0
2025-07-17,HMRL-47,590,0
2025-07-17,HMRL-16,650,0
2025-07-17,HMRL-06,684,0
2025-07-17,HMRL-18,664,0
2025-07-17,HMRL-36,624,0
2025-07-17,HMRL-10,511,0
2025-07-17,HMRL-15,572,0
2025-07-17,HMRL-21,609,0
2025-07-17,HMRL-51,514,0
2025-07-17,HMRL-08,620,0
2025-07-17,HMRL-34,624,0
2025-07-17,HMRL-42,651,0
2025-07-17,HMRL-44,531,1
2025-07-17,HMRL-07,592,0
2025-07-16,HMRL-20,577,0
2025-07-16,HMRL-58,600,0
2025-07-16,HMRL-43,579,0
2025-07-16,HMRL-13,556,0
2025-07-16,HMRL-39,675,0
2025-07-16,HMRL-10,674,0
2025-07-16,HMRL-11,662,0
2025-07-16,HMRL-56,632,0
2025-07-16,HMRL-41,540,0
2025-07-16,HMRL-24,690,0
2025-07-16,HMRL-03,686,0
2025-07-16,HMRL-06,648,0
2025-07-16,HMRL-46,662,0
2025-07-16,HMRL-44,646,0
2025-07-16,HMRL-59,547,0
2025-07-16,HMRL-60,644,0
2025-07-16,HMRL-37,537,0
2025-07-16,HMRL-26,699,0
2025-07-16,HMRL-09,614,0
2025-07-16,HMRL-36,540,0
2025-07-16,HMRL-17,661,0
2025-07-16,HMRL-02,683,0
2025-07-16,HMRL-30,605,0
2025-07-16,HMRL-28,683,0
2025-07-16,HMRL-22,542,0
2025-07-16,HMRL-57,514,0
2025-07-16,HMRL-04,569,0
2025-07-16,HMRL-38,549,0
2025-07-16,HMRL-14,674,0
2025-07-16,HMRL-52,663,0
2025-07-16,HMRL-31,610,0
2025-07-16,HMRL-55,526,0
2025-07-16,HMRL-25,576,0
2025-07-16,HMRL-16,690,0
2025-07-16,HMRL-35,639,0
2025-07-16,HMRL-15,631,0
2025-07-16,HMRL-33,628,0
2025-07-16,HMRL-45,598,0
2025-07-16,HMRL-01,691,0
2025-07-16,HMRL-53,633,0
2025-07-16,HMRL-47,657,0
2025-07-16,HMRL-40,569,0
2025-07-16,HMRL-05,654,0
2025-07-16,HMRL-29,565,0
2025-07-15,HMRL-44,523,0
2025-07-15,HMRL-51,540,0
2025-07-15,HMRL-49,507,0
2025-07-15,HMRL-42,628,0
2025-07-15,HMRL-60,546,0
2025-07-15,HMRL-40,561,0
2025-07-15,HMRL-24,593,0
2025-07-15,HMRL-06,518,0
2025-07-15,HMRL-34,562,0
2025-07-15,HMRL-28,601,0
2025-07-15,HMRL-55,675,0
2025-07-15,HMRL-46,517,0
2025-07-15,HMRL-21,501,0
2025-07-15,HMRL-27,545,0
2025-07-15,HMRL-53,546,0
2025-07-15,HMRL-15,640,0
2025-07-15,HMRL-43,609,0
2025-07-15,HMRL-20,508,0
2025-07-15,HMRL-18,546,0
2025-07-15,HMRL-04,654,1
2025-07-15,HMRL-36,562,1
2025-07-15,HMRL-35,624,0
2025-07-15,HMRL-45,602,0
2025-07-15,HMRL-16,678,0
2025-07-15,HMRL-07,501,0
2025-07-15,HMRL-39,676,0
2025-07-15,HMRL-37,648,0
2025-07-15,HMRL-02,692,0
2025-07-15,HMRL-08,618,0
2025-07-15,HMRL-13,587,0
2025-07-15,HMRL-19,554,0
2025-07-15,HMRL-54,544,0
2025-07-15,HMRL-50,579,0
2025-07-15,HMRL-09,565,0
2025-07-15,HMRL-52,700,0
2025-07-15,HMRL-14,699,0
2025-07-15,HMRL-30,595,0
2025-07-15,HMRL-03,580,0
2025-07-15,HMRL-05,626,0
2025-07-15,HMRL-48,658,0
2025-07-15,HMRL-59,619,0
2025-07-15,HMRL-26,514,0
2025-07-15,HMRL-29,676,0
2025-07-15,HMRL-32,502,0
2025-07-15,HMRL-01,536,0
2025-07-14,HMRL-58,667,0
2025-07-14,HMRL-03,541,0
2025-07-14,HMRL-55,611,0
2025-07-14,HMRL-17,588,0
2025-07-14,HMRL-04,542,0
2025-07-14,HMRL-59,690,0
2025-07-14,HMRL-40,598,0
2025-07-14,HMRL-16,506,1
2025-07-14,HMRL-43,602,0
2025-07-14,HMRL-47,528,0
2025-07-14,HMRL-51,610,0
2025-07-14,HMRL-34,619,0
2025-07-14,HMRL-01,689,0
2025-07-14,HMRL-35,688,0
2025-07-14,HMRL-13,653,0
2025-07-14,HMRL-19,585,0
2025-07-14,HMRL-41,601,0
2025-07-14,HMRL-37,693,0
2025-07-14,HMRL-42,613,0
2025-07-14,HMRL-08,504,0
2025-07-14,HMRL-12,510,0
2025-07-14,HMRL-14,576,0
2025-07-14,HMRL-11,586,0
2025-07-14,HMRL-44,505,0
2025-07-14,HMRL-25,672,1
2025-07-14,HMRL-48,519,0
2025-07-14,HMRL-02,571,0
2025-07-14,HMRL-24,515,0
2025-07-14,HMRL-39,507,0
2025-07-14,HMRL-06,581,0
2025-07-14,HMRL-09,581,0
2025-07-14,HMRL-23,574,0
2025-07-14,HMRL-60,625,0
2025-07-14,HMRL-18,559,0
2025-07-14,HMRL-52,629,0
2025-07-14,HMRL-05,615,0
2025-07-14,HMRL-22,512,0
2025-07-14,HMRL-54,643,0
2025-07-14,HMRL-31,558,0
2025-07-14,HMRL-15,666,0
2025-07-14,HMRL-46,569,0
2025-07-14,HMRL-33,510,0
2025-07-14,HMRL-29,630,0
2025-07-14,HMRL-36,583,0
2025-07-13,HMRL-06,345,0
2025-07-13,HMRL-32,402,0
2025-07-13,HMRL-58,316,0
2025-07-13,HMRL-11,463,0
2025-07-13,HMRL-29,369,0
2025-07-13,HMRL-57,421,0
2025-07-13,HMRL-30,484,0
2025-07-13,HMRL-42,400,0
2025-07-13,HMRL-39,390,0
2025-07-13,HMRL-56,412,0
2025-07-13,HMRL-16,430,0
2025-07-13,HMRL-47,349,0
2025-07-13,HMRL-09,322,0
2025-07-13,HMRL-36,365,0
2025-07-13,HMRL-12,414,0
2025-07-13,HMRL-37,454,0
2025-07-13,HMRL-02,439,0
2025-07-13,HMRL-08,363,0
2025-07-13,HMRL-49,468,0
2025-07-13,HMRL-50,447,0
2025-07-13,HMRL-48,492,0
2025-07-13,HMRL-01,370,0
2025-07-13,HMRL-24,385,0
2025-07-13,HMRL-07,427,0
2025-07-13,HMRL-60,402,0
2025-07-13,HMRL-55,406,0
2025-07-13,HMRL-05,449,0
2025-07-13,HMRL-13,333,0
2025-07-13,HMRL-17,402,0
2025-07-13,HMRL-52,324,0
2025-07-13,HMRL-14,445,0
2025-07-13,HMRL-51,324,0
2025-07-13,HMRL-45,378,0
2025-07-13,HMRL-33,423,0
2025-07-13,HMRL-18,419,0
2025-07-13,HMRL-31,310,0
2025-07-13,HMRL-03,339,0
2025-07-13,HMRL-20,442,1
2025-07-13,HMRL-23,389,0
2025-07-13,HMRL-44,378,0
2025-07-13,HMRL-46,341,0
2025-07-13,HMRL-25,468,0
2025-07-12,HMRL-47,436,0
2025-07-12,HMRL-10,334,0
2025-07-12,HMRL-04,363,0
2025-07-12,HMRL-40,359,0
2025-07-12,HMRL-23,494,0
2025-07-12,HMRL-41,473,0
2025-07-12,HMRL-38,481,0
2025-07-12,HMRL-42,319,0
2025-07-12,HMRL-45,441,0
2025-07-12,HMRL-12,416,0
2025-07-12,HMRL-35,339,0
2025-07-12,HMRL-18,385,0
2025-07-12,HMRL-34,357,0
2025-07-12,HMRL-37,379,0
2025-07-12,HMRL-36,399,0
2025-07-12,HMRL-31,314,0
2025-07-12,HMRL-16,405,0
2025-07-12,HMRL-24,362,0
2025-07-12,HMRL-33,315,0
2025-07-12,HMRL-32,476,0
2025-07-12,HMRL-51,323,0
2025-07-12,HMRL-30,476,0
2025-07-12,HMRL-11,476,0
2025-07-12,HMRL-13,345,0
2025-07-12,HMRL-14,406,0
2025-07-12,HMRL-22,343,0
2025-07-12,HMRL-52,435,0
2025-07-12,HMRL-02,346,0
2025-07-12,HMRL-54,349,0
2025-07-12,HMRL-56,308,0
2025-07-12,HMRL-29,368,0
2025-07-12,HMRL-09,483,0
2025-07-12,HMRL-01,467,0
2025-07-12,HMRL-27,352,0
2025-07-12,HMRL-20,374,0
2025-07-12,HMRL-08,321,0
2025-07-12,HMRL-19,367,0
2025-07-12,HMRL-17,367,0
2025-07-12,HMRL-60,445,0
2025-07-12,HMRL-46,464,0
2025-07-12,HMRL-07,495,0
2025-07-12,HMRL-48,461,0
2025-07-12,HMRL-59,483,0
2025-07-12,HMRL-50,460,0
2025-07-12,HMRL-49,396,0
2025-07-11,HMRL-58,618,0
2025-07-11,HMRL-24,530,0
2025-07-11,HMRL-05,666,0
2025-07-11,HMRL-11,571,0
2025-07-11,HMRL-40,645,0
2025-07-11,HMRL-08,675,0
2025-07-11,HMRL-55,512,0
2025-07-11,HMRL-27,619,0
2025-07-11,HMRL-18,642,0
2025-07-11,HMRL-49,583,0
2025-07-11,HMRL-32,519,0
2025-07-11,HMRL-42,535,0
2025-07-11,HMRL-56,576,0
2025-07-11,HMRL-12,561,0
2025-07-11,HMRL-17,636,0
2025-07-11,HMRL-43,598,0
2025-07-11,HMRL-25,578,0
2025-07-11,HMRL-19,512,0
2025-07-11,HMRL-47,662,0
2025-07-11,HMRL-38,606,0
2025-07-11,HMRL-39,690,0
2025-07-11,HMRL-33,529,0
2025-07-11,HMRL-29,596,0
2025-07-11,HMRL-51,652,0
2025-07-11,HMRL-46,562,0
2025-07-11,HMRL-41,579,0
2025-07-11,HMRL-14,537,0
2025-07-11,HMRL-21,516,0
2025-07-11,HMRL-34,625,0
2025-07-11,HMRL-48,679,0
2025-07-11,HMRL-30,598,0
2025-07-11,HMRL-20,608,1
2025-07-11,HMRL-35,612,0
2025-07-11,HMRL-36,526,0
2025-07-11,HMRL-16,542,0
2025-07-11,HMRL-37,535,0
2025-07-11,HMRL-31,548,0
2025-07-11,HMRL-45,565,0
2025-07-11,HMRL-04,547,0
2025-07-11,HMRL-44,623,0
2025-07-11,HMRL-54,658,0
2025-07-11,HMRL-01,630,0
2025-07-11,HMRL-02,663,0
2025-07-10,HMRL-04,517,0
2025-07-10,HMRL-36,590,0
2025-07-10,HMRL-26,543,0
2025-07-10,HMRL-57,582,0
2025-07-10,HMRL-06,681,0
2025-07-10,HMRL-17,569,0
2025-07-10,HMRL-48,582,0
2025-07-10,HMRL-45,678,0
2025-07-10,HMRL-40,692,0
2025-07-10,HMRL-59,679,0
2025-07-10,HMRL-19,628,0
2025-07-10,HMRL-10,558,0
2025-07-10,HMRL-24,622,0
2025-07-10,HMRL-03,668,0
2025-07-10,HMRL-30,664,0
2025-07-10,HMRL-52,553,0
2025-07-10,HMRL-58,611,0
2025-07-10,HMRL-25,660,0
2025-07-10,HMRL-53,555,0
2025-07-10,HMRL-39,686,0
2025-07-10,HMRL-29,526,0
2025-07-10,HMRL-33,697,0
2025-07-10,HMRL-55,558,0
2025-07-10,HMRL-11,560,0
2025-07-10,HMRL-47,611,0
2025-07-10,HMRL-60,534,0
2025-07-10,HMRL-05,696,0
2025-07-10,HMRL-50,604,0
2025-07-10,HMRL-56,598,0
2025-07-10,HMRL-09,503,0
2025-07-10,HMRL-27,607,0
2025-07-10,HMRL-31,578,0
2025-07-10,HMRL-34,600,0
2025-07-10,HMRL-42,520,0
2025-07-10,HMRL-13,522,0
2025-07-10,HMRL-01,533,0
2025-07-10,HMRL-21,669,0
2025-07-10,HMRL-16,579,0
2025-07-10,HMRL-08,573,0
2025-07-10,HMRL-23,634,1
2025-07-10,HMRL-32,571,0
2025-07-10,HMRL-22,575,0
2025-07-10,HMRL-18,655,0
2025-07-10,HMRL-14,582,0
2025-07-09,HMRL-22,622,0
2025-07-09,HMRL-11,662,0
2025-07-09,HMRL-52,659,0
2025-07-09,HMRL-18,675,0
2025-07-09,HMRL-42,609,0
2025-07-09,HMRL-16,541,0
2025-07-09,HMRL-31,659,0
2025-07-09,HMRL-50,565,0
2025-07-09,HMRL-30,649,0
2025-07-09,HMRL-49,644,0
2025-07-09,HMRL-47,536,0
2025-07-09,HMRL-38,632,0
2025-07-09,HMRL-60,509,0
2025-07-09,HMRL-03,515,0
2025-07-09,HMRL-29,694,0
2025-07-09,HMRL-27,521,0
2025-07-09,HMRL-44,572,0
2025-07-09,HMRL-24,644,0
2025-07-09,HMRL-21,620,0
2025-07-09,HMRL-58,556,0
2025-07-09,HMRL-15,639,0
2025-07-09,HMRL-32,681,0
2025-07-09,HMRL-17,672,0
2025-07-09,HMRL-36,623,0
2025-07-09,HMRL-23,563,0
2025-07-09,HMRL-10,657,0
2025-07-09,HMRL-48,518,0
2025-07-09,HMRL-05,685,0
2025-07-09,HMRL-59,542,0
2025-07-09,HMRL-06,590,0
2025-07-09,HMRL-39,601,0
2025-07-09,HMRL-45,552,0
2025-07-09,HMRL-43,604,0
2025-07-09,HMRL-57,627,0
2025-07-09,HMRL-35,548,0
2025-07-09,HMRL-14,633,0
2025-07-09,HMRL-40,597,0
2025-07-09,HMRL-19,654,0
2025-07-09,HMRL-56,548,0
2025-07-09,HMRL-02,677,0
2025-07-09,HMRL-53,573,2
2025-07-09,HMRL-55,516,0
2025-07-09,HMRL-41,598,0
2025-07-09,HMRL-54,688,0
2025-07-09,HMRL-51,559,1
2025-07-08,HMRL-19,584,0
2025-07-08,HMRL-06,514,0
2025-07-08,HMRL-34,629,0
2025-07-08,HMRL-42,584,0
2025-07-08,HMRL-20,678,0
2025-07-08,HMRL-16,591,0
2025-07-08,HMRL-27,684,0
2025-07-08,HMRL-57,512,0
2025-07-08,HMRL-52,659,0
2025-07-08,HMRL-28,580,0
2025-07-08,HMRL-04,560,0
2025-07-08,HMRL-43,637,0
2025-07-08,HMRL-12,692,0
2025-07-08,HMRL-44,676,0
2025-07-08,HMRL-02,667,0
2025-07-08,HMRL-41,521,0
2025-07-08,HMRL-39,673,0
2025-07-08,HMRL-13,517,0
2025-07-08,HMRL-59,667,0
2025-07-08,HMRL-15,586,0
2025-07-08,HMRL-31,507,0
2025-07-08,HMRL-36,536,0
2025-07-08,HMRL-35,504,0
2025-07-08,HMRL-50,608,0
2025-07-08,HMRL-11,683,0
2025-07-08,HMRL-05,661,0
2025-07-08,HMRL-03,691,0
2025-07-08,HMRL-55,578,0
2025-07-08,HMRL-54,622,0
2025-07-08,HMRL-33,527,0
2025-07-08,HMRL-24,607,0
2025-07-08,HMRL-30,643,0
2025-07-08,HMRL-14,688,0
2025-07-08,HMRL-40,669,0
2025-07-08,HMRL-45,678,0
2025-07-08,HMRL-26,648,0
2025-07-08,HMRL-25,513,0
2025-07-08,HMRL-08,572,0
2025-07-08,HMRL-51,622,0
2025-07-08,HMRL-47,588,0
2025-07-08,HMRL-29,508,0
2025-07-08,HMRL-49,689,0
2025-07-08,HMRL-10,592,0
2025-07-08,HMRL-48,552,0
2025-07-08,HMRL-17,696,0
2025-07-08,HMRL-38,595,0
2025-07-07,HMRL-17,628,0
2025-07-07,HMRL-34,695,0
2025-07-07,HMRL-50,675,0
2025-07-07,HMRL-36,511,0
2025-07-07,HMRL-39,675,0
2025-07-07,HMRL-06,615,0
2025-07-07,HMRL-38,691,0
2025-07-07,HMRL-43,673,0
2025-07-07,HMRL-46,608,0
2025-07-07,HMRL-54,694,0
2025-07-07,HMRL-20,587,0
2025-07-07,HMRL-56,690,0
2025-07-07,HMRL-23,628,0
2025-07-07,HMRL-55,514,0
2025-07-07,HMRL-25,579,0
2025-07-07,HMRL-44,618,0
2025-07-07,HMRL-22,682,0
2025-07-07,HMRL-40,561,0
2025-07-07,HMRL-51,608,0
2025-07-07,HMRL-05,605,0
2025-07-07,HMRL-42,503,0
2025-07-07,HMRL-18,650,0
2025-07-07,HMRL-21,675,0
2025-07-07,HMRL-26,598,0
2025-07-07,HMRL-19,589,0
2025-07-07,HMRL-58,545,0
2025-07-07,HMRL-28,573,0
2025-07-07,HMRL-60,683,0
2025-07-07,HMRL-53,670,0
2025-07-07,HMRL-41,532,0
2025-07-07,HMRL-08,693,0
2025-07-07,HMRL-27,675,0
2025-07-07,HMRL-57,586,0
2025-07-07,HMRL-01,590,0
2025-07-07,HMRL-29,608,0
2025-07-07,HMRL-09,600,0
2025-07-07,HMRL-03,630,0
2025-07-07,HMRL-12,619,0
2025-07-07,HMRL-47,583,0
2025-07-07,HMRL-10,606,0
2025-07-07,HMRL-31,520,0
2025-07-07,HMRL-33,606,0
2025-07-07,HMRL-13,649,0
2025-07-07,HMRL-16,511,0
2025-07-07,HMRL-48,607,0
2025-07-07,HMRL-45,561,0
2025-07-07,HMRL-35,604,0
2025-07-07,HMRL-30,587,0
2025-07-07,HMRL-37,594,0
2025-07-07,HMRL-02,678,0
2025-07-06,HMRL-15,314,0
2025-07-06,HMRL-14,426,0
2025-07-06,HMRL-38,366,0
2025-07-06,HMRL-22,399,0
2025-07-06,HMRL-27,346,0
2025-07-06,HMRL-13,388,0
2025-07-06,HMRL-12,487,0
2025-07-06,HMRL-09,360,0
2025-07-06,HMRL-17,423,0
2025-07-06,HMRL-24,450,0
2025-07-06,HMRL-05,496,0
2025-07-06,HMRL-33,352,0
2025-07-06,HMRL-10,492,0
2025-07-06,HMRL-51,446,0
2025-07-06,HMRL-26,408,0
2025-07-06,HMRL-39,474,0
2025-07-06,HMRL-46,434,0
2025-07-06,HMRL-50,388,0
2025-07-06,HMRL-58,399,1
2025-07-06,HMRL-53,344,0
2025-07-06,HMRL-06,405,0
2025-07-06,HMRL-48,406,0
2025-07-06,HMRL-28,464,0
2025-07-06,HMRL-37,425,0
2025-07-06,HMRL-29,400,0
2025-07-06,HMRL-20,374,0
2025-07-06,HMRL-25,455,0
2025-07-06,HMRL-32,316,0
2025-07-06,HMRL-35,302,0
2025-07-06,HMRL-52,481,1
2025-07-06,HMRL-16,340,0
2025-07-06,HMRL-19,304,0
2025-07-06,HMRL-34,332,0
2025-07-06,HMRL-56,434,0
2025-07-06,HMRL-31,413,0
2025-07-06,HMRL-21,477,0
2025-07-06,HMRL-49,352,0
2025-07-06,HMRL-59,383,0
2025-07-06,HMRL-07,485,0
2025-07-06,HMRL-03,387,0
2025-07-06,HMRL-36,320,0
2025-07-06,HMRL-23,431,0
2025-07-06,HMRL-08,338,0
2025-07-05,HMRL-01,448,0
2025-07-05,HMRL-44,386,0
2025-07-05,HMRL-54,475,0
2025-07-05,HMRL-28,312,0
2025-07-05,HMRL-55,470,0
2025-07-05,HMRL-53,371,0
2025-07-05,HMRL-59,307,0
2025-07-05,HMRL-46,425,0
2025-07-05,HMRL-47,388,0
2025-07-05,HMRL-38,350,0
2025-07-05,HMRL-22,327,0
2025-07-05,HMRL-33,339,0
2025-07-05,HMRL-43,489,0
2025-07-05,HMRL-27,476,0
2025-07-05,HMRL-09,476,0
2025-07-05,HMRL-48,415,0
2025-07-05,HMRL-05,449,0
2025-07-05,HMRL-36,312,0
2025-07-05,HMRL-50,500,0
2025-07-05,HMRL-13,313,0
2025-07-05,HMRL-58,428,0
2025-07-05,HMRL-07,315,0
2025-07-05,HMRL-39,317,0
2025-07-05,HMRL-11,497,0
2025-07-05,HMRL-49,338,0
2025-07-05,HMRL-06,459,0
2025-07-05,HMRL-30,438,0
2025-07-05,HMRL-32,428,0
2025-07-05,HMRL-02,485,0
2025-07-05,HMRL-26,429,0
2025-07-05,HMRL-51,428,0
2025-07-05,HMRL-21,301,0
2025-07-05,HMRL-41,318,0
2025-07-05,HMRL-14,370,0
2025-07-05,HMRL-57,413,0
2025-07-05,HMRL-31,368,0
2025-07-05,HMRL-08,362,0
2025-07-05,HMRL-25,321,0
2025-07-05,HMRL-29,390,0
2025-07-05,HMRL-20,388,0
2025-07-05,HMRL-10,342,0
2025-07-05,HMRL-16,480,0
2025-07-05,HMRL-35,492,0
2025-07-05,HMRL-17,445,0
2025-07-05,HMRL-03,468,0
2025-07-05,HMRL-37,444,0
2025-07-05,HMRL-04,306,0
2025-07-05,HMRL-19,333,0
2025-07-05,HMRL-34,443,0
2025-07-05,HMRL-18,448,0
2025-07-04,HMRL-43,663,0
2025-07-04,HMRL-55,606,0
2025-07-04,HMRL-48,643,0
2025-07-04,HMRL-53,671,0
2025-07-04,HMRL-17,508,0
2025-07-04,HMRL-58,626,0
2025-07-04,HMRL-21,612,0
2025-07-04,HMRL-30,671,0
2025-07-04,HMRL-31,557,0
2025-07-04,HMRL-27,682,0
2025-07-04,HMRL-26,640,0
2025-07-04,HMRL-05,502,0
2025-07-04,HMRL-47,647,0
2025-07-04,HMRL-16,601,0
2025-07-04,HMRL-35,609,0
2025-07-04,HMRL-46,613,0
2025-07-04,HMRL-28,504,0
2025-07-04,HMRL-22,613,0
2025-07-04,HMRL-41,698,0
2025-07-04,HMRL-60,557,0
2025-07-04,HMRL-02,596,0
2025-07-04,HMRL-03,623,0
2025-07-04,HMRL-38,648,0
2025-07-04,HMRL-06,500,0
2025-07-04,HMRL-24,668,0
2025-07-04,HMRL-23,625,0
2025-07-04,HMRL-50,549,0
2025-07-04,HMRL-29,625,0
2025-07-04,HMRL-13,581,0
2025-07-04,HMRL-49,615,0
2025-07-04,HMRL-07,562,0
2025-07-04,HMRL-19,652,2
2025-07-04,HMRL-45,587,0
2025-07-04,HMRL-54,608,0
2025-07-04,HMRL-36,667,0
2025-07-04,HMRL-25,691,0
2025-07-04,HMRL-12,683,0
2025-07-04,HMRL-33,693,0
2025-07-04,HMRL-57,628,0
2025-07-04,HMRL-32,531,0
2025-07-04,HMRL-01,554,0
2025-07-04,HMRL-04,534,0
2025-07-04,HMRL-10,545,0
2025-07-04,HMRL-39,607,0
2025-07-04,HMRL-52,569,0
2025-07-03,HMRL-58,581,0
2025-07-03,HMRL-04,596,0
2025-07-03,HMRL-44,634,0
2025-07-03,HMRL-03,527,0
2025-07-03,HMRL-37,503,0
2025-07-03,HMRL-21,532,0
2025-07-03,HMRL-34,638,0
2025-07-03,HMRL-59,667,0
2025-07-03,HMRL-20,544,0
2025-07-03,HMRL-01,517,3
2025-07-03,HMRL-06,649,0
2025-07-03,HMRL-19,550,0
2025-07-03,HMRL-25,653,0
2025-07-03,HMRL-08,691,0
2025-07-03,HMRL-55,669,0
2025-07-03,HMRL-39,516,0
2025-07-03,HMRL-30,580,0
2025-07-03,HMRL-51,659,0
2025-07-03,HMRL-57,650,0
2025-07-03,HMRL-02,694,0
2025-07-03,HMRL-05,563,0
2025-07-03,HMRL-38,681,0
2025-07-03,HMRL-53,607,0
2025-07-03,HMRL-42,599,0
2025-07-03,HMRL-29,509,0
2025-07-03,HMRL-14,599,0
2025-07-03,HMRL-54,686,0
2025-07-03,HMRL-33,581,0
2025-07-03,HMRL-46,518,0
2025-07-03,HMRL-09,699,0
2025-07-03,HMRL-13,579,0
2025-07-03,HMRL-15,656,0
2025-07-03,HMRL-48,620,0
2025-07-03,HMRL-23,636,0
2025-07-03,HMRL-47,574,0
2025-07-03,HMRL-32,667,0
2025-07-03,HMRL-10,635,0
2025-07-03,HMRL-16,561,0
2025-07-03,HMRL-24,693,0
2025-07-03,HMRL-26,552,0
2025-07-03,HMRL-60,675,0
2025-07-03,HMRL-49,680,0
2025-07-03,HMRL-28,597,0
2025-07-03,HMRL-41,542,0
2025-07-03,HMRL-31,620,0
2025-07-03,HMRL-17,579,0
2025-07-03,HMRL-45,641,0
2025-07-03,HMRL-36,556,0
2025-07-03,HMRL-22,526,0
2025-07-03,HMRL-27,606,0
2025-07-02,HMRL-26,516,0
2025-07-02,HMRL-54,603,0
2025-07-02,HMRL-29,606,0
2025-07-02,HMRL-32,566,0
2025-07-02,HMRL-05,524,0
2025-07-02,HMRL-38,579,0
2025-07-02,HMRL-09,615,0
2025-07-02,HMRL-46,545,0
2025-07-02,HMRL-51,684,0
2025-07-02,HMRL-43,576,0
2025-07-02,HMRL-36,632,0
2025-07-02,HMRL-50,582,0
2025-07-02,HMRL-39,607,0
2025-07-02,HMRL-59,654,0
2025-07-02,HMRL-03,512,0
2025-07-02,HMRL-15,633,0
2025-07-02,HMRL-04,526,0
2025-07-02,HMRL-10,526,0
2025-07-02,HMRL-34,580,0
2025-07-02,HMRL-58,621,0
2025-07-02,HMRL-21,559,0
2025-07-02,HMRL-41,588,0
2025-07-02,HMRL-18,573,0
2025-07-02,HMRL-53,626,0
2025-07-02,HMRL-23,666,0
2025-07-02,HMRL-33,669,0
2025-07-02,HMRL-12,636,0
2025-07-02,HMRL-16,551,0
2025-07-02,HMRL-01,553,0
2025-07-02,HMRL-07,649,0
2025-07-02,HMRL-14,611,0
2025-07-02,HMRL-57,515,0
2025-07-02,HMRL-13,624,0
2025-07-02,HMRL-45,609,2
2025-07-02,HMRL-35,576,0
2025-07-02,HMRL-17,588,0
2025-07-02,HMRL-60,676,0
2025-07-02,HMRL-44,552,0
2025-07-02,HMRL-20,647,0
2025-07-02,HMRL-40,576,0
2025-07-02,HMRL-06,592,0
2025-07-02,HMRL-47,696,0
2025-07-02,HMRL-24,513,0
2025-07-02,HMRL-22,581,0
2025-07-02,HMRL-28,586,0
2025-07-02,HMRL-25,635,0
2025-07-02,HMRL-27,663,0
2025-07-02,HMRL-55,549,0
2025-07-02,HMRL-08,501,0
2025-07-01,HMRL-52,545,0
2025-07-01,HMRL-11,571,1
2025-07-01,HMRL-18,544,0
2025-07-01,HMRL-44,679,0
2025-07-01,HMRL-48,630,0
2025-07-01,HMRL-10,500,0
2025-07-01,HMRL-30,695,0
2025-07-01,HMRL-06,600,0
2025-07-01,HMRL-25,561,0
2025-07-01,HMRL-08,564,0
2025-07-01,HMRL-43,524,0
2025-07-01,HMRL-34,592,0
2025-07-01,HMRL-56,594,0
2025-07-01,HMRL-50,638,0
2025-07-01,HMRL-60,581,0
2025-07-01,HMRL-59,635,0
2025-07-01,HMRL-33,561,1
2025-07-01,HMRL-41,513,0
2025-07-01,HMRL-46,588,0
2025-07-01,HMRL-38,507,0
2025-07-01,HMRL-54,540,0
2025-07-01,HMRL-17,610,0
2025-07-01,HMRL-31,583,0
2025-07-01,HMRL-27,656,3
2025-07-01,HMRL-12,648,0
2025-07-01,HMRL-14,639,0
2025-07-01,HMRL-47,592,0
2025-07-01,HMRL-02,609,0
2025-07-01,HMRL-35,628,0
2025-07-01,HMRL-22,611,0
2025-07-01,HMRL-58,523,0
2025-07-01,HMRL-36,699,0
2025-07-01,HMRL-21,593,0
2025-07-01,HMRL-09,638,0
2025-07-01,HMRL-16,637,0
2025-07-01,HMRL-40,574,0
2025-07-01,HMRL-15,553,0
2025-07-01,HMRL-23,598,0
2025-07-01,HMRL-53,637,0
2025-07-01,HMRL-32,505,0
2025-07-01,HMRL-39,592,0
2025-07-01,HMRL-04,545,0
2025-07-01,HMRL-07,666,0
2025-07-01,HMRL-19,601,0
2025-07-01,HMRL-05,670,0
2025-06-30,HMRL-05,696,0
2025-06-30,HMRL-26,545,0
2025-06-30,HMRL-13,536,0
2025-06-30,HMRL-16,592,0
2025-06-30,HMRL-02,578,1
2025-06-30,HMRL-55,636,0
2025-06-30,HMRL-36,616,0
2025-06-30,HMRL-19,596,0
2025-06-30,HMRL-25,647,0
2025-06-30,HMRL-03,695,0
2025-06-30,HMRL-07,662,0
2025-06-30,HMRL-31,609,0
2025-06-30,HMRL-11,698,0
2025-06-30,HMRL-59,511,0
2025-06-30,HMRL-10,515,0
2025-06-30,HMRL-33,599,0
2025-06-30,HMRL-01,575,0
2025-06-30,HMRL-57,504,0
2025-06-30,HMRL-14,613,0
2025-06-30,HMRL-47,668,0
2025-06-30,HMRL-20,630,0
2025-06-30,HMRL-39,659,0
2025-06-30,HMRL-04,684,0
2025-06-30,HMRL-45,534,0
2025-06-30,HMRL-53,571,0
2025-06-30,HMRL-32,599,0
2025-06-30,HMRL-54,639,0
2025-06-30,HMRL-06,581,0
2025-06-30,HMRL-37,556,0
2025-06-30,HMRL-42,537,0
2025-06-30,HMRL-41,610,0
2025-06-30,HMRL-08,545,0
2025-06-30,HMRL-09,570,0
2025-06-30,HMRL-21,554,0
2025-06-30,HMRL-23,646,0
2025-06-30,HMRL-29,568,0
2025-06-30,HMRL-22,503,0
2025-06-30,HMRL-56,517,0
2025-06-30,HMRL-52,503,0
2025-06-30,HMRL-38,693,0
2025-06-30,HMRL-30,632,0
2025-06-30,HMRL-27,543,0
2025-06-30,HMRL-58,668,0
2025-06-30,HMRL-49,691,0
2025-06-30,HMRL-24,613,0
2025-06-29,HMRL-60,406,0
2025-06-29,HMRL-15,342,0
2025-06-29,HMRL-43,311,0
2025-06-29,HMRL-13,494,1
2025-06-29,HMRL-50,482,0
2025-06-29,HMRL-08,491,0
2025-06-29,HMRL-32,316,0
2025-06-29,HMRL-49,453,0
2025-06-29,HMRL-06,313,0
2025-06-29,HMRL-17,476,0
2025-06-29,HMRL-30,393,1
2025-06-29,HMRL-37,424,0
2025-06-29,HMRL-21,401,0
2025-06-29,HMRL-23,361,0
2025-06-29,HMRL-51,429,0
2025-06-29,HMRL-05,375,2
2025-06-29,HMRL-11,473,0
2025-06-29,HMRL-53,423,0
2025-06-29,HMRL-36,390,0
2025-06-29,HMRL-44,452,0
2025-06-29,HMRL-19,368,0
2025-06-29,HMRL-38,487,0
2025-06-29,HMRL-12,391,0
2025-06-29,HMRL-41,304,0
2025-06-29,HMRL-01,306,0
2025-06-29,HMRL-39,463,0
2025-06-29,HMRL-33,324,0
2025-06-29,HMRL-45,405,0
2025-06-29,HMRL-47,332,0
2025-06-29,HMRL-26,311,0
2025-06-29,HMRL-48,305,0
2025-06-29,HMRL-52,314,0
2025-06-29,HMRL-02,369,0
2025-06-29,HMRL-46,430,0
2025-06-29,HMRL-40,469,0
2025-06-29,HMRL-22,449,0
2025-06-29,HMRL-35,442,0
2025-06-29,HMRL-34,354,0
2025-06-29,HMRL-04,343,0
2025-06-29,HMRL-59,457,0
2025-06-29,HMRL-57,365,0
2025-06-29,HMRL-18,476,0
2025-06-29,HMRL-42,327,0
2025-06-29,HMRL-25,420,0
2025-06-29,HMRL-29,364,0
2025-06-28,HMRL-02,439,0
2025-06-28,HMRL-13,452,0
2025-06-28,HMRL-46,463,0
2025-06-28,HMRL-17,333,0
2025-06-28,HMRL-23,473,0
2025-06-28,HMRL-26,460,0
2025-06-28,HMRL-34,378,0
2025-06-28,HMRL-44,363,0
2025-06-28,HMRL-33,329,0
2025-06-28,HMRL-45,335,0
2025-06-28,HMRL-18,498,0
2025-06-28,HMRL-54,423,0
2025-06-28,HMRL-55,395,0
2025-06-28,HMRL-22,410,0
2025-06-28,HMRL-53,374,0
2025-06-28,HMRL-32,313,0
2025-06-28,HMRL-14,489,0
2025-06-28,HMRL-31,350,0
2025-06-28,HMRL-19,433,0
2025-06-28,HMRL-50,366,0
2025-06-28,HMRL-39,441,0
2025-06-28,HMRL-25,424,0
2025-06-28,HMRL-48,368,0
2025-06-28,HMRL-40,431,0
2025-06-28,HMRL-01,456,0
2025-06-28,HMRL-29,353,0
2025-06-28,HMRL-09,495,0
2025-06-28,HMRL-15,361,0
2025-06-28,HMRL-38,334,0
2025-06-28,HMRL-59,401,0
2025-06-28,HMRL-24,388,0
2025-06-28,HMRL-60,453,0
2025-06-28,HMRL-37,419,0
2025-06-28,HMRL-10,374,0
2025-06-28,HMRL-51,307,0
2025-06-28,HMRL-16,454,0
2025-06-28,HMRL-49,484,0
2025-06-28,HMRL-04,384,0
2025-06-28,HMRL-05,425,0
2025-06-28,HMRL-36,467,0
2025-06-28,HMRL-41,418,1
2025-06-28,HMRL-56,457,3
2025-06-27,HMRL-35,629,0
2025-06-27,HMRL-05,616,0
2025-06-27,HMRL-39,673,0
2025-06-27,HMRL-20,647,0
2025-06-27,HMRL-24,599,0
2025-06-27,HMRL-53,618,0
2025-06-27,HMRL-51,605,0
2025-06-27,HMRL-25,695,0
2025-06-27,HMRL-22,637,0
2025-06-27,HMRL-37,612,0
2025-06-27,HMRL-31,682,0
2025-06-27,HMRL-29,528,0
2025-06-27,HMRL-15,598,0
2025-06-27,HMRL-40,622,0
2025-06-27,HMRL-55,640,0
2025-06-27,HMRL-07,641,0
2025-06-27,HMRL-03,697,0
2025-06-27,HMRL-43,530,0
2025-06-27,HMRL-13,625,0
2025-06-27,HMRL-17,659,0
2025-06-27,HMRL-02,636,0
2025-06-27,HMRL-52,666,0
2025-06-27,HMRL-50,647,0
2025-06-27,HMRL-14,649,1
2025-06-27,HMRL-26,506,0
2025-06-27,HMRL-60,574,0
2025-06-27,HMRL-45,678,0
2025-06-27,HMRL-04,643,0
2025-06-27,HMRL-47,594,0
2025-06-27,HMRL-10,682,0
2025-06-27,HMRL-36,680,0
2025-06-27,HMRL-33,554,0
2025-06-27,HMRL-23,606,0
2025-06-27,HMRL-58,635,0
2025-06-27,HMRL-16,644,0
2025-06-27,HMRL-11,626,1
2025-06-27,HMRL-54,611,0
2025-06-27,HMRL-57,565,0
2025-06-27,HMRL-21,681,0
2025-06-27,HMRL-09,524,0
2025-06-27,HMRL-34,578,0
2025-06-27,HMRL-32,687,0
2025-06-27,HMRL-30,700,0
2025-06-27,HMRL-06,605,0
2025-06-27,HMRL-49,531,0
2025-06-27,HMRL-48,698,1
2025-06-27,HMRL-46,655,0
2025-06-27,HMRL-27,649,0
2025-06-27,HMRL-56,689,0
2025-06-26,HMRL-33,610,0
2025-06-26,HMRL-43,626,0
2025-06-26,HMRL-58,642,0
2025-06-26,HMRL-22,682,0
2025-06-26,HMRL-48,696,0
2025-06-26,HMRL-51,621,0
2025-06-26,HMRL-20,557,0
2025-06-26,HMRL-10,565,2
2025-06-26,HMRL-30,589,0
2025-06-26,HMRL-14,515,0
2025-06-26,HMRL-56,525,0
2025-06-26,HMRL-18,601,0
2025-06-26,HMRL-17,619,0
2025-06-26,HMRL-38,622,0
2025-06-26,HMRL-46,500,0
2025-06-26,HMRL-32,539,0
2025-06-26,HMRL-37,647,0
2025-06-26,HMRL-39,688,0
2025-06-26,HMRL-53,526,0
2025-06-26,HMRL-24,554,0
2025-06-26,HMRL-08,583,1
2025-06-26,HMRL-59,694,0
2025-06-26,HMRL-31,678,0
2025-06-26,HMRL-13,645,0
2025-06-26,HMRL-27,506,0
2025-06-26,HMRL-36,553,0
2025-06-26,HMRL-21,661,0
2025-06-26,HMRL-49,684,0
2025-06-26,HMRL-29,601,0
2025-06-26,HMRL-41,542,0
2025-06-26,HMRL-12,612,1
2025-06-26,HMRL-50,579,0
2025-06-26,HMRL-35,518,0
2025-06-26,HMRL-15,559,0
2025-06-26,HMRL-60,581,0
2025-06-26,HMRL-23,607,0
2025-06-26,HMRL-57,623,0
2025-06-26,HMRL-40,607,0
2025-06-26,HMRL-47,619,0
2025-06-26,HMRL-16,631,0
2025-06-26,HMRL-03,667,0
2025-06-26,HMRL-02,658,0
2025-06-26,HMRL-11,527,0
2025-06-26,HMRL-07,679,0
2025-06-26,HMRL-05,669,0
2025-06-26,HMRL-06,600,0
2025-06-26,HMRL-26,560,0
2025-06-26,HMRL-52,679,0
2025-06-26,HMRL-42,620,0
2025-06-26,HMRL-01,534,0
2025-06-25,HMRL-53,615,0
2025-06-25,HMRL-60,529,0
2025-06-25,HMRL-46,698,0
2025-06-25,HMRL-28,642,0
2025-06-25,HMRL-25,667,0
2025-06-25,HMRL-29,575,0
2025-06-25,HMRL-57,595,0
2025-06-25,HMRL-26,528,0
2025-06-25,HMRL-21,507,0
2025-06-25,HMRL-19,688,0
2025-06-25,HMRL-42,593,0
2025-06-25,HMRL-01,502,0
2025-06-25,HMRL-52,540,0
2025-06-25,HMRL-15,595,0
2025-06-25,HMRL-41,626,0
2025-06-25,HMRL-12,568,0
2025-06-25,HMRL-18,532,0
2025-06-25,HMRL-11,587,0
2025-06-25,HMRL-58,650,0
2025-06-25,HMRL-08,678,0
2025-06-25,HMRL-27,611,0
2025-06-25,HMRL-37,581,0
2025-06-25,HMRL-44,652,0
2025-06-25,HMRL-47,602,0
2025-06-25,HMRL-22,610,0
2025-06-25,HMRL-39,547,0
2025-06-25,HMRL-43,588,0
2025-06-25,HMRL-33,694,0
2025-06-25,HMRL-54,693,0
2025-06-25,HMRL-30,592,0
2025-06-25,HMRL-03,621,0
2025-06-25,HMRL-35,564,0
2025-06-25,HMRL-38,555,3
2025-06-25,HMRL-36,616,0
2025-06-25,HMRL-49,568,0
2025-06-25,HMRL-45,564,0
2025-06-25,HMRL-32,585,0
2025-06-25,HMRL-31,505,0
2025-06-25,HMRL-50,659,0
2025-06-25,HMRL-17,608,0
2025-06-25,HMRL-02,528,0
2025-06-25,HMRL-34,568,0
2025-06-24,HMRL-26,641,0
2025-06-24,HMRL-18,665,0
2025-06-24,HMRL-44,687,0
2025-06-24,HMRL-25,534,0
2025-06-24,HMRL-05,631,0
2025-06-24,HMRL-21,693,0
2025-06-24,HMRL-10,563,0
2025-06-24,HMRL-45,504,0
2025-06-24,HMRL-52,638,0
2025-06-24,HMRL-28,655,0
2025-06-24,HMRL-50,584,0
2025-06-24,HMRL-22,630,0
2025-06-24,HMRL-16,504,0
2025-06-24,HMRL-54,572,0
2025-06-24,HMRL-47,506,0
2025-06-24,HMRL-09,508,0
2025-06-24,HMRL-58,689,0
2025-06-24,HMRL-17,684,0
2025-06-24,HMRL-29,586,0
2025-06-24,HMRL-03,681,0
2025-06-24,HMRL-33,664,0
2025-06-24,HMRL-07,668,0
2025-06-24,HMRL-01,651,0
2025-06-24,HMRL-39,662,0
2025-06-24,HMRL-59,527,0
2025-06-24,HMRL-34,517,0
2025-06-24,HMRL-37,679,0
2025-06-24,HMRL-11,577,0
2025-06-24,HMRL-42,535,0
2025-06-24,HMRL-41,519,0
2025-06-24,HMRL-20,574,0
2025-06-24,HMRL-36,614,0
2025-06-24,HMRL-32,698,0
2025-06-24,HMRL-53,629,0
2025-06-24,HMRL-02,680,0
2025-06-24,HMRL-57,686,0
2025-06-24,HMRL-51,634,0
2025-06-24,HMRL-30,601,0
2025-06-24,HMRL-49,513,0
2025-06-24,HMRL-27,568,0
2025-06-24,HMRL-08,643,0
2025-06-24,HMRL-15,567,0
2025-06-24,HMRL-46,676,0
2025-06-23,HMRL-55,569,0
2025-06-23,HMRL-12,635,0
2025-06-23,HMRL-25,685,0
2025-06-23,HMRL-01,644,0
2025-06-23,HMRL-56,548,0
2025-06-23,HMRL-38,533,0
2025-06-23,HMRL-10,557,3
2025-06-23,HMRL-57,569,0
2025-06-23,HMRL-16,641,0
2025-06-23,HMRL-15,598,0
2025-06-23,HMRL-06,547,0
2025-06-23,HMRL-47,555,0
2025-06-23,HMRL-17,645,0
2025-06-23,HMRL-28,699,0
2025-06-23,HMRL-24,564,0
2025-06-23,HMRL-27,601,0
2025-06-23,HMRL-44,690,0
2025-06-23,HMRL-23,629,0
2025-06-23,HMRL-32,562,0
2025-06-23,HMRL-08,509,0
2025-06-23,HMRL-45,594,0
2025-06-23,HMRL-26,571,0
2025-06-23,HMRL-43,672,0
2025-06-23,HMRL-42,631,0
2025-06-23,HMRL-33,644,0
2025-06-23,HMRL-07,630,0
2025-06-23,HMRL-14,544,0
2025-06-23,HMRL-02,595,0
2025-06-23,HMRL-19,550,0
2025-06-23,HMRL-37,670,0
2025-06-23,HMRL-20,606,0
2025-06-23,HMRL-59,617,0
2025-06-23,HMRL-49,541,0
2025-06-23,HMRL-36,606,0
2025-06-23,HMRL-54,521,0
2025-06-23,HMRL-41,620,0
2025-06-23,HMRL-48,565,0
2025-06-23,HMRL-31,552,0
2025-06-23,HMRL-22,655,0
2025-06-23,HMRL-13,588,0
2025-06-23,HMRL-39,662,0
2025-06-23,HMRL-04,643,0
2025-06-23,HMRL-21,699,0
2025-06-22,HMRL-58,435,0
2025-06-22,HMRL-51,469,0
2025-06-22,HMRL-53,419,0
2025-06-22,HMRL-55,463,0
2025-06-22,HMRL-57,463,0
2025-06-22,HMRL-09,490,0
2025-06-22,HMRL-33,423,0
2025-06-22,HMRL-02,334,0
2025-06-22,HMRL-06,482,0
2025-06-22,HMRL-30,320,0
2025-06-22,HMRL-32,315,0
2025-06-22,HMRL-52,441,0
2025-06-22,HMRL-44,364,0
2025-06-22,HMRL-60,419,0
2025-06-22,HMRL-27,344,0
2025-06-22,HMRL-56,321,0
2025-06-22,HMRL-37,414,0
2025-06-22,HMRL-19,421,0
2025-06-22,HMRL-24,492,0
2025-06-22,HMRL-47,356,0
2025-06-22,HMRL-45,491,0
2025-06-22,HMRL-25,336,0
2025-06-22,HMRL-48,354,0
2025-06-22,HMRL-43,457,0
2025-06-22,HMRL-18,367,0
2025-06-22,HMRL-59,495,0
2025-06-22,HMRL-15,415,0
2025-06-22,HMRL-42,416,0
2025-06-22,HMRL-14,392,0
2025-06-22,HMRL-40,386,3
2025-06-22,HMRL-04,468,0
2025-06-22,HMRL-29,434,0
2025-06-22,HMRL-46,347,2
2025-06-22,HMRL-21,372,0
2025-06-22,HMRL-10,410,0
2025-06-22,HMRL-23,358,0
2025-06-22,HMRL-08,348,0
2025-06-22,HMRL-20,449,0
2025-06-22,HMRL-03,482,0
2025-06-22,HMRL-01,425,0
2025-06-22,HMRL-07,429,0
2025-06-22,HMRL-49,345,0
2025-06-22,HMRL-54,304,0
2025-06-22,HMRL-35,470,0
2025-06-21,HMRL-58,445,0
2025-06-21,HMRL-45,411,0
2025-06-21,HMRL-41,406,0
2025-06-21,HMRL-59,320,0
2025-06-21,HMRL-38,446,0
2025-06-21,HMRL-50,483,0
2025-06-21,HMRL-36,463,0
2025-06-21,HMRL-16,449,0
2025-06-21,HMRL-24,316,0
2025-06-21,HMRL-43,443,0
2025-06-21,HMRL-33,412,0
2025-06-21,HMRL-39,461,0
2025-06-21,HMRL-20,461,0
2025-06-21,HMRL-29,417,0
2025-06-21,HMRL-31,424,0
2025-06-21,HMRL-04,335,0
2025-06-21,HMRL-25,350,0
2025-06-21,HMRL-37,500,0
2025-06-21,HMRL-53,390,0
2025-06-21,HMRL-56,444,0
2025-06-21,HMRL-12,426,0
2025-06-21,HMRL-34,445,0
2025-06-21,HMRL-22,460,0
2025-06-21,HMRL-42,334,0
2025-06-21,HMRL-09,465,0
2025-06-21,HMRL-57,307,0
2025-06-21,HMRL-10,365,0
2025-06-21,HMRL-21,404,0
2025-06-21,HMRL-48,452,0
2025-06-21,HMRL-14,321,0
2025-06-21,HMRL-03,382,0
2025-06-21,HMRL-28,327,0
2025-06-21,HMRL-46,449,0
2025-06-21,HMRL-23,494,0
2025-06-21,HMRL-60,413,0
2025-06-21,HMRL-27,478,0
2025-06-21,HMRL-55,303,0
2025-06-21,HMRL-51,302,0
2025-06-21,HMRL-19,390,0
2025-06-21,HMRL-49,423,0
2025-06-21,HMRL-47,369,0
2025-06-21,HMRL-15,344,0
2025-06-21,HMRL-26,472,0
2025-06-21,HMRL-17,375,0
2025-06-21,HMRL-30,484,0
2025-06-21,HMRL-54,400,0
2025-06-21,HMRL-13,480,0
2025-06-20,HMRL-53,665,0
2025-06-20,HMRL-34,653,0
2025-06-20,HMRL-13,622,2
2025-06-20,HMRL-55,660,0
2025-06-20,HMRL-03,630,1
2025-06-20,HMRL-23,521,0
2025-06-20,HMRL-08,647,0
2025-06-20,HMRL-30,623,0
2025-06-20,HMRL-54,600,0
2025-06-20,HMRL-38,681,0
2025-06-20,HMRL-60,654,0
2025-06-20,HMRL-10,671,0
2025-06-20,HMRL-48,538,0
2025-06-20,HMRL-22,691,0
2025-06-20,HMRL-05,543,0
2025-06-20,HMRL-12,558,0
2025-06-20,HMRL-42,608,0
2025-06-20,HMRL-14,562,0
2025-06-20,HMRL-17,688,0
2025-06-20,HMRL-43,693,0
2025-06-20,HMRL-16,646,0
2025-06-20,HMRL-21,536,0
2025-06-20,HMRL-15,583,0
2025-06-20,HMRL-28,686,0
2025-06-20,HMRL-50,597,0
2025-06-20,HMRL-24,581,0
2025-06-20,HMRL-29,621,0
2025-06-20,HMRL-31,694,0
2025-06-20,HMRL-32,627,0
2025-06-20,HMRL-51,676,0
2025-06-20,HMRL-07,652,0
2025-06-20,HMRL-09,618,0
2025-06-20,HMRL-35,568,0
2025-06-20,HMRL-26,606,0
2025-06-20,HMRL-46,518,0
2025-06-20,HMRL-58,596,0
2025-06-20,HMRL-11,663,0
2025-06-20,HMRL-18,552,0
2025-06-20,HMRL-40,671,0
2025-06-20,HMRL-37,527,0
2025-06-20,HMRL-02,601,0
2025-06-20,HMRL-36,612,0
2025-06-20,HMRL-56,678,0
2025-06-20,HMRL-01,557,0
2025-06-20,HMRL-49,695,0
2025-06-20,HMRL-45,661,0
2025-06-19,HMRL-26,541,0
2025-06-19,HMRL-57,652,0
2025-06-19,HMRL-60,691,0
2025-06-19,HMRL-14,612,0
2025-06-19,HMRL-02,678,0
2025-06-19,HMRL-04,632,0
2025-06-19,HMRL-42,682,0
2025-06-19,HMRL-58,621,0
2025-06-19,HMRL-13,650,0
2025-06-19,HMRL-25,598,0
2025-06-19,HMRL-10,653,0
2025-06-19,HMRL-46,583,0
2025-06-19,HMRL-08,640,0
2025-06-19,HMRL-55,622,0
2025-06-19,HMRL-23,646,0
2025-06-19,HMRL-44,698,0
2025-06-19,HMRL-05,526,0
2025-06-19,HMRL-51,532,0
2025-06-19,HMRL-17,646,0
2025-06-19,HMRL-47,567,0
2025-06-19,HMRL-29,540,0
2025-06-19,HMRL-33,639,0
2025-06-19,HMRL-30,573,0
2025-06-19,HMRL-41,521,0
2025-06-19,HMRL-20,689,0
2025-06-19,HMRL-39,517,0
2025-06-19,HMRL-07,544,0
2025-06-19,HMRL-06,665,0
2025-06-19,HMRL-59,684,0
2025-06-19,HMRL-24,605,0
2025-06-19,HMRL-21,621,0
2025-06-19,HMRL-12,593,0
2025-06-19,HMRL-43,653,0
2025-06-19,HMRL-28,556,0
2025-06-19,HMRL-34,592,0
2025-06-19,HMRL-49,676,0
2025-06-19,HMRL-31,642,0
2025-06-19,HMRL-16,506,0
2025-06-19,HMRL-38,611,0
2025-06-19,HMRL-22,700,0
2025-06-19,HMRL-48,696,0
2025-06-19,HMRL-32,699,0
2025-06-19,HMRL-40,545,0
2025-06-19,HMRL-35,557,0
2025-06-19,HMRL-27,591,0
2025-06-19,HMRL-15,639,0
2025-06-19,HMRL-11,634,0
2025-06-18,HMRL-24,689,0
2025-06-18,HMRL-47,589,0
2025-06-18,HMRL-58,691,0
2025-06-18,HMRL-13,638,0
2025-06-18,HMRL-23,503,0
2025-06-18,HMRL-52,502,0
2025-06-18,HMRL-39,643,0
2025-06-18,HMRL-42,642,0
2025-06-18,HMRL-27,607,0
2025-06-18,HMRL-20,625,0
2025-06-18,HMRL-32,566,0
2025-06-18,HMRL-11,611,0
2025-06-18,HMRL-55,636,0
2025-06-18,HMRL-34,686,0
2025-06-18,HMRL-43,609,0
2025-06-18,HMRL-51,598,0
2025-06-18,HMRL-50,575,0
2025-06-18,HMRL-18,584,0
2025-06-18,HMRL-48,556,0
2025-06-18,HMRL-46,613,0
2025-06-18,HMRL-60,690,0
2025-06-18,HMRL-21,558,0
2025-06-18,HMRL-03,622,0
2025-06-18,HMRL-30,537,0
2025-06-18,HMRL-10,677,0
2025-06-18,HMRL-59,543,0
2025-06-18,HMRL-16,657,0
2025-06-18,HMRL-07,588,0
2025-06-18,HMRL-01,574,0
2025-06-18,HMRL-37,663,0
2025-06-18,HMRL-04,573,0
2025-06-18,HMRL-41,512,0
2025-06-18,HMRL-12,542,0
2025-06-18,HMRL-40,574,2
2025-06-18,HMRL-22,500,0
2025-06-18,HMRL-02,533,0
2025-06-18,HMRL-17,506,0
2025-06-18,HMRL-29,664,0
2025-06-18,HMRL-25,541,0
2025-06-18,HMRL-56,569,0
2025-06-18,HMRL-35,650,0
2025-06-18,HMRL-49,560,0
2025-06-18,HMRL-57,604,0
2025-06-17,HMRL-49,622,0
2025-06-17,HMRL-48,622,0
2025-06-17,HMRL-21,560,0
2025-06-17,HMRL-38,540,0
2025-06-17,HMRL-08,570,0
2025-06-17,HMRL-39,613,0
2025-06-17,HMRL-36,518,0
2025-06-17,HMRL-06,658,0
2025-06-17,HMRL-29,644,0
2025-06-17,HMRL-60,620,0
2025-06-17,HMRL-20,626,0
2025-06-17,HMRL-32,671,0
2025-06-17,HMRL-47,556,0
2025-06-17,HMRL-15,547,0
2025-06-17,HMRL-25,510,0
2025-06-17,HMRL-28,507,0
2025-06-17,HMRL-24,582,0
2025-06-17,HMRL-14,581,0
2025-06-17,HMRL-40,689,0
2025-06-17,HMRL-52,558,0
2025-06-17,HMRL-34,640,0
2025-06-17,HMRL-42,508,0
2025-06-17,HMRL-23,645,0
2025-06-17,HMRL-55,577,0
2025-06-17,HMRL-41,574,0
2025-06-17,HMRL-50,668,0
2025-06-17,HMRL-33,620,0
2025-06-17,HMRL-57,534,0
2025-06-17,HMRL-44,559,0
2025-06-17,HMRL-59,514,0
2025-06-17,HMRL-04,695,0
2025-06-17,HMRL-56,560,0
2025-06-17,HMRL-30,549,0
2025-06-17,HMRL-26,594,0
2025-06-17,HMRL-58,620,0
2025-06-17,HMRL-35,649,0
2025-06-17,HMRL-18,505,0
2025-06-17,HMRL-09,540,0
2025-06-17,HMRL-37,686,0
2025-06-17,HMRL-22,652,0
2025-06-17,HMRL-46,500,0
2025-06-17,HMRL-13,643,0
2025-06-17,HMRL-03,661,0
2025-06-17,HMRL-43,620,0
2025-06-17,HMRL-54,641,0
2025-06-17,HMRL-17,679,0
2025-06-17,HMRL-10,548,0
2025-06-17,HMRL-53,608,0
2025-06-17,HMRL-51,650,0
2025-06-17,HMRL-19,616,0
2025-06-16,HMRL-47,659,0
2025-06-16,HMRL-16,520,0
2025-06-16,HMRL-56,608,0
2025-06-16,HMRL-28,517,0
2025-06-16,HMRL-55,581,0
2025-06-16,HMRL-25,641,0
2025-06-16,HMRL-27,685,0
2025-06-16,HMRL-02,613,0
2025-06-16,HMRL-37,663,0
2025-06-16,HMRL-32,523,0
2025-06-16,HMRL-43,651,0
2025-06-16,HMRL-52,641,0
2025-06-16,HMRL-51,508,0
2025-06-16,HMRL-33,671,0
2025-06-16,HMRL-21,501,0
2025-06-16,HMRL-22,682,0
2025-06-16,HMRL-01,551,0
2025-06-16,HMRL-04,500,0
2025-06-16,HMRL-42,689,0
2025-06-16,HMRL-19,658,0
2025-06-16,HMRL-18,536,0
2025-06-16,HMRL-24,555,0
2025-06-16,HMRL-03,594,0
2025-06-16,HMRL-29,678,0
2025-06-16,HMRL-09,589,0
2025-06-16,HMRL-26,511,0
2025-06-16,HMRL-11,606,0
2025-06-16,HMRL-53,516,0
2025-06-16,HMRL-06,636,0
2025-06-16,HMRL-44,599,0
2025-06-16,HMRL-30,641,0
2025-06-16,HMRL-15,507,0
2025-06-16,HMRL-20,546,0
2025-06-16,HMRL-08,633,0
2025-06-16,HMRL-23,557,0
2025-06-16,HMRL-48,642,0
2025-06-16,HMRL-35,528,0
2025-06-16,HMRL-05,685,0
2025-06-16,HMRL-13,579,0
2025-06-16,HMRL-12,622,0
2025-06-16,HMRL-39,609,0
2025-06-16,HMRL-49,644,2
2025-06-16,HMRL-17,595,0
2025-06-16,HMRL-58,508,0
2025-06-16,HMRL-46,566,0
2025-06-16,HMRL-57,628,0
2025-06-16,HMRL-07,608,0
2025-06-16,HMRL-50,695,0
2025-06-16,HMRL-31,531,0
2025-06-16,HMRL-40,541,0
2025-06-15,HMRL-28,424,0
2025-06-15,HMRL-22,493,0
2025-06-15,HMRL-43,420,0
2025-06-15,HMRL-27,311,0
2025-06-15,HMRL-03,339,0
2025-06-15,HMRL-26,329,0
2025-06-15,HMRL-31,394,0
2025-06-15,HMRL-54,495,0
2025-06-15,HMRL-24,362,0
2025-06-15,HMRL-23,397,0
2025-06-15,HMRL-37,409,0
2025-06-15,HMRL-51,329,0
2025-06-15,HMRL-29,461,0
2025-06-15,HMRL-16,411,0
2025-06-15,HMRL-21,304,0
2025-06-15,HMRL-19,412,0
2025-06-15,HMRL-07,391,0
2025-06-15,HMRL-01,379,0
2025-06-15,HMRL-46,377,0
2025-06-15,HMRL-41,450,0
2025-06-15,HMRL-48,460,0
2025-06-15,HMRL-53,403,0
2025-06-15,HMRL-09,446,0
2025-06-15,HMRL-49,309,0
2025-06-15,HMRL-58,398,0
2025-06-15,HMRL-45,378,0
2025-06-15,HMRL-56,385,0
2025-06-15,HMRL-12,389,0
2025-06-15,HMRL-59,466,0
2025-06-15,HMRL-50,310,0
2025-06-15,HMRL-57,357,0
2025-06-15,HMRL-55,400,0
2025-06-15,HMRL-52,355,0
2025-06-15,HMRL-18,424,0
2025-06-15,HMRL-42,342,0
2025-06-15,HMRL-20,383,0
2025-06-15,HMRL-60,490,0
2025-06-15,HMRL-17,309,0
2025-06-15,HMRL-30,356,0
2025-06-15,HMRL-34,316,0
2025-06-15,HMRL-36,497,0
2025-06-15,HMRL-32,464,0
2025-06-15,HMRL-11,366,0
2025-06-15,HMRL-35,462,0
2025-06-15,HMRL-15,456,0
2025-06-15,HMRL-40,481,0
2025-06-15,HMRL-04,479,0
2025-06-15,HMRL-06,455,0
2025-06-14,HMRL-17,304,0
2025-06-14,HMRL-23,460,0
2025-06-14,HMRL-14,397,0
2025-06-14,HMRL-38,473,0
2025-06-14,HMRL-46,324,0
2025-06-14,HMRL-36,325,0
2025-06-14,HMRL-02,383,0
2025-06-14,HMRL-18,404,0
2025-06-14,HMRL-45,339,0
2025-06-14,HMRL-47,359,0
2025-06-14,HMRL-55,389,0
2025-06-14,HMRL-49,327,0
2025-06-14,HMRL-35,403,0
2025-06-14,HMRL-27,415,0
2025-06-14,HMRL-32,497,0
2025-06-14,HMRL-41,493,0
2025-06-14,HMRL-11,449,0
2025-06-14,HMRL-21,427,0
2025-06-14,HMRL-07,463,0
2025-06-14,HMRL-20,379,0
2025-06-14,HMRL-01,393,0
2025-06-14,HMRL-37,444,0
2025-06-14,HMRL-25,457,0
2025-06-14,HMRL-08,330,0
2025-06-14,HMRL-29,359,0
2025-06-14,HMRL-04,322,0
2025-06-14,HMRL-33,498,0
2025-06-14,HMRL-50,408,0
2025-06-14,HMRL-58,397,0
2025-06-14,HMRL-03,321,0
2025-06-14,HMRL-16,497,0
2025-06-14,HMRL-51,322,0
2025-06-14,HMRL-40,385,0
2025-06-14,HMRL-19,496,0
2025-06-14,HMRL-60,347,0
2025-06-14,HMRL-48,372,0
2025-06-14,HMRL-13,474,0
2025-06-14,HMRL-56,489,0
2025-06-14,HMRL-53,453,0
2025-06-14,HMRL-22,406,0
2025-06-14,HMRL-57,373,0
2025-06-14,HMRL-39,394,0
2025-06-13,HMRL-54,677,0
2025-06-13,HMRL-15,590,0
2025-06-13,HMRL-47,539,0
2025-06-13,HMRL-53,587,0
2025-06-13,HMRL-30,642,0
2025-06-13,HMRL-36,610,0
2025-06-13,HMRL-03,522,0
2025-06-13,HMRL-17,565,0
2025-06-13,HMRL-39,676,0
2025-06-13,HMRL-33,518,0
2025-06-13,HMRL-32,647,0
2025-06-13,HMRL-28,569,0
2025-06-13,HMRL-09,660,0
2025-06-13,HMRL-02,536,0
2025-06-13,HMRL-52,586,0
2025-06-13,HMRL-13,638,0
2025-06-13,HMRL-55,515,0
2025-06-13,HMRL-45,570,0
2025-06-13,HMRL-29,634,0
2025-06-13,HMRL-16,678,0
2025-06-13,HMRL-46,518,0
2025-06-13,HMRL-26,548,0
2025-06-13,HMRL-21,508,0
2025-06-13,HMRL-11,547,0
2025-06-13,HMRL-20,554,0
2025-06-13,HMRL-12,526,0
2025-06-13,HMRL-31,563,0
2025-06-13,HMRL-27,620,0
2025-06-13,HMRL-01,563,0
2025-06-13,HMRL-23,604,0
2025-06-13,HMRL-40,614,0
2025-06-13,HMRL-41,609,0
2025-06-13,HMRL-10,611,0
2025-06-13,HMRL-22,585,0
2025-06-13,HMRL-51,630,0
2025-06-13,HMRL-04,648,0
2025-06-13,HMRL-49,574,0
2025-06-13,HMRL-14,637,0
2025-06-13,HMRL-48,663,0
2025-06-13,HMRL-56,692,0
2025-06-13,HMRL-50,675,0
2025-06-13,HMRL-06,647,0
2025-06-13,HMRL-34,655,0
2025-06-12,HMRL-13,510,0
2025-06-12,HMRL-27,641,0
2025-06-12,HMRL-32,556,0
2025-06-12,HMRL-23,526,0
2025-06-12,HMRL-41,670,0
2025-06-12,HMRL-58,686,0
2025-06-12,HMRL-11,601,0
2025-06-12,HMRL-47,638,0
2025-06-12,HMRL-49,540,0
2025-06-12,HMRL-26,534,0
2025-06-12,HMRL-59,530,0
2025-06-12,HMRL-33,556,0
2025-06-12,HMRL-17,677,0
2025-06-12,HMRL-46,657,0
2025-06-12,HMRL-39,593,0
2025-06-12,HMRL-01,518,0
2025-06-12,HMRL-44,570,0
2025-06-12,HMRL-22,671,0
2025-06-12,HMRL-15,644,0
2025-06-12,HMRL-51,524,0
2025-06-12,HMRL-28,562,0
2025-06-12,HMRL-29,522,0
2025-06-12,HMRL-52,648,0
2025-06-12,HMRL-14,505,0
2025-06-12,HMRL-12,698,0
2025-06-12,HMRL-03,628,0
2025-06-12,HMRL-60,546,0
2025-06-12,HMRL-05,597,0
2025-06-12,HMRL-56,574,0
2025-06-12,HMRL-04,536,0
2025-06-12,HMRL-53,667,0
2025-06-12,HMRL-57,536,0
2025-06-12,HMRL-30,626,0
2025-06-12,HMRL-25,654,0
2025-06-12,HMRL-07,586,0
2025-06-12,HMRL-31,700,0
2025-06-12,HMRL-16,678,0
2025-06-12,HMRL-42,609,0
2025-06-12,HMRL-20,525,0
2025-06-12,HMRL-45,698,0
2025-06-12,HMRL-54,511,0
2025-06-12,HMRL-08,532,0
2025-06-12,HMRL-10,508,1
2025-06-11,HMRL-60,587,0
2025-06-11,HMRL-42,689,0
2025-06-11,HMRL-02,545,0
2025-06-11,HMRL-26,510,0
2025-06-11,HMRL-09,661,0
2025-06-11,HMRL-46,666,0
2025-06-11,HMRL-40,626,0
2025-06-11,HMRL-34,583,0
2025-06-11,HMRL-05,614,0
2025-06-11,HMRL-03,683,0
2025-06-11,HMRL-37,635,0
2025-06-11,HMRL-54,516,0
2025-06-11,HMRL-31,618,0
2025-06-11,HMRL-59,530,0
2025-06-11,HMRL-23,544,0
2025-06-11,HMRL-12,700,0
2025-06-11,HMRL-28,544,0
2025-06-11,HMRL-53,616,0
2025-06-11,HMRL-57,544,0
2025-06-11,HMRL-27,583,0
2025-06-11,HMRL-24,528,0
2025-06-11,HMRL-04,671,0
2025-06-11,HMRL-35,563,0
2025-06-11,HMRL-14,575,0
2025-06-11,HMRL-41,594,0
2025-06-11,HMRL-06,664,0
2025-06-11,HMRL-47,579,0
2025-06-11,HMRL-11,568,0
2025-06-11,HMRL-08,513,1
2025-06-11,HMRL-10,646,0
2025-06-11,HMRL-58,569,0
2025-06-11,HMRL-15,555,0
2025-06-11,HMRL-32,653,0
2025-06-11,HMRL-16,561,0
2025-06-11,HMRL-07,589,0
2025-06-11,HMRL-30,663,0
2025-06-11,HMRL-17,665,1
2025-06-11,HMRL-22,586,0
2025-06-11,HMRL-29,638,0
2025-06-11,HMRL-51,509,1
2025-06-11,HMRL-56,691,0
2025-06-11,HMRL-43,508,0
2025-06-11,HMRL-01,513,0
2025-06-11,HMRL-19,529,0
2025-06-11,HMRL-18,537,1
2025-06-11,HMRL-48,558,0
2025-06-11,HMRL-21,650,0
2025-06-11,HMRL-36,500,0
2025-06-11,HMRL-13,553,0
2025-06-10,HMRL-44,621,0
2025-06-10,HMRL-27,654,0
2025-06-10,HMRL-38,575,0
2025-06-10,HMRL-59,689,0
2025-06-10,HMRL-17,585,0
2025-06-10,HMRL-02,654,0
2025-06-10,HMRL-08,646,0
2025-06-10,HMRL-04,641,2
2025-06-10,HMRL-06,502,1
2025-06-10,HMRL-20,585,0
2025-06-10,HMRL-26,612,0
2025-06-10,HMRL-55,559,0
2025-06-10,HMRL-52,540,0
2025-06-10,HMRL-40,557,0
2025-06-10,HMRL-60,594,1
2025-06-10,HMRL-13,561,0
2025-06-10,HMRL-14,567,0
2025-06-10,HMRL-21,666,0
2025-06-10,HMRL-12,538,0
2025-06-10,HMRL-01,634,0
2025-06-10,HMRL-28,596,0
2025-06-10,HMRL-11,525,0
2025-06-10,HMRL-42,690,0
2025-06-10,HMRL-25,543,0
2025-06-10,HMRL-53,542,0
2025-06-10,HMRL-46,593,0
2025-06-10,HMRL-05,612,0
2025-06-10,HMRL-37,520,0
2025-06-10,HMRL-18,648,0
2025-06-10,HMRL-34,627,0
2025-06-10,HMRL-33,538,0
2025-06-10,HMRL-45,626,0
2025-06-10,HMRL-29,659,0
2025-06-10,HMRL-57,626,0
2025-06-10,HMRL-54,673,0
2025-06-10,HMRL-50,541,0
2025-06-10,HMRL-36,531,0
2025-06-10,HMRL-47,618,0
2025-06-10,HMRL-24,633,0
2025-06-10,HMRL-10,634,0
2025-06-10,HMRL-49,682,0
2025-06-10,HMRL-32,686,0
2025-06-10,HMRL-31,563,0
2025-06-10,HMRL-07,527,0
2025-06-10,HMRL-22,529,0
2025-06-10,HMRL-41,685,0
2025-06-10,HMRL-51,540,0
2025-06-09,HMRL-20,554,0
2025-06-09,HMRL-24,523,0
2025-06-09,HMRL-57,633,0
2025-06-09,HMRL-60,666,0
2025-06-09,HMRL-27,562,0
2025-06-09,HMRL-29,620,0
2025-06-09,HMRL-14,591,0
2025-06-09,HMRL-05,608,0
2025-06-09,HMRL-44,507,0
2025-06-09,HMRL-54,698,0
2025-06-09,HMRL-55,688,0
2025-06-09,HMRL-53,574,0
2025-06-09,HMRL-48,699,0
2025-06-09,HMRL-31,514,0
2025-06-09,HMRL-46,612,0
2025-06-09,HMRL-17,538,0
2025-06-09,HMRL-06,519,0
2025-06-09,HMRL-37,571,0
2025-06-09,HMRL-01,695,0
2025-06-09,HMRL-56,577,0
2025-06-09,HMRL-26,681,0
2025-06-09,HMRL-39,517,0
2025-06-09,HMRL-21,564,0
2025-06-09,HMRL-58,621,0
2025-06-09,HMRL-38,574,0
2025-06-09,HMRL-04,611,0
2025-06-09,HMRL-23,692,0
2025-06-09,HMRL-47,532,0
2025-06-09,HMRL-42,515,0
2025-06-09,HMRL-07,575,0
2025-06-09,HMRL-09,518,0
2025-06-09,HMRL-32,608,0
2025-06-09,HMRL-35,566,0
2025-06-09,HMRL-36,557,0
2025-06-09,HMRL-40,652,0
2025-06-09,HMRL-03,525,0
2025-06-09,HMRL-16,586,0
2025-06-09,HMRL-13,560,0
2025-06-09,HMRL-25,676,0
2025-06-09,HMRL-15,581,0
2025-06-09,HMRL-50,692,0
2025-06-09,HMRL-34,608,0
2025-06-09,HMRL-28,548,0
2025-06-09,HMRL-33,559,0
2025-06-09,HMRL-02,610,0
2025-06-09,HMRL-59,569,0
2025-06-09,HMRL-41,580,0
2025-06-09,HMRL-11,582,0
2025-06-09,HMRL-22,573,0
2025-06-09,HMRL-08,676,0
2025-06-08,HMRL-60,357,0
2025-06-08,HMRL-42,467,0
2025-06-08,HMRL-07,455,0
2025-06-08,HMRL-15,410,0
2025-06-08,HMRL-59,422,0
2025-06-08,HMRL-44,428,0
2025-06-08,HMRL-19,339,0
2025-06-08,HMRL-56,392,0
2025-06-08,HMRL-28,319,0
2025-06-08,HMRL-48,479,0
2025-06-08,HMRL-16,381,3
2025-06-08,HMRL-41,444,0
2025-06-08,HMRL-58,304,1
2025-06-08,HMRL-55,432,0
2025-06-08,HMRL-01,401,0
2025-06-08,HMRL-32,478,0
2025-06-08,HMRL-35,464,0
2025-06-08,HMRL-39,343,0
2025-06-08,HMRL-03,383,0
2025-06-08,HMRL-49,468,0
2025-06-08,HMRL-31,308,0
2025-06-08,HMRL-47,423,0
2025-06-08,HMRL-52,339,0
2025-06-08,HMRL-37,435,0
2025-06-08,HMRL-21,486,0
2025-06-08,HMRL-29,401,0
2025-06-08,HMRL-25,401,0
2025-06-08,HMRL-04,489,0
2025-06-08,HMRL-08,455,0
2025-06-08,HMRL-18,344,0
2025-06-08,HMRL-26,409,0
2025-06-08,HMRL-34,324,0
2025-06-08,HMRL-17,368,0
2025-06-08,HMRL-45,485,0
2025-06-08,HMRL-46,462,0
2025-06-08,HMRL-09,397,0
2025-06-08,HMRL-33,424,0
2025-06-08,HMRL-23,456,3
2025-06-08,HMRL-22,488,0
2025-06-08,HMRL-11,313,0
2025-06-08,HMRL-43,351,0
2025-06-08,HMRL-10,470,0
2025-06-08,HMRL-50,417,0
2025-06-08,HMRL-54,385,0
2025-06-08,HMRL-40,441,0
2025-06-08,HMRL-24,341,0
2025-06-08,HMRL-57,320,0
2025-06-08,HMRL-05,399,0
2025-06-08,HMRL-12,335,0
2025-06-07,HMRL-34,328,0
2025-06-07,HMRL-55,430,0
2025-06-07,HMRL-23,458,0
2025-06-07,HMRL-49,373,0
2025-06-07,HMRL-28,312,0
2025-06-07,HMRL-08,469,0
2025-06-07,HMRL-56,445,0
2025-06-07,HMRL-12,384,0
2025-06-07,HMRL-45,464,0
2025-06-07,HMRL-30,300,0
2025-06-07,HMRL-52,447,0
2025-06-07,HMRL-59,476,0
2025-06-07,HMRL-17,475,0
2025-06-07,HMRL-06,426,0
2025-06-07,HMRL-13,480,0
2025-06-07,HMRL-18,401,0
2025-06-07,HMRL-53,500,0
2025-06-07,HMRL-32,353,0
2025-06-07,HMRL-42,389,0
2025-06-07,HMRL-43,356,0
2025-06-07,HMRL-46,460,0
2025-06-07,HMRL-10,474,0
2025-06-07,HMRL-40,318,0
2025-06-07,HMRL-21,338,0
2025-06-07,HMRL-41,326,0
2025-06-07,HMRL-15,462,0
2025-06-07,HMRL-36,312,0
2025-06-07,HMRL-48,421,0
2025-06-07,HMRL-44,395,0
2025-06-07,HMRL-51,473,1
2025-06-07,HMRL-26,403,0
2025-06-07,HMRL-04,371,0
2025-06-07,HMRL-22,498,0
2025-06-07,HMRL-39,482,0
2025-06-07,HMRL-24,326,0
2025-06-07,HMRL-05,335,0
2025-06-07,HMRL-01,332,0
2025-06-07,HMRL-20,343,0
2025-06-07,HMRL-09,442,0
2025-06-07,HMRL-47,363,0
2025-06-07,HMRL-02,382,0
2025-06-07,HMRL-35,421,1
2025-06-07,HMRL-57,495,0
2025-06-07,HMRL-16,377,0
2025-06-07,HMRL-54,326,0
2025-06-06,HMRL-34,550,0
2025-06-06,HMRL-23,571,0
2025-06-06,HMRL-36,612,0
2025-06-06,HMRL-57,559,0
2025-06-06,HMRL-29,524,0
2025-06-06,HMRL-60,553,0
2025-06-06,HMRL-14,671,0
2025-06-06,HMRL-31,568,0
2025-06-06,HMRL-40,578,0
2025-06-06,HMRL-11,580,0
2025-06-06,HMRL-08,612,0
2025-06-06,HMRL-15,503,2
2025-06-06,HMRL-50,591,0
2025-06-06,HMRL-28,629,0
2025-06-06,HMRL-58,552,0
2025-06-06,HMRL-12,641,0
2025-06-06,HMRL-09,670,0
2025-06-06,HMRL-25,630,0
2025-06-06,HMRL-42,545,0
2025-06-06,HMRL-04,690,0
2025-06-06,HMRL-55,582,2
2025-06-06,HMRL-01,686,0
2025-06-06,HMRL-54,571,0
2025-06-06,HMRL-56,651,0
2025-06-06,HMRL-05,695,0
2025-06-06,HMRL-24,587,0
2025-06-06,HMRL-07,688,0
2025-06-06,HMRL-49,618,0
2025-06-06,HMRL-46,697,0
2025-06-06,HMRL-30,582,0
2025-06-06,HMRL-33,560,0
2025-06-06,HMRL-27,508,0
2025-06-06,HMRL-18,504,0
2025-06-06,HMRL-10,606,0
2025-06-06,HMRL-44,626,2
2025-06-06,HMRL-59,678,0
2025-06-06,HMRL-20,695,0
2025-06-06,HMRL-47,523,0
2025-06-06,HMRL-43,517,0
2025-06-06,HMRL-48,678,0
2025-06-06,HMRL-22,651,0
2025-06-06,HMRL-39,690,0
2025-06-05,HMRL-32,643,0
2025-06-05,HMRL-14,622,0
2025-06-05,HMRL-47,592,0
2025-06-05,HMRL-08,582,0
2025-06-05,HMRL-54,584,0
2025-06-05,HMRL-13,647,0
2025-06-05,HMRL-17,506,0
2025-06-05,HMRL-44,556,0
2025-06-05,HMRL-04,612,0
2025-06-05,HMRL-15,530,0
2025-06-05,HMRL-60,615,0
2025-06-05,HMRL-50,691,0
2025-06-05,HMRL-40,659,0
2025-06-05,HMRL-05,640,0
2025-06-05,HMRL-30,654,0
2025-06-05,HMRL-01,678,0
2025-06-05,HMRL-59,582,3
2025-06-05,HMRL-49,525,0
2025-06-05,HMRL-37,692,0
2025-06-05,HMRL-41,606,0
2025-06-05,HMRL-53,691,0
2025-06-05,HMRL-02,582,0
2025-06-05,HMRL-27,680,0
2025-06-05,HMRL-07,690,0
2025-06-05,HMRL-35,637,0
2025-06-05,HMRL-09,686,0
2025-06-05,HMRL-52,575,0
2025-06-05,HMRL-45,508,0
2025-06-05,HMRL-19,566,2
2025-06-05,HMRL-46,592,0
2025-06-05,HMRL-12,594,0
2025-06-05,HMRL-56,670,0
2025-06-05,HMRL-58,623,0
2025-06-05,HMRL-39,571,1
2025-06-05,HMRL-16,512,0
2025-06-05,HMRL-28,600,0
2025-06-05,HMRL-34,580,0
2025-06-05,HMRL-55,652,0
2025-06-05,HMRL-06,509,0
2025-06-05,HMRL-36,506,2
2025-06-05,HMRL-51,660,1
2025-06-05,HMRL-10,589,0
2025-06-05,HMRL-25,637,0
2025-06-05,HMRL-43,504,0
2025-06-05,HMRL-48,565,0
2025-06-04,HMRL-28,635,0
2025-06-04,HMRL-23,584,0
2025-06-04,HMRL-20,522,0
2025-06-04,HMRL-34,528,0
2025-06-04,HMRL-17,527,0
2025-06-04,HMRL-01,598,0
2025-06-04,HMRL-04,674,0
2025-06-04,HMRL-55,515,0
2025-06-04,HMRL-03,530,0
2025-06-04,HMRL-19,584,0
2025-06-04,HMRL-52,578,0
2025-06-04,HMRL-02,586,0
2025-06-04,HMRL-51,612,0
2025-06-04,HMRL-46,518,0
2025-06-04,HMRL-27,565,0
2025-06-04,HMRL-56,570,0
2025-06-04,HMRL-59,623,0
2025-06-04,HMRL-45,684,0
2025-06-04,HMRL-40,548,0
2025-06-04,HMRL-30,525,0
2025-06-04,HMRL-25,676,0
2025-06-04,HMRL-57,558,0
2025-06-04,HMRL-14,540,0
2025-06-04,HMRL-48,531,0
2025-06-04,HMRL-35,602,0
2025-06-04,HMRL-29,541,0
2025-06-04,HMRL-44,596,0
2025-06-04,HMRL-11,630,0
2025-06-04,HMRL-24,574,0
2025-06-04,HMRL-38,651,0
2025-06-04,HMRL-53,593,0
2025-06-04,HMRL-10,664,0
2025-06-04,HMRL-18,694,0
2025-06-04,HMRL-37,674,0
2025-06-04,HMRL-58,670,0
2025-06-04,HMRL-05,547,0
2025-06-04,HMRL-36,697,0
2025-06-04,HMRL-13,561,0
2025-06-04,HMRL-31,661,0
2025-06-04,HMRL-42,690,0
2025-06-04,HMRL-33,571,0
2025-06-04,HMRL-15,682,0
2025-06-04,HMRL-22,681,0
2025-06-04,HMRL-49,648,0
2025-06-04,HMRL-50,683,0
2025-06-04,HMRL-54,647,1
2025-06-03,HMRL-34,537,0
2025-06-03,HMRL-59,644,0
2025-06-03,HMRL-37,637,0
2025-06-03,HMRL-20,608,0
2025-06-03,HMRL-02,637,0
2025-06-03,HMRL-01,578,0
2025-06-03,HMRL-58,617,0
2025-06-03,HMRL-43,677,0
2025-06-03,HMRL-57,692,0
2025-06-03,HMRL-25,650,0
2025-06-03,HMRL-22,548,0
2025-06-03,HMRL-49,541,0
2025-06-03,HMRL-35,564,0
2025-06-03,HMRL-17,647,0
2025-06-03,HMRL-26,656,0
2025-06-03,HMRL-16,614,0
2025-06-03,HMRL-38,648,0
2025-06-03,HMRL-10,503,0
2025-06-03,HMRL-42,590,0
2025-06-03,HMRL-19,614,0
2025-06-03,HMRL-36,529,0
2025-06-03,HMRL-33,667,0
2025-06-03,HMRL-32,554,0
2025-06-03,HMRL-40,687,0
2025-06-03,HMRL-56,671,0
2025-06-03,HMRL-31,606,0
2025-06-03,HMRL-45,669,0
2025-06-03,HMRL-48,571,0
2025-06-03,HMRL-46,622,0
2025-06-03,HMRL-50,528,0
2025-06-03,HMRL-21,590,0
2025-06-03,HMRL-39,619,0
2025-06-03,HMRL-44,514,0
2025-06-03,HMRL-60,593,0
2025-06-03,HMRL-14,691,0
2025-06-03,HMRL-09,594,0
2025-06-03,HMRL-41,565,0
2025-06-03,HMRL-27,509,0
2025-06-03,HMRL-07,700,0
2025-06-03,HMRL-15,659,0
2025-06-03,HMRL-47,582,0
2025-06-03,HMRL-54,582,0
2025-06-03,HMRL-11,599,0
2025-06-03,HMRL-08,555,0
2025-06-03,HMRL-51,568,0
2025-06-03,HMRL-28,640,0
2025-06-02,HMRL-47,608,0
2025-06-02,HMRL-22,638,0
2025-06-02,HMRL-46,699,0
2025-06-02,HMRL-43,674,0
2025-06-02,HMRL-42,567,0
2025-06-02,HMRL-31,664,0
2025-06-02,HMRL-25,653,0
2025-06-02,HMRL-49,573,0
2025-06-02,HMRL-44,592,3
2025-06-02,HMRL-27,654,0
2025-06-02,HMRL-14,526,0
2025-06-02,HMRL-16,557,0
2025-06-02,HMRL-59,699,0
2025-06-02,HMRL-45,634,0
2025-06-02,HMRL-18,571,0
2025-06-02,HMRL-12,607,0
2025-06-02,HMRL-01,644,0
2025-06-02,HMRL-48,650,0
2025-06-02,HMRL-02,549,0
2025-06-02,HMRL-37,609,0
2025-06-02,HMRL-57,505,0
2025-06-02,HMRL-50,675,0
2025-06-02,HMRL-52,544,0
2025-06-02,HMRL-29,545,0
2025-06-02,HMRL-11,525,0
2025-06-02,HMRL-55,518,0
2025-06-02,HMRL-35,656,0
2025-06-02,HMRL-09,515,0
2025-06-02,HMRL-10,630,0
2025-06-02,HMRL-53,513,0
2025-06-02,HMRL-13,511,0
2025-06-02,HMRL-19,555,0
2025-06-02,HMRL-36,691,0
2025-06-02,HMRL-40,688,0
2025-06-02,HMRL-17,536,0
2025-06-02,HMRL-58,697,0
2025-06-02,HMRL-34,559,0
2025-06-02,HMRL-56,610,0
2025-06-02,HMRL-54,683,0
2025-06-02,HMRL-41,699,0
2025-06-02,HMRL-33,572,0
2025-06-02,HMRL-06,500,0
2025-06-02,HMRL-39,647,0
2025-06-02,HMRL-30,656,0
2025-06-02,HMRL-38,530,0
2025-06-02,HMRL-04,544,0
2025-06-02,HMRL-07,576,0
2025-06-01,HMRL-03,362,0
2025-06-01,HMRL-16,422,0
2025-06-01,HMRL-05,460,0
2025-06-01,HMRL-07,499,0
2025-06-01,HMRL-35,488,0
2025-06-01,HMRL-10,487,0
2025-06-01,HMRL-36,414,0
2025-06-01,HMRL-30,334,0
2025-06-01,HMRL-39,320,0
2025-06-01,HMRL-57,447,0
2025-06-01,HMRL-17,319,0
2025-06-01,HMRL-28,391,1
2025-06-01,HMRL-23,390,0
2025-06-01,HMRL-38,408,0
2025-06-01,HMRL-48,455,0
2025-06-01,HMRL-51,467,0
2025-06-01,HMRL-06,472,0
2025-06-01,HMRL-42,430,0
2025-06-01,HMRL-55,419,0
2025-06-01,HMRL-02,442,0
2025-06-01,HMRL-13,495,0
2025-06-01,HMRL-15,450,0
2025-06-01,HMRL-37,487,0
2025-06-01,HMRL-04,470,0
2025-06-01,HMRL-24,368,0
2025-06-01,HMRL-25,320,0
2025-06-01,HMRL-49,434,0
2025-06-01,HMRL-34,413,0
2025-06-01,HMRL-50,424,0
2025-06-01,HMRL-58,427,0
2025-06-01,HMRL-45,398,0
2025-06-01,HMRL-19,321,0
2025-06-01,HMRL-43,397,0
2025-06-01,HMRL-27,500,0
2025-06-01,HMRL-53,396,0
2025-06-01,HMRL-18,397,0
2025-06-01,HMRL-22,491,0
2025-06-01,HMRL-26,490,0
2025-06-01,HMRL-59,356,0
2025-06-01,HMRL-12,336,0
2025-06-01,HMRL-33,319,0
2025-06-01,HMRL-44,302,0
2025-06-01,HMRL-32,326,0
2025-06-01,HMRL-56,334,0
2025-06-01,HMRL-20,371,0
2025-06-01,HMRL-46,476,0
2025-05-31,HMRL-60,445,0
2025-05-31,HMRL-12,415,0
2025-05-31,HMRL-28,307,0
2025-05-31,HMRL-24,359,2
2025-05-31,HMRL-29,480,0
2025-05-31,HMRL-34,413,0
2025-05-31,HMRL-07,354,0
2025-05-31,HMRL-19,452,0
2025-05-31,HMRL-40,462,0
2025-05-31,HMRL-26,321,0
2025-05-31,HMRL-15,301,2
2025-05-31,HMRL-23,374,0
2025-05-31,HMRL-21,405,0
2025-05-31,HMRL-02,441,0
2025-05-31,HMRL-06,340,0
2025-05-31,HMRL-38,340,0
2025-05-31,HMRL-14,473,0
2025-05-31,HMRL-57,303,0
2025-05-31,HMRL-44,406,0
2025-05-31,HMRL-05,385,0
2025-05-31,HMRL-46,477,0
2025-05-31,HMRL-47,403,2
2025-05-31,HMRL-08,380,0
2025-05-31,HMRL-48,369,0
2025-05-31,HMRL-33,438,0
2025-05-31,HMRL-20,370,0
2025-05-31,HMRL-43,321,0
2025-05-31,HMRL-51,307,0
2025-05-31,HMRL-56,308,0
2025-05-31,HMRL-27,386,2
2025-05-31,HMRL-45,491,0
2025-05-31,HMRL-32,317,0
2025-05-31,HMRL-03,446,0
2025-05-31,HMRL-31,456,0
2025-05-31,HMRL-30,460,0
2025-05-31,HMRL-16,338,0
2025-05-31,HMRL-39,453,0
2025-05-31,HMRL-49,479,0
2025-05-31,HMRL-55,493,0
2025-05-31,HMRL-58,424,0
2025-05-31,HMRL-50,406,0
2025-05-31,HMRL-09,428,0
2025-05-30,HMRL-25,510,0
2025-05-30,HMRL-10,602,0
2025-05-30,HMRL-21,640,0
2025-05-30,HMRL-31,583,0
2025-05-30,HMRL-23,567,0
2025-05-30,HMRL-01,574,0
2025-05-30,HMRL-54,571,0
2025-05-30,HMRL-18,659,0
2025-05-30,HMRL-11,566,0
2025-05-30,HMRL-12,691,0
2025-05-30,HMRL-20,661,0
2025-05-30,HMRL-26,679,0
2025-05-30,HMRL-17,511,1
2025-05-30,HMRL-04,558,0
2025-05-30,HMRL-60,631,0
2025-05-30,HMRL-38,697,0
2025-05-30,HMRL-48,605,0
2025-05-30,HMRL-43,658,0
2025-05-30,HMRL-33,613,0
2025-05-30,HMRL-27,516,0
2025-05-30,HMRL-08,644,0
2025-05-30,HMRL-32,529,0
2025-05-30,HMRL-22,501,0
2025-05-30,HMRL-44,597,0
2025-05-30,HMRL-07,520,0
2025-05-30,HMRL-34,502,0
2025-05-30,HMRL-52,567,0
2025-05-30,HMRL-39,592,0
2025-05-30,HMRL-42,539,0
2025-05-30,HMRL-47,557,0
2025-05-30,HMRL-49,666,0
2025-05-30,HMRL-57,600,0
2025-05-30,HMRL-59,526,0
2025-05-30,HMRL-53,580,0
2025-05-30,HMRL-41,617,0
2025-05-30,HMRL-29,582,1
2025-05-30,HMRL-13,610,0
2025-05-30,HMRL-02,617,0
2025-05-30,HMRL-51,528,0
2025-05-30,HMRL-30,637,0
2025-05-30,HMRL-55,501,0
2025-05-30,HMRL-03,621,0
2025-05-30,HMRL-16,545,0
2025-05-30,HMRL-35,594,0
2025-05-30,HMRL-45,611,0
2025-05-30,HMRL-15,623,0
2025-05-30,HMRL-40,511,0
2025-05-29,HMRL-09,660,0
2025-05-29,HMRL-45,600,0
2025-05-29,HMRL-06,636,0
2025-05-29,HMRL-39,638,0
2025-05-29,HMRL-47,698,0
2025-05-29,HMRL-11,693,0
2025-05-29,HMRL-52,533,0
2025-05-29,HMRL-53,524,0
2025-05-29,HMRL-12,643,0
2025-05-29,HMRL-36,538,0
2025-05-29,HMRL-49,668,0
2025-05-29,HMRL-15,603,0
2025-05-29,HMRL-20,543,0
2025-05-29,HMRL-38,688,0
2025-05-29,HMRL-08,683,0
2025-05-29,HMRL-17,515,0
2025-05-29,HMRL-14,595,0
2025-05-29,HMRL-01,658,0
2025-05-29,HMRL-41,659,0
2025-05-29,HMRL-56,612,0
2025-05-29,HMRL-10,692,1
2025-05-29,HMRL-46,538,0
2025-05-29,HMRL-24,603,0
2025-05-29,HMRL-55,588,0
2025-05-29,HMRL-29,601,0
2025-05-29,HMRL-54,691,0
2025-05-29,HMRL-42,513,0
2025-05-29,HMRL-32,592,0
2025-05-29,HMRL-50,596,0
2025-05-29,HMRL-07,548,0
2025-05-29,HMRL-44,515,0
2025-05-29,HMRL-27,545,0
2025-05-29,HMRL-33,570,0
2025-05-29,HMRL-60,640,0
2025-05-29,HMRL-26,505,0
2025-05-29,HMRL-23,568,0
2025-05-29,HMRL-02,618,0
2025-05-29,HMRL-59,666,0
2025-05-29,HMRL-22,627,0
2025-05-29,HMRL-19,637,0
2025-05-29,HMRL-04,662,0
2025-05-29,HMRL-58,530,0
2025-05-29,HMRL-34,513,0
2025-05-29,HMRL-35,611,0
2025-05-29,HMRL-51,638,0
2025-05-29,HMRL-13,573,0
2025-05-29,HMRL-05,561,0
2025-05-29,HMRL-25,693,0
2025-05-29,HMRL-57,644,0
2025-05-28,HMRL-49,532,0
2025-05-28,HMRL-01,635,0
2025-05-28,HMRL-18,540,0
2025-05-28,HMRL-28,608,0
2025-05-28,HMRL-04,529,0
2025-05-28,HMRL-15,501,0
2025-05-28,HMRL-45,696,2
2025-05-28,HMRL-52,512,0
2025-05-28,HMRL-21,530,0
2025-05-28,HMRL-42,639,0
2025-05-28,HMRL-46,583,0
2025-05-28,HMRL-27,584,0
2025-05-28,HMRL-59,553,0
2025-05-28,HMRL-50,630,0
2025-05-28,HMRL-35,638,0
2025-05-28,HMRL-39,624,0
2025-05-28,HMRL-41,597,0
2025-05-28,HMRL-32,542,0
2025-05-28,HMRL-03,700,0
2025-05-28,HMRL-25,580,0
2025-05-28,HMRL-58,503,0
2025-05-28,HMRL-37,535,0
2025-05-28,HMRL-16,592,1
2025-05-28,HMRL-31,514,0
2025-05-28,HMRL-24,584,0
2025-05-28,HMRL-48,619,1
2025-05-28,HMRL-19,641,0
2025-05-28,HMRL-34,672,0
2025-05-28,HMRL-30,698,0
2025-05-28,HMRL-29,684,0
2025-05-28,HMRL-20,553,0
2025-05-28,HMRL-02,659,0
2025-05-28,HMRL-53,530,0
2025-05-28,HMRL-60,662,0
2025-05-28,HMRL-11,631,1
2025-05-28,HMRL-36,574,0
2025-05-28,HMRL-40,682,0
2025-05-28,HMRL-08,500,0
2025-05-28,HMRL-54,661,0
2025-05-28,HMRL-09,570,0
2025-05-28,HMRL-38,595,0
2025-05-28,HMRL-47,654,0
2025-05-27,HMRL-14,657,0
2025-05-27,HMRL-52,637,0
2025-05-27,HMRL-50,517,0
2025-05-27,HMRL-10,610,0
2025-05-27,HMRL-31,573,0
2025-05-27,HMRL-27,610,0
2025-05-27,HMRL-45,609,0
2025-05-27,HMRL-40,677,0
2025-05-27,HMRL-57,668,0
2025-05-27,HMRL-51,689,0
2025-05-27,HMRL-58,677,0
2025-05-27,HMRL-25,571,0
2025-05-27,HMRL-36,607,0
2025-05-27,HMRL-37,530,0
2025-05-27,HMRL-38,693,0
2025-05-27,HMRL-17,581,0
2025-05-27,HMRL-29,575,0
2025-05-27,HMRL-15,559,0
2025-05-27,HMRL-33,527,0
2025-05-27,HMRL-30,658,0
2025-05-27,HMRL-53,622,0
2025-05-27,HMRL-13,699,0
2025-05-27,HMRL-03,672,0
2025-05-27,HMRL-47,532,0
2025-05-27,HMRL-59,571,0
2025-05-27,HMRL-24,553,0
2025-05-27,HMRL-12,556,0
2025-05-27,HMRL-60,634,0
2025-05-27,HMRL-04,561,0
2025-05-27,HMRL-39,501,0
2025-05-27,HMRL-02,583,1
2025-05-27,HMRL-34,668,0
2025-05-27,HMRL-42,504,0
2025-05-27,HMRL-07,506,0
2025-05-27,HMRL-28,562,0
2025-05-27,HMRL-41,639,0
2025-05-27,HMRL-43,597,0
2025-05-27,HMRL-46,577,0
2025-05-27,HMRL-05,627,0
2025-05-27,HMRL-48,599,0
2025-05-27,HMRL-32,580,0
2025-05-27,HMRL-55,629,0
2025-05-27,HMRL-16,609,0
2025-05-27,HMRL-19,628,0
2025-05-27,HMRL-21,624,0
2025-05-26,HMRL-54,646,0
2025-05-26,HMRL-36,503,0
2025-05-26,HMRL-50,602,0
2025-05-26,HMRL-34,629,0
2025-05-26,HMRL-10,634,2
2025-05-26,HMRL-13,624,0
2025-05-26,HMRL-55,579,0
2025-05-26,HMRL-03,541,0
2025-05-26,HMRL-37,639,0
2025-05-26,HMRL-30,596,0
2025-05-26,HMRL-02,505,0
2025-05-26,HMRL-06,698,0
2025-05-26,HMRL-39,534,0
2025-05-26,HMRL-38,573,0
2025-05-26,HMRL-35,616,0
2025-05-26,HMRL-11,613,0
2025-05-26,HMRL-19,642,0
2025-05-26,HMRL-51,643,0
2025-05-26,HMRL-32,658,0
2025-05-26,HMRL-04,588,0
2025-05-26,HMRL-43,566,0
2025-05-26,HMRL-24,635,0
2025-05-26,HMRL-07,641,0
2025-05-26,HMRL-57,569,0
2025-05-26,HMRL-26,636,0
2025-05-26,HMRL-09,565,0
2025-05-26,HMRL-47,581,0
2025-05-26,HMRL-01,677,0
2025-05-26,HMRL-27,688,0
2025-05-26,HMRL-42,599,0
2025-05-26,HMRL-52,517,0
2025-05-26,HMRL-60,629,0
2025-05-26,HMRL-15,608,0
2025-05-26,HMRL-17,691,0
2025-05-26,HMRL-22,576,2
2025-05-26,HMRL-49,655,0
2025-05-26,HMRL-31,621,0
2025-05-26,HMRL-21,577,0
2025-05-26,HMRL-23,506,0
2025-05-26,HMRL-53,685,0
2025-05-26,HMRL-14,679,0
2025-05-26,HMRL-18,634,0
2025-05-25,HMRL-46,309,0
2025-05-25,HMRL-54,457,0
2025-05-25,HMRL-16,411,0
2025-05-25,HMRL-29,435,0
2025-05-25,HMRL-07,303,0
2025-05-25,HMRL-09,412,0
2025-05-25,HMRL-27,483,0
2025-05-25,HMRL-48,364,0
2025-05-25,HMRL-34,495,0
2025-05-25,HMRL-52,375,0
2025-05-25,HMRL-32,398,0
2025-05-25,HMRL-02,453,0
2025-05-25,HMRL-19,424,0
2025-05-25,HMRL-06,381,0
2025-05-25,HMRL-22,387,0
2025-05-25,HMRL-21,380,0
2025-05-25,HMRL-50,469,0
2025-05-25,HMRL-35,338,0
2025-05-25,HMRL-41,443,0
2025-05-25,HMRL-56,402,0
2025-05-25,HMRL-58,456,0
2025-05-25,HMRL-57,455,0
2025-05-25,HMRL-13,334,0
2025-05-25,HMRL-05,407,0
2025-05-25,HMRL-53,369,0
2025-05-25,HMRL-11,325,0
2025-05-25,HMRL-08,498,0
2025-05-25,HMRL-31,358,0
2025-05-25,HMRL-60,412,0
2025-05-25,HMRL-38,359,0
2025-05-25,HMRL-37,471,0
2025-05-25,HMRL-55,355,0
2025-05-25,HMRL-40,457,0
2025-05-25,HMRL-20,351,0
2025-05-25,HMRL-59,470,0
2025-05-25,HMRL-39,434,0
2025-05-25,HMRL-24,339,0
2025-05-25,HMRL-25,364,0
2025-05-25,HMRL-51,428,0
2025-05-25,HMRL-42,347,0
2025-05-25,HMRL-04,410,0
2025-05-25,HMRL-28,315,0
2025-05-25,HMRL-18,402,0
2025-05-25,HMRL-47,368,0
2025-05-25,HMRL-15,313,0
2025-05-25,HMRL-26,379,0
2025-05-25,HMRL-12,466,0
2025-05-24,HMRL-54,432,0
2025-05-24,HMRL-50,402,0
2025-05-24,HMRL-38,488,0
2025-05-24,HMRL-11,486,0
2025-05-24,HMRL-27,494,0
2025-05-24,HMRL-10,340,0
2025-05-24,HMRL-31,301,0
2025-05-24,HMRL-15,380,0
2025-05-24,HMRL-41,482,0
2025-05-24,HMRL-24,470,0
2025-05-24,HMRL-01,446,0
2025-05-24,HMRL-42,417,0
2025-05-24,HMRL-26,350,1
2025-05-24,HMRL-03,350,0
2025-05-24,HMRL-04,405,0
2025-05-24,HMRL-05,395,0
2025-05-24,HMRL-55,402,0
2025-05-24,HMRL-28,327,0
2025-05-24,HMRL-56,460,0
2025-05-24,HMRL-19,470,0
2025-05-24,HMRL-25,316,0
2025-05-24,HMRL-47,426,0
2025-05-24,HMRL-58,364,0
2025-05-24,HMRL-43,308,0
2025-05-24,HMRL-45,404,0
2025-05-24,HMRL-52,337,0
2025-05-24,HMRL-39,407,0
2025-05-24,HMRL-06,365,0
2025-05-24,HMRL-59,447,0
2025-05-24,HMRL-02,495,0
2025-05-24,HMRL-20,386,0
2025-05-24,HMRL-46,410,0
2025-05-24,HMRL-14,391,0
2025-05-24,HMRL-13,349,0
2025-05-24,HMRL-12,425,0
2025-05-24,HMRL-22,367,3
2025-05-24,HMRL-35,303,0
2025-05-24,HMRL-57,395,0
2025-05-24,HMRL-44,390,0
2025-05-24,HMRL-23,440,0
2025-05-24,HMRL-40,427,0
2025-05-24,HMRL-08,453,0
2025-05-24,HMRL-60,443,0
2025-05-24,HMRL-18,381,0
2025-05-24,HMRL-29,489,0
2025-05-24,HMRL-51,366,0
2025-05-23,HMRL-57,662,0
2025-05-23,HMRL-21,684,0
2025-05-23,HMRL-11,658,0
2025-05-23,HMRL-51,689,0
2025-05-23,HMRL-34,554,0
2025-05-23,HMRL-48,575,1
2025-05-23,HMRL-60,604,0
2025-05-23,HMRL-58,668,0
2025-05-23,HMRL-49,505,0
2025-05-23,HMRL-15,643,0
2025-05-23,HMRL-04,544,0
2025-05-23,HMRL-07,542,0
2025-05-23,HMRL-26,563,0
2025-05-23,HMRL-18,533,0
2025-05-23,HMRL-54,628,0
2025-05-23,HMRL-02,591,0
2025-05-23,HMRL-43,654,0
2025-05-23,HMRL-16,698,2
2025-05-23,HMRL-41,696,0
2025-05-23,HMRL-09,632,0
2025-05-23,HMRL-39,500,0
2025-05-23,HMRL-32,593,0
2025-05-23,HMRL-30,646,0
2025-05-23,HMRL-47,592,0
2025-05-23,HMRL-19,635,0
2025-05-23,HMRL-36,558,0
2025-05-23,HMRL-46,589,0
2025-05-23,HMRL-56,589,0
2025-05-23,HMRL-10,666,0
2025-05-23,HMRL-35,697,0
2025-05-23,HMRL-23,552,0
2025-05-23,HMRL-40,570,1
2025-05-23,HMRL-12,677,1
2025-05-23,HMRL-22,606,0
2025-05-23,HMRL-33,555,1
2025-05-23,HMRL-17,651,0
2025-05-23,HMRL-14,666,0
2025-05-23,HMRL-44,582,0
2025-05-23,HMRL-59,638,0
2025-05-23,HMRL-29,667,0
2025-05-23,HMRL-45,583,0
2025-05-23,HMRL-27,690,0
2025-05-23,HMRL-38,676,0
2025-05-23,HMRL-55,531,0
2025-05-23,HMRL-05,541,0
2025-05-23,HMRL-37,518,0
2025-05-23,HMRL-53,578,0
2025-05-22,HMRL-43,696,0
2025-05-22,HMRL-33,634,1
2025-05-22,HMRL-06,510,0
2025-05-22,HMRL-21,659,0
2025-05-22,HMRL-17,690,0
2025-05-22,HMRL-56,561,0
2025-05-22,HMRL-50,632,0
2025-05-22,HMRL-32,669,0
2025-05-22,HMRL-36,679,0
2025-05-22,HMRL-59,548,0
2025-05-22,HMRL-38,659,0
2025-05-22,HMRL-14,549,0
2025-05-22,HMRL-30,527,0
2025-05-22,HMRL-41,576,0
2025-05-22,HMRL-48,568,0
2025-05-22,HMRL-04,650,0
2025-05-22,HMRL-53,557,0
2025-05-22,HMRL-45,592,0
2025-05-22,HMRL-24,683,0
2025-05-22,HMRL-02,539,0
2025-05-22,HMRL-29,602,0
2025-05-22,HMRL-47,690,0
2025-05-22,HMRL-42,525,0
2025-05-22,HMRL-39,590,0
2025-05-22,HMRL-26,647,0
2025-05-22,HMRL-09,623,0
2025-05-22,HMRL-25,614,0
2025-05-22,HMRL-49,639,0
2025-05-22,HMRL-12,626,0
2025-05-22,HMRL-15,592,0
2025-05-22,HMRL-13,688,0
2025-05-22,HMRL-58,552,0
2025-05-22,HMRL-35,646,0
2025-05-22,HMRL-23,558,0
2025-05-22,HMRL-22,664,0
2025-05-22,HMRL-34,626,0
2025-05-22,HMRL-07,598,0
2025-05-22,HMRL-05,657,0
2025-05-22,HMRL-51,691,0
2025-05-22,HMRL-11,592,0
2025-05-22,HMRL-31,536,0
2025-05-22,HMRL-27,505,0
2025-05-22,HMRL-01,543,0
2025-05-21,HMRL-20,673,0
2025-05-21,HMRL-43,581,0
2025-05-21,HMRL-40,519,0
2025-05-21,HMRL-50,589,0
2025-05-21,HMRL-37,566,0
2025-05-21,HMRL-23,552,0
2025-05-21,HMRL-53,534,0
2025-05-21,HMRL-54,506,0
2025-05-21,HMRL-34,614,0
2025-05-21,HMRL-59,687,1
2025-05-21,HMRL-49,576,0
2025-05-21,HMRL-30,655,0
2025-05-21,HMRL-04,700,0
2025-05-21,HMRL-01,651,0
2025-05-21,HMRL-55,596,0
2025-05-21,HMRL-08,580,0
2025-05-21,HMRL-41,647,0
2025-05-21,HMRL-09,694,0
2025-05-21,HMRL-21,598,0
2025-05-21,HMRL-15,567,0
2025-05-21,HMRL-33,641,0
2025-05-21,HMRL-48,647,0
2025-05-21,HMRL-27,683,0
2025-05-21,HMRL-13,696,0
2025-05-21,HMRL-07,670,0
2025-05-21,HMRL-47,558,0
2025-05-21,HMRL-22,605,0
2025-05-21,HMRL-14,501,0
2025-05-21,HMRL-32,515,0
2025-05-21,HMRL-38,528,0
2025-05-21,HMRL-29,539,0
2025-05-21,HMRL-56,665,0
2025-05-21,HMRL-60,507,0
2025-05-21,HMRL-36,522,0
2025-05-21,HMRL-06,611,0
2025-05-21,HMRL-24,504,0
2025-05-21,HMRL-18,648,0
2025-05-21,HMRL-44,689,0
2025-05-21,HMRL-42,609,0
2025-05-21,HMRL-19,519,0
2025-05-21,HMRL-26,603,0
2025-05-21,HMRL-16,675,0
2025-05-21,HMRL-10,502,0
2025-05-21,HMRL-57,684,0
2025-05-21,HMRL-28,683,0
2025-05-21,HMRL-03,569,0
2025-05-21,HMRL-31,696,3
2025-05-21,HMRL-51,600,0
2025-05-20,HMRL-30,556,0
2025-05-20,HMRL-25,618,0
2025-05-20,HMRL-45,503,0
2025-05-20,HMRL-20,698,0
2025-05-20,HMRL-60,575,0
2025-05-20,HMRL-24,652,0
2025-05-20,HMRL-27,635,2
2025-05-20,HMRL-42,606,0
2025-05-20,HMRL-50,551,0
2025-05-20,HMRL-26,666,0
2025-05-20,HMRL-55,590,0
2025-05-20,HMRL-48,622,1
2025-05-20,HMRL-56,610,0
2025-05-20,HMRL-13,601,0
2025-05-20,HMRL-09,556,0
2025-05-20,HMRL-38,617,0
2025-05-20,HMRL-53,568,0
2025-05-20,HMRL-31,617,0
2025-05-20,HMRL-43,646,0
2025-05-20,HMRL-57,674,0
2025-05-20,HMRL-06,655,0
2025-05-20,HMRL-04,551,0
2025-05-20,HMRL-22,572,0
2025-05-20,HMRL-01,508,0
2025-05-20,HMRL-28,659,0
2025-05-20,HMRL-34,512,0
2025-05-20,HMRL-21,569,0
2025-05-20,HMRL-02,517,0
2025-05-20,HMRL-10,538,0
2025-05-20,HMRL-08,630,0
2025-05-20,HMRL-44,631,0
2025-05-20,HMRL-33,625,0
2025-05-20,HMRL-41,579,0
2025-05-20,HMRL-51,615,0
2025-05-20,HMRL-32,638,0
2025-05-20,HMRL-14,629,0
2025-05-20,HMRL-23,699,0
2025-05-20,HMRL-40,589,0
2025-05-20,HMRL-39,635,0
2025-05-20,HMRL-54,637,0
2025-05-20,HMRL-16,545,0
2025-05-20,HMRL-37,564,0
2025-05-20,HMRL-59,547,0
2025-05-20,HMRL-58,559,1
2025-05-20,HMRL-47,509,0
2025-05-20,HMRL-18,612,0
2025-05-20,HMRL-52,624,0
2025-05-19,HMRL-02,700,0
2025-05-19,HMRL-08,527,0
2025-05-19,HMRL-52,645,0
2025-05-19,HMRL-13,560,0
2025-05-19,HMRL-55,637,0
2025-05-19,HMRL-49,667,0
2025-05-19,HMRL-58,516,0
2025-05-19,HMRL-14,631,0
2025-05-19,HMRL-25,681,0
2025-05-19,HMRL-29,648,0
2025-05-19,HMRL-10,506,0
2025-05-19,HMRL-47,612,0
2025-05-19,HMRL-43,577,0
2025-05-19,HMRL-06,578,0
2025-05-19,HMRL-05,567,0
2025-05-19,HMRL-21,639,0
2025-05-19,HMRL-54,694,0
2025-05-19,HMRL-51,565,0
2025-05-19,HMRL-34,626,0
2025-05-19,HMRL-46,523,0
2025-05-19,HMRL-18,680,0
2025-05-19,HMRL-60,518,0
2025-05-19,HMRL-35,675,0
2025-05-19,HMRL-11,636,0
2025-05-19,HMRL-38,505,0
2025-05-19,HMRL-12,609,0
2025-05-19,HMRL-19,512,0
2025-05-19,HMRL-26,633,3
2025-05-19,HMRL-20,574,0
2025-05-19,HMRL-31,520,0
2025-05-19,HMRL-32,663,0
2025-05-19,HMRL-45,684,0
2025-05-19,HMRL-27,526,0
2025-05-19,HMRL-28,619,0
2025-05-19,HMRL-33,655,0
2025-05-19,HMRL-04,500,0
2025-05-19,HMRL-48,620,3
2025-05-19,HMRL-59,587,0
2025-05-19,HMRL-15,690,0
2025-05-19,HMRL-03,641,0
2025-05-19,HMRL-53,673,0
2025-05-19,HMRL-37,622,0
2025-05-19,HMRL-39,675,0
2025-05-19,HMRL-09,679,0
2025-05-19,HMRL-56,623,0
2025-05-19,HMRL-42,501,0
2025-05-19,HMRL-57,521,0
2025-05-18,HMRL-56,473,0
2025-05-18,HMRL-27,429,0
2025-05-18,HMRL-06,457,0
2025-05-18,HMRL-29,392,0
2025-05-18,HMRL-23,367,0
2025-05-18,HMRL-38,371,0
2025-05-18,HMRL-36,346,0
2025-05-18,HMRL-39,301,0
2025-05-18,HMRL-28,380,0
2025-05-18,HMRL-12,386,0
2025-05-18,HMRL-50,454,0
2025-05-18,HMRL-10,325,0
2025-05-18,HMRL-44,394,0
2025-05-18,HMRL-20,326,0
2025-05-18,HMRL-40,439,0
2025-05-18,HMRL-47,392,0
2025-05-18,HMRL-41,363,0
2025-05-18,HMRL-30,352,0
2025-05-18,HMRL-59,303,0
2025-05-18,HMRL-17,355,0
2025-05-18,HMRL-07,362,0
2025-05-18,HMRL-18,381,0
2025-05-18,HMRL-55,381,0
2025-05-18,HMRL-60,483,0
2025-05-18,HMRL-33,371,0
2025-05-18,HMRL-14,478,0
2025-05-18,HMRL-51,489,0
2025-05-18,HMRL-24,389,0
2025-05-18,HMRL-05,423,0
2025-05-18,HMRL-45,410,0
2025-05-18,HMRL-19,411,0
2025-05-18,HMRL-02,301,0
2025-05-18,HMRL-03,357,0
2025-05-18,HMRL-01,303,0
2025-05-18,HMRL-32,366,0
2025-05-18,HMRL-13,383,0
2025-05-18,HMRL-08,484,0
2025-05-18,HMRL-46,378,0
2025-05-18,HMRL-09,343,0
2025-05-18,HMRL-31,374,1
2025-05-18,HMRL-26,438,0
2025-05-18,HMRL-21,397,0
2025-05-18,HMRL-15,488,0
2025-05-18,HMRL-16,412,0
2025-05-18,HMRL-48,447,0
2025-05-18,HMRL-42,487,0
2025-05-18,HMRL-22,305,0
2025-05-18,HMRL-58,492,0
2025-05-18,HMRL-49,463,0
2025-05-18,HMRL-43,429,0
2025-05-17,HMRL-25,412,0
2025-05-17,HMRL-02,450,0
2025-05-17,HMRL-34,302,0
2025-05-17,HMRL-04,476,0
2025-05-17,HMRL-24,385,0
2025-05-17,HMRL-23,347,0
2025-05-17,HMRL-35,449,0
2025-05-17,HMRL-09,319,0
2025-05-17,HMRL-44,480,0
2025-05-17,HMRL-53,500,0
2025-05-17,HMRL-27,468,0
2025-05-17,HMRL-10,399,0
2025-05-17,HMRL-13,384,0
2025-05-17,HMRL-46,491,0
2025-05-17,HMRL-43,349,0
2025-05-17,HMRL-06,424,0
2025-05-17,HMRL-50,399,0
2025-05-17,HMRL-30,373,0
2025-05-17,HMRL-56,340,0
2025-05-17,HMRL-59,398,0
2025-05-17,HMRL-05,343,0
2025-05-17,HMRL-45,438,0
2025-05-17,HMRL-42,468,0
2025-05-17,HMRL-48,371,0
2025-05-17,HMRL-51,365,0
2025-05-17,HMRL-29,333,0
2025-05-17,HMRL-41,475,0
2025-05-17,HMRL-14,331,0
2025-05-17,HMRL-20,314,0
2025-05-17,HMRL-60,443,0
2025-05-17,HMRL-57,396,1
2025-05-17,HMRL-52,445,0
2025-05-17,HMRL-28,466,0
2025-05-17,HMRL-49,453,0
2025-05-17,HMRL-15,319,0
2025-05-17,HMRL-16,435,0
2025-05-17,HMRL-11,484,0
2025-05-17,HMRL-37,336,0
2025-05-17,HMRL-18,449,0
2025-05-17,HMRL-17,487,0
2025-05-17,HMRL-33,378,0
2025-05-17,HMRL-07,424,0
2025-05-17,HMRL-31,479,0
2025-05-17,HMRL-03,327,0
2025-05-17,HMRL-08,362,0
2025-05-16,HMRL-41,630,0
2025-05-16,HMRL-01,642,0
2025-05-16,HMRL-24,573,0
2025-05-16,HMRL-25,697,0
2025-05-16,HMRL-39,624,0
2025-05-16,HMRL-22,528,0
2025-05-16,HMRL-42,544,0
2025-05-16,HMRL-54,682,0
2025-05-16,HMRL-49,626,0
2025-05-16,HMRL-27,554,0
2025-05-16,HMRL-12,700,0
2025-05-16,HMRL-21,698,0
2025-05-16,HMRL-60,683,0
2025-05-16,HMRL-03,675,0
2025-05-16,HMRL-44,514,0
2025-05-16,HMRL-38,559,0
2025-05-16,HMRL-57,576,0
2025-05-16,HMRL-40,511,0
2025-05-16,HMRL-20,620,0
2025-05-16,HMRL-05,624,0
2025-05-16,HMRL-09,697,0
2025-05-16,HMRL-14,683,0
2025-05-16,HMRL-52,545,0
2025-05-16,HMRL-11,531,0
2025-05-16,HMRL-36,508,0
2025-05-16,HMRL-34,691,0
2025-05-16,HMRL-59,618,0
2025-05-16,HMRL-33,523,0
2025-05-16,HMRL-46,677,0
2025-05-16,HMRL-32,526,0
2025-05-16,HMRL-35,598,0
2025-05-16,HMRL-17,677,0
2025-05-16,HMRL-47,599,0
2025-05-16,HMRL-28,675,0
2025-05-16,HMRL-30,534,0
2025-05-16,HMRL-15,614,0
2025-05-16,HMRL-04,504,0
2025-05-16,HMRL-10,680,0
2025-05-16,HMRL-53,535,0
2025-05-16,HMRL-06,580,0
2025-05-16,HMRL-07,641,0
2025-05-16,HMRL-13,581,0
2025-05-16,HMRL-26,542,0
2025-05-16,HMRL-08,566,0
2025-05-16,HMRL-56,588,0
2025-05-15,HMRL-11,603,0
2025-05-15,HMRL-57,536,0
2025-05-15,HMRL-26,540,1
2025-05-15,HMRL-06,593,1
2025-05-15,HMRL-36,641,1
2025-05-15,HMRL-37,552,0
2025-05-15,HMRL-07,589,0
2025-05-15,HMRL-01,552,0
2025-05-15,HMRL-55,528,0
2025-05-15,HMRL-23,681,0
2025-05-15,HMRL-15,533,0
2025-05-15,HMRL-54,517,1
2025-05-15,HMRL-03,647,0
2025-05-15,HMRL-02,530,0
2025-05-15,HMRL-05,509,0
2025-05-15,HMRL-30,592,0
2025-05-15,HMRL-39,686,0
2025-05-15,HMRL-43,525,0
2025-05-15,HMRL-12,668,0
2025-05-15,HMRL-21,651,0
2025-05-15,HMRL-46,551,1
2025-05-15,HMRL-50,650,0
2025-05-15,HMRL-58,538,0
2025-05-15,HMRL-60,500,0
2025-05-15,HMRL-10,523,0
2025-05-15,HMRL-13,551,0
2025-05-15,HMRL-47,661,0
2025-05-15,HMRL-40,606,0
2025-05-15,HMRL-14,560,0
2025-05-15,HMRL-22,556,0
2025-05-15,HMRL-44,557,0
2025-05-15,HMRL-34,632,0
2025-05-15,HMRL-59,592,0
2025-05-15,HMRL-53,551,0
2025-05-15,HMRL-19,525,0
2025-05-15,HMRL-41,629,0
2025-05-15,HMRL-18,641,0
2025-05-15,HMRL-48,600,0
2025-05-15,HMRL-20,596,0
2025-05-15,HMRL-56,511,0
2025-05-15,HMRL-27,632,0
2025-05-15,HMRL-51,531,0
2025-05-15,HMRL-09,592,1
2025-05-15,HMRL-35,504,0
2025-05-15,HMRL-17,565,0
2025-05-15,HMRL-29,594,0
2025-05-15,HMRL-32,592,0
2025-05-15,HMRL-42,672,0
2025-05-15,HMRL-04,574,0
2025-05-14,HMRL-42,540,0
2025-05-14,HMRL-11,672,0
2025-05-14,HMRL-04,631,0
2025-05-14,HMRL-07,572,0
2025-05-14,HMRL-33,687,0
2025-05-14,HMRL-57,610,0
2025-05-14,HMRL-49,637,0
2025-05-14,HMRL-60,662,0
2025-05-14,HMRL-39,694,0
2025-05-14,HMRL-02,700,0
2025-05-14,HMRL-09,502,0
2025-05-14,HMRL-14,500,0
2025-05-14,HMRL-59,642,0
2025-05-14,HMRL-01,520,0
2025-05-14,HMRL-55,558,0
2025-05-14,HMRL-25,672,0
2025-05-14,HMRL-23,572,0
2025-05-14,HMRL-46,692,0
2025-05-14,HMRL-52,564,0
2025-05-14,HMRL-34,536,0
2025-05-14,HMRL-36,681,0
2025-05-14,HMRL-53,620,2
2025-05-14,HMRL-47,612,0
2025-05-14,HMRL-26,586,0
2025-05-14,HMRL-51,575,0
2025-05-14,HMRL-08,594,0
2025-05-14,HMRL-32,643,0
2025-05-14,HMRL-44,512,0
2025-05-14,HMRL-03,658,0
2025-05-14,HMRL-15,609,0
2025-05-14,HMRL-48,589,0
2025-05-14,HMRL-58,550,0
2025-05-14,HMRL-24,608,0
2025-05-14,HMRL-19,565,0
2025-05-14,HMRL-06,614,0
2025-05-14,HMRL-13,651,0
2025-05-14,HMRL-31,605,0
2025-05-14,HMRL-16,509,0
2025-05-14,HMRL-21,656,0
2025-05-14,HMRL-12,540,0
2025-05-14,HMRL-38,514,0
2025-05-14,HMRL-50,529,0
2025-05-14,HMRL-45,610,0
2025-05-14,HMRL-29,613,1
2025-05-14,HMRL-18,607,0
2025-05-14,HMRL-30,625,0
2025-05-13,HMRL-12,554,0
2025-05-13,HMRL-24,656,0
2025-05-13,HMRL-11,658,0
2025-05-13,HMRL-22,526,2
2025-05-13,HMRL-21,695,0
2025-05-13,HMRL-13,639,0
2025-05-13,HMRL-43,649,0
2025-05-13,HMRL-54,669,0
2025-05-13,HMRL-06,611,0
2025-05-13,HMRL-55,534,0
2025-05-13,HMRL-17,700,0
2025-05-13,HMRL-48,597,0
2025-05-13,HMRL-52,571,0
2025-05-13,HMRL-29,622,0
2025-05-13,HMRL-27,618,0
2025-05-13,HMRL-60,591,0
2025-05-13,HMRL-45,584,0
2025-05-13,HMRL-35,642,0
2025-05-13,HMRL-02,590,0
2025-05-13,HMRL-37,666,0
2025-05-13,HMRL-23,578,0
2025-05-13,HMRL-20,646,0
2025-05-13,HMRL-05,539,0
2025-05-13,HMRL-32,503,0
2025-05-13,HMRL-59,648,0
2025-05-13,HMRL-18,631,0
2025-05-13,HMRL-03,502,0
2025-05-13,HMRL-07,588,0
2025-05-13,HMRL-25,695,0
2025-05-13,HMRL-08,564,0
2025-05-13,HMRL-15,673,0
2025-05-13,HMRL-39,582,0
2025-05-13,HMRL-42,536,0
2025-05-13,HMRL-44,672,0
2025-05-13,HMRL-41,638,0
2025-05-13,HMRL-53,586,0
2025-05-13,HMRL-09,530,0
2025-05-13,HMRL-26,531,0
2025-05-13,HMRL-49,644,0
2025-05-13,HMRL-40,635,0
2025-05-13,HMRL-04,635,0
2025-05-13,HMRL-30,654,0
2025-05-13,HMRL-33,510,0
2025-05-13,HMRL-56,586,0
2025-05-12,HMRL-32,611,0
2025-05-12,HMRL-15,641,0
2025-05-12,HMRL-57,562,0
2025-05-12,HMRL-01,677,0
2025-05-12,HMRL-47,581,0
2025-05-12,HMRL-43,595,0
2025-05-12,HMRL-35,608,0
2025-05-12,HMRL-59,653,0
2025-05-12,HMRL-52,659,0
2025-05-12,HMRL-04,596,0
2025-05-12,HMRL-53,604,0
2025-05-12,HMRL-36,683,0
2025-05-12,HMRL-34,542,0
2025-05-12,HMRL-19,558,0
2025-05-12,HMRL-02,510,0
2025-05-12,HMRL-07,662,0
2025-05-12,HMRL-28,646,0
2025-05-12,HMRL-41,510,0
2025-05-12,HMRL-31,603,0
2025-05-12,HMRL-30,674,0
2025-05-12,HMRL-26,527,0
2025-05-12,HMRL-38,567,0
2025-05-12,HMRL-10,548,0
2025-05-12,HMRL-05,632,0
2025-05-12,HMRL-08,559,0
2025-05-12,HMRL-46,647,0
2025-05-12,HMRL-22,613,0
2025-05-12,HMRL-58,677,0
2025-05-12,HMRL-60,664,0
2025-05-12,HMRL-29,610,0
2025-05-12,HMRL-51,684,0
2025-05-12,HMRL-56,649,1
2025-05-12,HMRL-50,540,0
2025-05-12,HMRL-54,547,0
2025-05-12,HMRL-20,609,0
2025-05-12,HMRL-12,613,0
2025-05-12,HMRL-16,669,0
2025-05-12,HMRL-39,563,0
2025-05-12,HMRL-23,517,0
2025-05-12,HMRL-25,519,0
2025-05-12,HMRL-09,567,0
2025-05-12,HMRL-33,519,0
2025-05-12,HMRL-14,672,0
2025-05-12,HMRL-55,530,0
2025-05-12,HMRL-48,691,0
2025-05-12,HMRL-17,605,0
2025-05-12,HMRL-40,527,0
2025-05-12,HMRL-49,573,0
2025-05-11,HMRL-02,311,0
2025-05-11,HMRL-29,440,0
2025-05-11,HMRL-14,421,0
2025-05-11,HMRL-17,326,0
2025-05-11,HMRL-30,410,0
2025-05-11,HMRL-35,312,0
2025-05-11,HMRL-31,367,0
2025-05-11,HMRL-51,430,0
2025-05-11,HMRL-49,309,0
2025-05-11,HMRL-15,471,0
2025-05-11,HMRL-47,372,0
2025-05-11,HMRL-23,483,0
2025-05-11,HMRL-20,434,0
2025-05-11,HMRL-08,410,0
2025-05-11,HMRL-18,477,0
2025-05-11,HMRL-21,439,0
2025-05-11,HMRL-52,495,0
2025-05-11,HMRL-27,351,0
2025-05-11,HMRL-48,476,0
2025-05-11,HMRL-59,415,0
2025-05-11,HMRL-13,495,0
2025-05-11,HMRL-05,488,0
2025-05-11,HMRL-07,490,0
2025-05-11,HMRL-26,378,0
2025-05-11,HMRL-33,466,0
2025-05-11,HMRL-55,498,0
2025-05-11,HMRL-45,434,0
2025-05-11,HMRL-12,358,0
2025-05-11,HMRL-37,328,0
2025-05-11,HMRL-40,402,0
2025-05-11,HMRL-50,405,0
2025-05-11,HMRL-16,347,0
2025-05-11,HMRL-34,350,0
2025-05-11,HMRL-24,404,0
2025-05-11,HMRL-01,324,0
2025-05-11,HMRL-32,359,0
2025-05-11,HMRL-46,421,0
2025-05-11,HMRL-28,478,0
2025-05-11,HMRL-57,424,0
2025-05-11,HMRL-42,499,0
2025-05-11,HMRL-09,442,0
2025-05-11,HMRL-56,353,0
2025-05-11,HMRL-43,347,0
2025-05-11,HMRL-38,428,0
2025-05-10,HMRL-60,319,0
2025-05-10,HMRL-12,430,0
2025-05-10,HMRL-06,413,0
2025-05-10,HMRL-13,356,0
2025-05-10,HMRL-26,438,0
2025-05-10,HMRL-32,462,0
2025-05-10,HMRL-05,493,0
2025-05-10,HMRL-27,498,0
2025-05-10,HMRL-04,339,0
2025-05-10,HMRL-42,347,0
2025-05-10,HMRL-16,465,0
2025-05-10,HMRL-50,324,0
2025-05-10,HMRL-33,446,0
2025-05-10,HMRL-20,451,0
2025-05-10,HMRL-54,498,0
2025-05-10,HMRL-31,432,0
2025-05-10,HMRL-34,362,0
2025-05-10,HMRL-30,498,0
2025-05-10,HMRL-56,412,0
2025-05-10,HMRL-01,376,0
2025-05-10,HMRL-10,406,0
2025-05-10,HMRL-48,387,0
2025-05-10,HMRL-55,472,0
2025-05-10,HMRL-47,499,0
2025-05-10,HMRL-41,359,0
2025-05-10,HMRL-45,477,0
2025-05-10,HMRL-11,441,0
2025-05-10,HMRL-53,371,0
2025-05-10,HMRL-17,309,0
2025-05-10,HMRL-38,370,0
2025-05-10,HMRL-35,319,0
2025-05-10,HMRL-03,443,0
2025-05-10,HMRL-36,300,0
2025-05-10,HMRL-44,412,3
2025-05-10,HMRL-23,340,0
2025-05-10,HMRL-28,493,0
2025-05-10,HMRL-08,372,0
2025-05-10,HMRL-19,378,0
2025-05-10,HMRL-29,403,0
2025-05-10,HMRL-14,414,0
2025-05-10,HMRL-49,442,0
2025-05-10,HMRL-18,317,0
2025-05-09,HMRL-52,590,0
2025-05-09,HMRL-60,623,0
2025-05-09,HMRL-09,682,0
2025-05-09,HMRL-59,634,0
2025-05-09,HMRL-29,535,0
2025-05-09,HMRL-30,570,0
2025-05-09,HMRL-27,629,0
2025-05-09,HMRL-02,518,0
2025-05-09,HMRL-46,674,0
2025-05-09,HMRL-54,631,0
2025-05-09,HMRL-49,549,0
2025-05-09,HMRL-13,579,0
2025-05-09,HMRL-40,644,0
2025-05-09,HMRL-42,548,0
2025-05-09,HMRL-44,596,0
2025-05-09,HMRL-22,568,0
2025-05-09,HMRL-41,546,0
2025-05-09,HMRL-05,599,0
2025-05-09,HMRL-16,515,0
2025-05-09,HMRL-51,622,0
2025-05-09,HMRL-36,544,0
2025-05-09,HMRL-37,650,0
2025-05-09,HMRL-38,518,0
2025-05-09,HMRL-04,694,0
2025-05-09,HMRL-28,559,0
2025-05-09,HMRL-24,605,0
2025-05-09,HMRL-31,541,0
2025-05-09,HMRL-19,500,0
2025-05-09,HMRL-43,630,0
2025-05-09,HMRL-23,685,0
2025-05-09,HMRL-14,577,0
2025-05-09,HMRL-33,565,0
2025-05-09,HMRL-18,656,0
2025-05-09,HMRL-58,640,0
2025-05-09,HMRL-21,631,0
2025-05-09,HMRL-08,581,0
2025-05-09,HMRL-55,530,0
2025-05-09,HMRL-50,526,0
2025-05-09,HMRL-25,651,0
2025-05-09,HMRL-45,500,0
2025-05-09,HMRL-47,685,0
2025-05-09,HMRL-12,552,0
2025-05-09,HMRL-35,552,0
2025-05-09,HMRL-03,560,0
2025-05-09,HMRL-57,577,0
2025-05-08,HMRL-38,672,0
2025-05-08,HMRL-19,668,0
2025-05-08,HMRL-12,520,0
2025-05-08,HMRL-23,603,0
2025-05-08,HMRL-03,575,0
2025-05-08,HMRL-05,595,0
2025-05-08,HMRL-26,618,0
2025-05-08,HMRL-24,523,0
2025-05-08,HMRL-29,575,0
2025-05-08,HMRL-53,694,0
2025-05-08,HMRL-51,599,0
2025-05-08,HMRL-21,615,0
2025-05-08,HMRL-31,585,0
2025-05-08,HMRL-20,592,0
2025-05-08,HMRL-34,504,0
2025-05-08,HMRL-25,548,0
2025-05-08,HMRL-14,546,0
2025-05-08,HMRL-41,595,0
2025-05-08,HMRL-10,634,0
2025-05-08,HMRL-36,661,0
2025-05-08,HMRL-55,680,0
2025-05-08,HMRL-01,611,0
2025-05-08,HMRL-32,596,0
2025-05-08,HMRL-39,639,0
2025-05-08,HMRL-22,685,0
2025-05-08,HMRL-54,529,0
2025-05-08,HMRL-04,693,0
2025-05-08,HMRL-43,642,0
2025-05-08,HMRL-49,663,0
2025-05-08,HMRL-16,557,0
2025-05-08,HMRL-07,634,0
2025-05-08,HMRL-17,585,1
2025-05-08,HMRL-57,599,0
2025-05-08,HMRL-60,644,0
2025-05-08,HMRL-45,615,0
2025-05-08,HMRL-42,542,0
2025-05-08,HMRL-46,690,0
2025-05-08,HMRL-02,553,0
2025-05-08,HMRL-59,653,0
2025-05-08,HMRL-13,574,0
2025-05-08,HMRL-37,517,0
2025-05-08,HMRL-47,521,0
2025-05-08,HMRL-44,570,0
2025-05-08,HMRL-27,682,0
2025-05-08,HMRL-50,612,0
2025-05-08,HMRL-30,652,0
2025-05-08,HMRL-52,547,0
2025-05-07,HMRL-51,650,0
2025-05-07,HMRL-55,580,0
2025-05-07,HMRL-59,615,0
2025-05-07,HMRL-49,530,0
2025-05-07,HMRL-36,507,0
2025-05-07,HMRL-32,578,0
2025-05-07,HMRL-09,671,0
2025-05-07,HMRL-16,680,0
2025-05-07,HMRL-04,676,0
2025-05-07,HMRL-25,576,0
2025-05-07,HMRL-42,688,0
2025-05-07,HMRL-14,596,0
2025-05-07,HMRL-27,614,0
2025-05-07,HMRL-23,571,0
2025-05-07,HMRL-29,560,0
2025-05-07,HMRL-34,599,0
2025-05-07,HMRL-13,696,0
2025-05-07,HMRL-46,609,0
2025-05-07,HMRL-05,654,0
2025-05-07,HMRL-24,600,0
2025-05-07,HMRL-07,502,0
2025-05-07,HMRL-52,622,0
2025-05-07,HMRL-19,559,0
2025-05-07,HMRL-40,520,0
2025-05-07,HMRL-53,576,0
2025-05-07,HMRL-26,677,0
2025-05-07,HMRL-58,649,1
2025-05-07,HMRL-30,659,0
2025-05-07,HMRL-31,513,0
2025-05-07,HMRL-45,574,0
2025-05-07,HMRL-44,571,0
2025-05-07,HMRL-56,513,0
2025-05-07,HMRL-20,592,0
2025-05-07,HMRL-12,587,0
2025-05-07,HMRL-35,622,0
2025-05-07,HMRL-38,516,0
2025-05-07,HMRL-22,617,0
2025-05-07,HMRL-47,541,0
2025-05-07,HMRL-21,570,0
2025-05-07,HMRL-37,616,0
2025-05-07,HMRL-50,523,0
2025-05-07,HMRL-28,562,0
2025-05-07,HMRL-54,564,0
2025-05-07,HMRL-33,501,0
2025-05-07,HMRL-43,639,0
2025-05-07,HMRL-39,643,0
2025-05-07,HMRL-08,507,0
2025-05-07,HMRL-02,605,0
